# Blender 5.0.1
# www.blender.org
o TRexSkull
v -1.074107 0.003725 0.306732
v -1.074375 0.003875 0.293492
v -1.048304 -0.023506 0.333013
v -1.051446 -0.029959 0.311385
v -1.051446 -0.029959 0.288615
v -1.048465 -0.023611 0.267471
v -1.022600 -0.020984 0.360073
v -1.011388 -0.058190 0.330319
v -1.028641 -0.038339 0.338927
v -1.042431 -0.007982 0.352180
v -1.021242 -0.058156 0.311202
v -1.020879 -0.058315 0.288474
v -1.017789 -0.054511 0.270734
v -1.028641 -0.038338 0.261074
v -1.041354 -0.008981 0.247416
v -1.000682 -0.034135 0.362090
v -1.002212 -0.012091 0.373036
v -0.998062 -0.050060 0.350191
v -0.999910 -0.067387 0.312365
v -0.999910 -0.067387 0.287635
v -0.999960 -0.060489 0.265881
v -0.996662 -0.050821 0.249888
v -0.969901 -0.001991 0.386400
v -0.959047 -0.056197 0.356333
v -0.973915 -0.041496 0.364887
v -0.973693 -0.063548 0.341427
v -0.973583 -0.072643 0.314118
v -0.973583 -0.072643 0.285882
v -0.973693 -0.063548 0.258573
v -1.022342 -0.021424 0.240064
v -1.003729 -0.026867 0.234277
v -0.959055 -0.056202 0.243676
v -0.973915 -0.041496 0.235113
v -0.969773 -0.001914 0.213594
v -0.935276 0.000442 0.387962
v -0.943910 -0.037707 0.369755
v -0.944523 -0.064927 0.342417
v -0.920285 -0.053437 0.353677
v -0.944806 -0.074120 0.314450
v -0.944806 -0.074120 0.285550
v -0.944523 -0.064927 0.257583
v -0.918975 -0.052457 0.245816
v -0.906755 -0.035004 0.364589
v -0.916114 -0.012849 0.378600
v -0.906202 -0.062272 0.335281
v -0.915755 -0.070980 0.313351
v -0.915755 -0.070980 0.286649
v -0.905790 -0.062186 0.264760
v -0.886867 -0.013106 0.368113
v -0.885255 -0.044310 0.344717
v -0.874490 -0.025500 0.353993
v -0.874494 -0.057218 0.309052
v -0.865874 -0.048008 0.316706
v -0.874020 -0.057294 0.291541
v -0.870643 -0.041981 0.266030
v -0.879603 -0.037602 0.251451
v -0.864094 0.007230 0.364010
v -0.854584 -0.027381 0.331458
v -0.855666 -0.014690 0.344752
v -0.851164 -0.033557 0.283913
v -0.855618 -0.014668 0.255046
v -0.837676 0.005737 0.334634
v -0.844912 -0.029017 0.307122
v -0.837792 -0.012233 0.313434
v -0.842598 -0.025522 0.292274
v -0.838506 0.000815 0.267212
v -0.944619 -0.043160 0.234040
v -0.945163 -0.004202 0.213045
v -0.906576 -0.034967 0.235404
v -0.912644 -0.004203 0.217926
v -0.926255 0.002087 0.212733
v -0.886751 -0.013140 0.231651
v -0.866745 -0.000620 0.236743
v -0.260806 -0.002308 0.044165
v -0.223067 0.006292 0.097207
v -0.237196 0.000471 0.075886
v -0.176596 -0.030648 0.036840
v -0.182551 -0.032018 0.013777
v -0.149565 0.000209 0.120280
v -0.120352 -0.021573 0.103949
v -0.157794 -0.029614 0.062277
v -0.129209 -0.029142 0.084818
v -0.091291 -0.045210 0.045841
v -0.082936 0.002000 0.145272
v -0.109261 -0.003040 0.130968
v -0.086081 -0.040720 0.071893
v -0.087044 -0.048737 0.014436
v -0.030200 -0.032266 0.121702
v -0.056219 -0.019363 0.133437
v -0.023796 -0.041307 0.101672
v 0.015007 -0.006874 0.162775
v 0.039213 -0.056254 0.076855
v 0.017152 -0.059931 0.042995
v 0.006705 -0.060964 0.013777
v -1.074671 0.034616 0.328982
v -1.073618 0.067013 0.330542
v -1.075844 0.012262 0.312209
v -1.079881 0.045447 0.310754
v -1.078509 0.070774 0.311811
v -1.075689 0.087898 0.308683
v -1.076226 0.013314 0.287326
v -1.079881 0.045447 0.289246
v -1.077579 0.076629 0.285343
v -1.075391 0.087898 0.290481
v -1.073588 0.026884 0.271966
v -1.074328 0.045854 0.268111
v -1.073726 0.065342 0.269214
v -1.050945 0.038582 0.359353
v -1.049942 0.081926 0.356372
v -1.061786 0.015961 0.341292
v -1.065153 0.045091 0.343647
v -1.055608 0.100583 0.339965
v -1.049192 0.120476 0.332539
v -1.053635 0.124965 0.313365
v -1.054672 0.123237 0.287493
v -1.061786 0.015961 0.258709
v -1.055602 0.100585 0.260034
v -1.045677 0.121088 0.262155
v -1.033145 0.014757 0.367113
v -1.025730 0.044961 0.375800
v -1.031767 0.073162 0.370476
v -1.029953 0.100909 0.364021
v -1.011113 0.127866 0.361615
v -1.038763 0.124061 0.343712
v -1.020581 0.149346 0.332582
v -1.023371 0.154871 0.312513
v -1.027994 0.151369 0.285168
v -1.036572 0.113263 0.246503
v -1.021201 0.149735 0.267024
v -0.992280 0.036911 0.389523
v -0.995576 0.074143 0.387254
v -0.991899 0.090915 0.384969
v -1.005130 0.015058 0.380963
v -0.981949 0.149216 0.357720
v -1.012343 0.140983 0.350158
v -1.002242 0.155578 0.340349
v -0.992286 0.174836 0.309407
v -1.002337 0.168925 0.285074
v -0.980029 0.186056 0.284551
v -1.001583 0.147806 0.242885
v -1.004077 0.157929 0.258139
v -0.978905 0.225685 0.258062
v -0.978213 0.012798 0.389038
v -0.960487 0.044873 0.393752
v -0.959605 0.070922 0.393140
v -0.974131 0.094976 0.387619
v -0.973197 0.131950 0.370577
v -0.969861 0.173409 0.332199
v -0.972188 0.182150 0.312629
v -0.988831 0.177848 0.274731
v -0.988110 0.174356 0.254283
v -0.977032 0.197157 0.259350
v -1.049446 0.377660 0.237209
v -1.053978 0.427784 0.234348
v -1.048601 0.461114 0.238909
v -1.021409 0.343015 0.268784
v -1.020900 0.374393 0.277346
v -1.034535 0.419605 0.263968
v -1.022675 0.306274 0.250702
v -0.992153 0.338377 0.302792
v -0.991065 0.375496 0.312568
v -1.003983 0.405020 0.302004
v -1.010124 0.447483 0.294107
v -0.992206 0.472527 0.310115
v -0.998893 0.281548 0.269094
v -0.989467 0.300104 0.290590
v -0.960498 0.316281 0.326118
v -0.966885 0.360505 0.333408
v -0.976650 0.420035 0.330759
v -0.965033 0.478709 0.335211
v -0.961253 0.283433 0.310719
v -1.019441 0.504795 0.269012
v -1.021213 0.553805 0.241163
v -0.987452 0.522295 0.300629
v -0.985151 0.580001 0.271465
v -0.956176 0.522368 0.330247
v -0.955651 0.566367 0.310816
v -0.986083 0.548913 0.289523
v -0.986059 0.609589 0.245997
v -0.976426 0.636057 0.231304
v -1.050864 0.038542 0.240543
v -1.050190 0.071597 0.241970
v -1.043689 0.092400 0.241575
v -1.049764 0.230276 0.120215
v -1.048640 0.205391 0.058795
v -1.053815 0.221803 0.086413
v -1.069325 0.238633 0.043212
v -1.052181 0.204909 0.016864
v -1.033145 0.014757 0.232887
v -1.024962 0.044446 0.223849
v -1.024394 0.069847 0.224613
v -1.030014 0.228328 0.169791
v -1.025911 0.205663 0.144063
v -1.019006 0.180870 0.111733
v -1.024141 0.172257 0.059747
v -1.019540 0.160930 -0.000000
v -1.005134 0.015063 0.219036
v -0.985523 0.113117 0.213755
v -1.003671 0.131424 0.233060
v -0.997961 0.210201 0.213302
v -1.026072 0.252093 0.205460
v -0.991329 0.033722 0.210599
v -0.973254 0.102330 0.205197
v -0.994861 0.183769 0.181425
v -0.981294 0.158456 0.164899
v -0.980770 0.142803 0.123472
v -0.989407 0.137704 0.073878
v -1.005513 0.148688 0.044030
v -0.999936 0.139938 0.000001
v -0.985044 0.135964 0.217069
v -0.985927 0.163927 0.226493
v -0.985559 0.192963 0.227957
v -0.987331 0.213887 0.236761
v -0.962422 0.008774 0.209884
v -0.970731 0.073911 0.205594
v -0.969717 0.133839 0.193427
v -0.982063 0.164660 0.194514
v -0.987881 0.184961 0.204549
v -0.967395 0.140455 0.164670
v -0.957940 0.111327 0.078924
v -0.967253 0.113324 0.046891
v -0.979610 0.120678 0.000000
v -1.109088 0.418911 0.086914
v -1.109487 0.377343 0.061272
v -1.111412 0.443897 0.058946
v -1.109237 0.353913 0.029813
v -1.114241 0.405526 0.024371
v -1.112977 0.376709 0.000001
v -1.114214 0.444144 0.015386
v -1.077124 0.403174 0.186876
v -1.077467 0.448489 0.184249
v -1.078911 0.320321 0.146787
v -1.080413 0.344484 0.159891
v -1.079245 0.376314 0.175971
v -1.091382 0.404101 0.146906
v -1.090758 0.434810 0.149162
v -1.086080 0.480153 0.150076
v -1.078533 0.287660 0.113635
v -1.097054 0.373557 0.118103
v -1.075691 0.268407 0.094434
v -1.096091 0.329662 0.088179
v -1.102934 0.475799 0.089028
v -1.083079 0.272789 0.064014
v -1.094469 0.295844 0.029924
v -1.109460 0.484787 0.031825
v -1.079853 0.255828 0.014828
v -1.104104 0.325439 0.000001
v -1.050283 0.316158 0.210381
v -1.048476 0.350598 0.230431
v -1.051763 0.275062 0.176605
v -1.077264 0.500964 0.165009
v -1.049807 0.248844 0.150721
v -1.023543 0.269519 0.225907
v -1.049850 0.492385 0.227118
v -1.084206 0.534104 0.114297
v -1.093124 0.538295 0.061038
v -1.081833 0.571600 0.058697
v -1.104425 0.513385 -0.000001
v -1.092664 0.552440 -0.000000
v -1.080485 0.582917 0.014433
v -1.047253 0.531831 0.211655
v -1.049559 0.570184 0.176829
v -1.073753 0.545997 0.136659
v -1.050215 0.598063 0.139383
v -1.051206 0.613801 0.106814
v -1.075447 0.570066 0.098430
v -1.068706 0.599121 0.059862
v -1.047024 0.633536 0.071501
v -1.055381 0.629251 0.024008
v -1.018881 0.580151 0.224639
v -1.020901 0.629543 0.164373
v -1.019378 0.652685 0.126034
v -1.018866 0.666816 0.089222
v -1.035404 0.658079 0.027483
v -0.985371 0.650668 0.200572
v -1.018771 0.607095 0.197684
v -0.987484 0.670352 0.165476
v -0.991373 0.689809 0.112531
v -0.990786 0.700722 0.074771
v -1.006903 0.691677 0.030470
v -0.966535 0.704061 0.136608
v -0.959993 0.723897 0.094082
v -0.984236 0.713913 0.029508
v -0.957719 0.735973 0.029002
v -0.945504 0.019651 0.391827
v -0.946502 0.092293 0.389563
v -0.945712 0.125088 0.376403
v -0.934487 0.153305 0.357957
v -0.932492 0.180979 0.329791
v -0.946852 0.188608 0.317271
v -0.949588 0.226755 0.290644
v -0.952316 0.202968 0.292817
v -0.962479 0.205911 0.273596
v -0.962177 0.217575 0.272897
v -0.906667 0.025516 0.388606
v -0.919643 0.045544 0.391822
v -0.918263 0.072158 0.390551
v -0.919810 0.093141 0.387084
v -0.897325 0.015406 0.383306
v -0.915661 0.137686 0.365436
v -0.914456 0.167243 0.343193
v -0.906168 0.186135 0.331895
v -0.917034 0.226418 0.318527
v -0.920383 0.197941 0.320503
v -0.933613 0.206035 0.303762
v -0.932525 0.217916 0.302433
v -0.897880 0.050559 0.387975
v -0.890861 0.085372 0.380322
v -0.891194 0.130702 0.361758
v -0.884546 0.166139 0.338639
v -0.883556 0.194274 0.332973
v -0.883638 0.226677 0.338671
v -0.863163 0.168001 0.330575
v -0.870748 0.183855 0.330237
v -0.899682 0.203033 0.325969
v -0.856910 0.045483 0.365834
v -0.851296 0.073082 0.360223
v -0.870004 0.113892 0.359784
v -0.822185 0.261147 0.382676
v -0.846503 0.020827 0.353433
v -0.842301 0.124647 0.331236
v -0.862725 0.132642 0.344090
v -0.850767 0.150458 0.330761
v -0.854821 0.199635 0.337785
v -0.847018 0.211461 0.345417
v -0.842608 0.181661 0.330976
v -0.843177 0.038419 0.238139
v -0.842903 0.060462 0.355279
v -0.834999 0.045254 0.342367
v -0.824990 0.107706 0.319292
v -0.810506 0.180736 0.335614
v -0.828937 0.015927 0.313363
v -0.824873 0.045397 0.314471
v -0.814609 0.095699 0.300828
v -0.822142 0.135844 0.319188
v -0.824529 0.163561 0.326081
v -0.828523 0.015907 0.286441
v -0.822700 0.045308 0.284792
v -0.814861 0.074669 0.284887
v -0.830158 0.045146 0.253525
v -0.816605 0.068544 0.254673
v -0.792017 0.213652 0.363037
v -0.780060 0.175450 0.337026
v -0.804429 0.116025 0.302330
v -0.794957 0.134854 0.308718
v -0.794792 0.158185 0.322636
v -0.803425 0.087818 0.274279
v -0.793098 0.105057 0.283446
v -0.784624 0.122364 0.294738
v -0.800405 0.083059 0.253837
v -0.785567 0.094110 0.257922
v -0.750442 0.204790 0.363872
v -0.763163 0.140371 0.309093
v -0.760565 0.111956 0.277804
v -0.761564 0.097972 0.255640
v -0.719886 0.241832 0.389570
v -0.734931 0.180471 0.345935
v -0.704749 0.083889 0.231061
v -0.933178 0.360905 0.361023
v -0.941084 0.403900 0.360025
v -0.940029 0.436366 0.360776
v -0.930828 0.482333 0.362121
v -0.927026 0.283643 0.339316
v -0.898017 0.419952 0.389444
v -0.898110 0.297269 0.364543
v -0.919857 0.333163 0.363573
v -0.870093 0.333092 0.391449
v -0.882317 0.378539 0.394083
v -0.891871 0.459215 0.389293
v -0.859721 0.281947 0.377928
v -0.837958 0.302253 0.394577
v -0.845716 0.406256 0.411512
v -0.844282 0.448695 0.411319
v -0.813181 0.365553 0.418635
v -0.806093 0.403882 0.423815
v -0.806529 0.448085 0.423255
v -0.788648 0.336874 0.418822
v -0.777481 0.377669 0.427171
v -0.779036 0.435551 0.428981
v -0.798686 0.269589 0.393340
v -0.748997 0.333559 0.423331
v -0.748211 0.404225 0.432721
v -0.747068 0.476499 0.429009
v -0.760808 0.246558 0.388669
v -0.748748 0.294447 0.411058
v -0.735695 0.361524 0.429088
v -0.734895 0.434895 0.433285
v -0.928767 0.570569 0.331110
v -0.921886 0.608229 0.311814
v -0.954228 0.610460 0.281571
v -0.951813 0.657866 0.237296
v -0.923521 0.516351 0.357835
v -0.899773 0.551348 0.359794
v -0.892857 0.609863 0.330962
v -0.891479 0.638231 0.310330
v -0.924092 0.637948 0.285748
v -0.921482 0.666272 0.258949
v -0.876951 0.505332 0.388422
v -0.882745 0.577599 0.356737
v -0.861995 0.632622 0.332172
v -0.891670 0.664956 0.285158
v -0.862900 0.692273 0.274425
v -0.892913 0.691793 0.253262
v -0.858575 0.507306 0.395930
v -0.851679 0.547147 0.385886
v -0.855675 0.595884 0.360190
v -0.859006 0.664612 0.306424
v -0.857451 0.722378 0.237763
v -0.804072 0.486585 0.418941
v -0.830877 0.538920 0.396357
v -0.819585 0.618047 0.360421
v -0.827752 0.657774 0.327485
v -0.798781 0.663256 0.332300
v -0.814326 0.692662 0.298887
v -0.828048 0.722591 0.254652
v -0.775704 0.512067 0.418856
v -0.807955 0.569701 0.391497
v -0.796588 0.605381 0.374716
v -0.798412 0.721509 0.269274
v -0.765846 0.580645 0.394631
v -0.778600 0.633329 0.361451
v -0.764881 0.660714 0.341693
v -0.766214 0.695830 0.308276
v -0.733762 0.545754 0.411638
v -0.720075 0.598173 0.389567
v -0.737065 0.640636 0.360760
v -0.722257 0.680071 0.328407
v -0.722140 0.702120 0.306062
v -0.745297 0.727603 0.273068
v -0.763618 0.750138 0.237469
v -0.734933 0.754199 0.234909
v -0.936283 0.072330 0.200180
v -0.945973 0.100173 0.194556
v -0.947576 0.119989 0.184056
v -0.931020 0.115803 0.170715
v -0.946449 0.124559 0.163186
v -0.951908 0.121977 0.135119
v -0.932327 0.088404 0.052454
v -0.942108 0.091496 -0.000000
v -0.916004 0.070478 0.198090
v -0.921577 0.097920 0.184752
v -0.932321 0.113655 0.181024
v -0.918244 0.104290 0.160255
v -0.922592 0.088390 0.088642
v -0.902161 0.068878 0.029127
v -0.871485 0.044620 0.215171
v -0.866391 0.057449 0.208661
v -0.895111 0.046799 0.206106
v -0.886018 0.070294 0.192994
v -0.900121 0.088521 0.181891
v -0.879974 0.079772 0.165361
v -0.898330 0.092151 0.164944
v -0.884492 0.079424 0.135646
v -0.876017 0.059371 0.060229
v -0.868553 0.052332 0.004514
v -0.854180 0.045718 0.221965
v -0.838726 0.061612 0.208758
v -0.854555 0.066478 0.195711
v -0.853597 0.070970 0.165799
v -0.838183 0.055164 0.110990
v -0.856002 0.067631 0.135564
v -0.861661 0.058280 0.087904
v -0.835490 0.056184 0.228055
v -0.818825 0.068833 0.227212
v -0.826468 0.067246 0.199572
v -0.800011 0.048303 0.122363
v -0.818950 0.064965 0.170062
v -0.831688 0.043315 0.056365
v -0.813632 0.035041 0.014919
v -0.787463 0.083241 0.233762
v -0.795504 0.069848 0.197888
v -0.779356 0.030394 0.056598
v -0.792343 0.029846 -0.007248
v -0.761286 0.079708 0.222179
v -0.768483 0.063739 0.185647
v -0.759713 0.033470 0.089048
v -0.752111 0.025459 0.024349
v -0.720024 0.059489 0.181792
v -0.749750 0.047338 0.144641
v -0.718493 0.030797 0.089358
v -0.739282 0.027714 0.061367
v -0.956284 0.692442 0.180853
v -0.923679 0.691975 0.223656
v -0.919391 0.721948 0.177679
v -0.889686 0.723096 0.209735
v -0.929927 0.729805 0.143395
v -0.932961 0.751204 0.052291
v -0.940208 0.749701 -0.005635
v -0.899037 0.756138 0.122059
v -0.918980 0.753823 0.089695
v -0.903120 0.770633 0.028927
v -0.897263 0.744346 0.157849
v -0.866641 0.784966 0.057103
v -0.870507 0.786813 -0.004873
v -0.865951 0.750427 0.181033
v -0.856830 0.766474 0.148498
v -0.860172 0.778818 0.104807
v -0.842803 0.796348 0.015519
v -0.828603 0.750846 0.209320
v -0.821554 0.779900 0.145738
v -0.810758 0.793356 0.105441
v -0.817708 0.800786 0.053984
v -0.795429 0.750692 0.226376
v -0.795706 0.781994 0.158818
v -0.777777 0.809730 0.057284
v -0.792576 0.810099 0.007499
v -0.764495 0.779985 0.176746
v -0.765550 0.801719 0.106791
v -0.749195 0.814397 0.031309
v -0.719984 0.793226 0.146636
v -0.724696 0.809225 0.089445
v -0.703716 0.199319 0.360777
v -0.689751 0.173961 0.339555
v -0.704711 0.136149 0.303275
v -0.688282 0.113228 0.273861
v -0.661672 0.205484 0.360570
v -0.662273 0.149044 0.311280
v -0.675487 0.090142 0.237634
v -0.644887 0.234175 0.374841
v -0.626587 0.180028 0.331033
v -0.642543 0.118478 0.269583
v -0.622271 0.218285 0.358615
v -0.615408 0.152102 0.299606
v -0.612698 0.117926 0.255768
v -0.587262 0.240812 0.359533
v -0.580660 0.200069 0.327929
v -0.583393 0.154741 0.286678
v -0.582727 0.117438 0.237773
v -0.562033 0.176995 0.296342
v -0.560705 0.209008 0.324170
v -0.522536 0.158049 0.250010
v -0.527488 0.253515 0.333556
v -0.494079 0.224683 0.292045
v -0.507704 0.194868 0.276335
v -0.492430 0.168011 0.247590
v -0.491775 0.192465 0.266546
v -0.478172 0.208534 0.272451
v -0.692601 0.335442 0.423858
v -0.705126 0.393016 0.432816
v -0.704256 0.448149 0.432728
v -0.691382 0.296357 0.411747
v -0.663510 0.393045 0.428997
v -0.661085 0.446991 0.428631
v -0.678859 0.248625 0.389594
v -0.651610 0.335230 0.418475
v -0.633597 0.268822 0.391188
v -0.627696 0.362459 0.418397
v -0.618399 0.406107 0.419795
v -0.617707 0.434541 0.419521
v -0.626984 0.475332 0.418576
v -0.601940 0.291465 0.390738
v -0.572267 0.320523 0.388774
v -0.572659 0.344470 0.395040
v -0.565764 0.380050 0.397627
v -0.578812 0.407468 0.405225
v -0.562271 0.258511 0.357361
v -0.545943 0.285985 0.361965
v -0.547477 0.355280 0.384308
v -0.487230 0.284901 0.322822
v -0.500242 0.320933 0.344716
v -0.481995 0.258862 0.307128
v -0.716754 0.510487 0.423381
v -0.690830 0.544447 0.411371
v -0.704795 0.648247 0.355390
v -0.660378 0.503213 0.420608
v -0.679779 0.592537 0.389150
v -0.662053 0.633305 0.361710
v -0.644733 0.672333 0.330223
v -0.697217 0.730431 0.269800
v -0.647534 0.540167 0.406118
v -0.634311 0.576288 0.388897
v -0.624320 0.642298 0.347775
v -0.645399 0.699183 0.305820
v -0.643274 0.717746 0.279657
v -0.600877 0.538335 0.393751
v -0.623603 0.564005 0.391255
v -0.595243 0.562207 0.381993
v -0.615926 0.666631 0.334588
v -0.621301 0.699029 0.310831
v -0.623828 0.716189 0.286993
v -0.619068 0.730308 0.262797
v -0.587580 0.498868 0.399920
v -0.580119 0.529010 0.388661
v -0.588219 0.612249 0.353812
v -0.584912 0.644692 0.341838
v -0.593377 0.682617 0.332364
v -0.564493 0.706534 0.338880
v -0.594193 0.704834 0.321165
v -0.548043 0.584260 0.349449
v -0.538342 0.685553 0.355896
v -0.536089 0.702580 0.357374
v -0.552976 0.617194 0.340046
v -0.552890 0.642553 0.338965
v -0.551826 0.675232 0.346598
v -0.544776 0.624718 0.332757
v -0.544701 0.633568 0.332845
v -0.526492 0.617149 0.332984
v -0.527223 0.640879 0.339207
v -0.524820 0.663239 0.350100
v -0.535188 0.633264 0.332750
v -0.470240 0.657632 0.358224
v -0.494829 0.676961 0.363507
v -0.478799 0.704136 0.370278
v -0.505288 0.624910 0.331201
v -0.495960 0.643631 0.342862
v -0.477958 0.626818 0.326268
v -0.689625 0.751181 0.238556
v -0.642664 0.736383 0.252697
v -0.601288 0.719074 0.302419
v -0.604436 0.726126 0.285472
v -0.564066 0.722045 0.330982
v -0.587406 0.739690 0.256619
v -0.543861 0.744117 0.319784
v -0.536808 0.751663 0.310716
v -0.552157 0.750093 0.286893
v -0.563932 0.746446 0.254102
v -0.507009 0.724231 0.359771
v -0.526295 0.734528 0.344114
v -0.503680 0.750844 0.335239
v -0.507968 0.762815 0.285090
v -0.490080 0.764787 0.257637
v -0.491963 0.741351 0.352063
v -0.494523 0.761207 0.312905
v -0.704571 0.048099 0.148760
v -0.689751 0.025629 0.029997
v -0.676493 0.060089 0.177187
v -0.672620 0.042536 0.121099
v -0.680977 0.031153 0.077834
v -0.637641 0.088430 0.221521
v -0.646567 0.065650 0.177684
v -0.631532 0.058030 0.150388
v -0.630025 0.046537 0.105728
v -0.658353 0.030800 0.055345
v -0.643987 0.030421 -0.000000
v -0.604602 0.090837 0.208355
v -0.608135 0.059395 0.133560
v -0.623161 0.039022 0.054394
v -0.604272 0.040883 -0.000000
v -0.581482 0.086306 0.180107
v -0.554984 0.067853 0.098914
v -0.553146 0.063514 0.075169
v -0.549615 0.060523 0.046341
v -0.522964 0.140059 0.228425
v -0.539105 0.105476 0.181882
v -0.547130 0.083004 0.140052
v -0.547065 0.058865 -0.000000
v -0.521880 0.122215 0.199930
v -0.521964 0.104878 0.170306
v -0.509200 0.116114 0.182362
v -0.524594 0.079110 0.121322
v -0.524379 0.063894 0.060661
v -0.501181 0.058024 0.043286
v -0.502966 0.055559 0.008106
v -0.527944 0.060136 -0.000000
v -0.494627 0.139775 0.219461
v -0.468827 0.119854 0.199031
v -0.494908 0.123762 0.197381
v -0.474381 0.099289 0.169486
v -0.496427 0.102841 0.165772
v -0.491626 0.081358 0.129772
v -0.493357 0.068629 0.099247
v -0.498795 0.062952 0.073462
v -0.478678 0.716992 0.152154
v -0.481224 0.717251 0.132424
v -0.713305 0.777666 0.188756
v -0.690510 0.812442 0.056807
v -0.705312 0.815689 -0.001081
v -0.668617 0.778863 0.177520
v -0.673354 0.796161 0.125745
v -0.662648 0.812557 0.003778
v -0.631224 0.782619 0.148068
v -0.669615 0.806715 0.082742
v -0.656899 0.808971 0.055333
v -0.627265 0.805636 -0.003424
v -0.615854 0.744331 0.229730
v -0.603282 0.750314 0.208808
v -0.600888 0.790790 0.079627
v -0.597876 0.796128 0.029548
v -0.584548 0.744387 0.228337
v -0.582876 0.748320 0.203935
v -0.576169 0.754695 0.176158
v -0.600028 0.782653 0.117845
v -0.568310 0.778010 0.086753
v -0.556247 0.746214 0.231499
v -0.555873 0.746090 0.194025
v -0.547753 0.747159 0.164812
v -0.535370 0.769825 0.029205
v -0.565249 0.784225 0.027189
v -0.523342 0.747057 0.216679
v -0.525195 0.742221 0.192782
v -0.522326 0.739226 0.165447
v -0.526073 0.746085 0.131362
v -0.511611 0.750737 0.075294
v -0.476306 0.759015 0.229221
v -0.494628 0.740863 0.194450
v -0.492398 0.729136 0.164558
v -0.501623 0.732013 0.130874
v -0.503293 0.750973 0.030965
v -0.463474 0.223432 0.282070
v -0.464730 0.181183 0.256063
v -0.438386 0.194346 0.268184
v -0.429294 0.234220 0.289956
v -0.440138 0.160267 0.245464
v -0.359808 0.237972 0.305978
v -0.382035 0.169162 0.268161
v -0.375736 0.130346 0.241427
v -0.357222 0.207285 0.294242
v -0.320056 0.204545 0.298569
v -0.332082 0.157397 0.270779
v -0.326529 0.125485 0.247593
v -0.300967 0.230570 0.310608
v -0.267290 0.148068 0.270591
v -0.267170 0.206511 0.302836
v -0.269287 0.176915 0.287985
v -0.273464 0.125637 0.252815
v -0.255258 0.237611 0.315100
v -0.235480 0.122273 0.250393
v -0.463062 0.284495 0.310832
v -0.460980 0.257411 0.298025
v -0.433072 0.281469 0.305324
v -0.405497 0.285900 0.310378
v -0.398501 0.321257 0.317706
v -0.328006 0.317585 0.329346
v -0.350682 0.357162 0.328234
v -0.370776 0.338059 0.323939
v -0.310326 0.297298 0.328539
v -0.300063 0.360624 0.334009
v -0.321187 0.407376 0.329336
v -0.294105 0.265842 0.322185
v -0.268631 0.318796 0.333329
v -0.284675 0.415441 0.331439
v -0.284744 0.454312 0.322646
v -0.255033 0.287210 0.329000
v -0.232269 0.344144 0.335195
v -0.242187 0.373462 0.335326
v -0.254864 0.432794 0.329001
v -0.266184 0.484830 0.314191
v -0.450396 0.678908 0.371436
v -0.464645 0.643170 0.343642
v -0.463846 0.628626 0.325308
v -0.418304 0.704756 0.377150
v -0.396321 0.637637 0.340175
v -0.448357 0.629905 0.325784
v -0.393852 0.656834 0.361787
v -0.404952 0.678896 0.374080
v -0.399098 0.618892 0.306958
v -0.361667 0.679182 0.372833
v -0.368005 0.705167 0.376188
v -0.352996 0.640018 0.339350
v -0.364215 0.624762 0.313491
v -0.380785 0.608507 0.290527
v -0.345702 0.659156 0.360062
v -0.364320 0.595666 0.276545
v -0.335302 0.613576 0.287442
v -0.352329 0.584752 0.270217
v -0.321162 0.602314 0.274105
v -0.305568 0.663273 0.356229
v -0.295711 0.679250 0.362641
v -0.302749 0.703839 0.367406
v -0.294947 0.655416 0.344012
v -0.313406 0.504432 0.303703
v -0.297617 0.628838 0.297992
v -0.320560 0.530895 0.290333
v -0.328997 0.549092 0.279722
v -0.283017 0.587318 0.268156
v -0.277644 0.670329 0.350693
v -0.284968 0.516330 0.300798
v -0.265165 0.643714 0.308234
v -0.303350 0.567083 0.273613
v -0.266803 0.624839 0.279077
v -0.267585 0.611068 0.268623
v -0.270798 0.686948 0.356677
v -0.267461 0.704628 0.356471
v -0.244427 0.663478 0.325801
v -0.235597 0.676414 0.330894
v -0.240142 0.521837 0.299303
v -0.237001 0.573504 0.271546
v -0.255948 0.637485 0.287860
v -0.244510 0.631190 0.270252
v -0.451806 0.731275 0.367095
v -0.433242 0.747051 0.358129
v -0.457136 0.755126 0.343750
v -0.447298 0.767385 0.314735
v -0.448383 0.771837 0.285243
v -0.419950 0.771817 0.256636
v -0.390766 0.729372 0.371162
v -0.390299 0.760473 0.339546
v -0.378856 0.769576 0.314335
v -0.389979 0.773874 0.285016
v -0.370442 0.747540 0.357672
v -0.348490 0.769494 0.254367
v -0.345090 0.732171 0.365979
v -0.305304 0.742193 0.351212
v -0.330299 0.755269 0.339858
v -0.329449 0.769348 0.285011
v -0.301687 0.724744 0.362098
v -0.297443 0.760290 0.312120
v -0.280283 0.748667 0.330825
v -0.272390 0.758250 0.285110
v -0.285870 0.759391 0.257152
v -0.271445 0.719814 0.354484
v -0.259595 0.729571 0.340012
v -0.234986 0.735961 0.314000
v -0.244640 0.746495 0.303556
v -0.235348 0.741004 0.256026
v -0.243509 0.748241 0.264722
v -0.463035 0.139573 0.221807
v -0.424923 0.059536 0.133346
v -0.382588 0.101470 0.212021
v -0.392840 0.082898 0.186447
v -0.419026 0.029709 0.045181
v -0.422318 0.027864 0.015936
v -0.396126 0.063187 0.156318
v -0.390675 0.033124 0.092909
v -0.407273 0.031623 0.071650
v -0.359305 0.037716 0.122654
v -0.364604 0.019789 0.059644
v -0.364281 0.015047 0.014889
v -0.318674 0.096269 0.221247
v -0.328194 0.072181 0.191186
v -0.330133 0.059502 0.173138
v -0.327419 0.030689 0.119366
v -0.277743 0.059161 0.180759
v -0.269091 0.009185 0.076687
v -0.290651 0.005513 0.043906
v -0.292258 0.002770 0.015998
v -0.270158 0.077625 0.205034
v -0.259374 0.018070 0.104935
v -0.236413 0.025715 0.125145
v -0.451777 0.697474 0.150229
v -0.458687 0.707929 0.154355
v -0.451908 0.695815 0.143245
v -0.459048 0.703955 0.135159
v -0.456467 0.714977 0.053463
v -0.454971 0.717903 -0.000001
v -0.443549 0.696048 0.150800
v -0.434089 0.705486 0.157627
v -0.443602 0.693353 0.143520
v -0.417534 0.687821 0.124763
v -0.435290 0.695434 0.135344
v -0.425336 0.690498 0.097413
v -0.423252 0.694110 0.064049
v -0.430690 0.701602 0.049385
v -0.431534 0.706922 -0.000000
v -0.391507 0.693317 0.144642
v -0.402963 0.687346 0.105056
v -0.411667 0.692485 0.063526
v -0.401805 0.696916 0.047615
v -0.399613 0.700851 0.016283
v -0.370566 0.703847 0.161396
v -0.366942 0.689414 0.108291
v -0.319670 0.693852 0.154040
v -0.314627 0.689673 0.134939
v -0.322262 0.706917 0.055203
v -0.322599 0.711205 0.015596
v -0.317235 0.705653 0.171076
v -0.309887 0.691700 0.121118
v -0.291714 0.702372 0.175632
v -0.273528 0.689654 0.161364
v -0.265984 0.706433 0.076218
v -0.269876 0.712493 0.043776
v -0.271881 0.715075 0.014571
v -0.258626 0.700019 0.188712
v -0.235381 0.688179 0.191321
v -0.250536 0.687445 0.141486
v -0.485804 0.746463 0.204673
v -0.463273 0.723684 0.172252
v -0.418669 0.764335 0.229400
v -0.439868 0.732512 0.184522
v -0.416648 0.753000 0.207876
v -0.357137 0.762525 0.228747
v -0.356402 0.737584 0.192552
v -0.351624 0.751092 0.207864
v -0.287842 0.742650 0.215888
v -0.283989 0.752012 0.232333
v -0.315534 0.733252 0.196493
v -0.275309 0.727255 0.205062
v -0.254717 0.733943 0.225146
v -0.203123 0.214355 0.305080
v -0.211050 0.178313 0.287805
v -0.182502 0.154393 0.270933
v -0.196216 0.123727 0.248905
v -0.150118 0.230857 0.304984
v -0.147926 0.207412 0.295221
v -0.150653 0.113542 0.232905
v -0.151856 0.146734 0.260545
v -0.118242 0.170816 0.269351
v -0.088824 0.186944 0.271022
v -0.100188 0.224893 0.291820
v -0.077255 0.148486 0.241874
v -0.019643 0.173429 0.235650
v -0.036773 0.197901 0.257918
v -0.220418 0.303799 0.331386
v -0.218403 0.416107 0.331327
v -0.224493 0.265661 0.323135
v -0.210535 0.450733 0.323520
v -0.175980 0.314740 0.329529
v -0.155756 0.371931 0.330134
v -0.177538 0.406621 0.329521
v -0.179975 0.273320 0.321811
v -0.151949 0.348611 0.329438
v -0.149162 0.435764 0.319881
v -0.134916 0.477515 0.306541
v -0.135252 0.260280 0.311390
v -0.122363 0.317512 0.320328
v -0.106164 0.407437 0.316410
v -0.098828 0.336078 0.316733
v -0.087435 0.375530 0.314684
v -0.070553 0.438804 0.302406
v -0.088190 0.466248 0.299691
v -0.030998 0.363814 0.298792
v -0.045011 0.406276 0.300077
v -0.008641 0.466620 0.271586
v 0.012447 0.435655 0.270966
v -0.216023 0.699701 0.325174
v -0.210443 0.489659 0.311303
v -0.237330 0.658117 0.309558
v -0.212252 0.684052 0.311579
v -0.232471 0.650279 0.285644
v -0.216888 0.665699 0.285062
v -0.224480 0.591113 0.261811
v -0.221477 0.616293 0.253922
v -0.224282 0.640924 0.260674
v -0.213529 0.661587 0.259864
v -0.216878 0.687289 0.323533
v -0.184631 0.521448 0.296274
v -0.209309 0.704360 0.310497
v -0.206424 0.682791 0.284304
v -0.203855 0.703302 0.284656
v -0.198184 0.594139 0.254777
v -0.188690 0.603206 0.246450
v -0.205907 0.679821 0.256802
v -0.205121 0.702100 0.258573
v -0.150327 0.502666 0.299989
v -0.156025 0.561315 0.269677
v -0.119962 0.536542 0.277154
v -0.092668 0.494942 0.290083
v -0.086852 0.546078 0.262664
v -0.090430 0.580265 0.239113
v -0.061655 0.520376 0.269003
v -0.030682 0.495565 0.269245
v -0.038874 0.559340 0.235472
v 0.000424 0.525421 0.239040
v -0.230279 0.719477 0.326900
v -0.237172 0.746325 0.283681
v -0.212994 0.720726 0.303385
v -0.210087 0.722234 0.283351
v -0.211913 0.721277 0.259559
v -0.238271 0.096554 0.226383
v -0.207872 0.075130 0.200236
v -0.214613 0.037808 0.148273
v -0.177671 0.093911 0.218135
v -0.164534 0.051328 0.166132
v -0.187301 0.020880 0.129757
v -0.190521 0.007716 0.113246
v -0.166114 0.033575 0.146584
v -0.137267 0.068687 0.181497
v -0.135722 0.047973 0.161989
v -0.148550 0.019822 0.137426
v -0.111288 0.123403 0.231352
v -0.097472 0.083724 0.187467
v -0.109614 0.041072 0.158235
v -0.098731 0.066693 0.174040
v -0.048045 0.105224 0.191164
v -0.070755 0.021248 0.155963
v -0.073963 0.044669 0.162412
v -0.044183 0.071253 0.170236
v -0.012406 0.136916 0.204886
v -0.023488 0.104518 0.183667
v 0.006309 0.017515 0.169574
v -0.014948 0.044732 0.167548
v -0.005342 0.071391 0.169596
v -0.014439 0.095269 0.176557
v -0.208267 0.628219 0.240954
v -0.209751 0.643921 0.239830
v -0.210126 0.659969 0.241085
v -0.219654 0.686911 0.213696
v -0.217138 0.719069 0.241988
v -0.236528 0.697508 0.203634
v -0.225146 0.680093 0.167946
v -0.208152 0.703326 0.085295
v -0.210036 0.711419 0.044988
v -0.212183 0.714346 0.015029
v -0.190569 0.625041 0.232717
v -0.193260 0.646052 0.221809
v -0.206619 0.673601 0.227134
v -0.211699 0.700520 0.236215
v -0.184446 0.654115 0.198969
v -0.202484 0.669444 0.196893
v -0.186207 0.667049 0.172601
v -0.193342 0.671131 0.169176
v -0.194352 0.680354 0.146382
v -0.185872 0.690775 0.118479
v -0.168520 0.632752 0.215281
v -0.155816 0.641158 0.198809
v -0.165917 0.647485 0.194789
v -0.146694 0.689803 0.106774
v -0.150885 0.702751 0.059567
v -0.142363 0.706438 0.015629
v -0.111200 0.598694 0.229517
v -0.099837 0.658060 0.152455
v -0.118190 0.671889 0.133832
v -0.086720 0.626494 0.191141
v -0.105440 0.685365 0.093997
v -0.061891 0.630653 0.173865
v -0.093625 0.689313 0.069157
v -0.077051 0.690072 0.041096
v -0.062215 0.688350 0.011150
v -0.052545 0.593630 0.212529
v -0.031741 0.598101 0.196888
v -0.060811 0.658033 0.128155
v -0.031844 0.658225 0.101426
v 0.016519 0.597803 0.164825
v -0.030095 0.626860 0.159553
v 0.001775 0.627484 0.132692
v -0.015628 0.660273 0.075422
v 0.000667 0.659271 0.046270
v -1.022600 -0.020984 -0.239928
v -1.000682 -0.034134 -0.237910
v -1.002212 -0.012091 -0.226964
v -0.970021 -0.002158 -0.213693
v -0.959047 -0.056197 -0.243667
v -0.973915 -0.041496 -0.235113
v -1.074107 0.003725 -0.293268
v -1.074375 0.003875 -0.306508
v -1.048304 -0.023505 -0.266987
v -1.051446 -0.029959 -0.288615
v -1.051446 -0.029959 -0.311385
v -1.048465 -0.023611 -0.332530
v -1.011388 -0.058190 -0.269681
v -1.028641 -0.038338 -0.261074
v -1.042431 -0.007982 -0.247820
v -1.021242 -0.058156 -0.288798
v -1.020879 -0.058315 -0.311526
v -1.017789 -0.054511 -0.329266
v -1.028641 -0.038339 -0.338927
v -1.041354 -0.008981 -0.352584
v -1.022342 -0.021423 -0.359937
v -0.998063 -0.050060 -0.249809
v -0.999910 -0.067387 -0.287635
v -0.999910 -0.067387 -0.312365
v -0.999960 -0.060489 -0.334119
v -0.996662 -0.050821 -0.350112
v -1.003728 -0.026863 -0.365726
v -0.973693 -0.063548 -0.258573
v -0.973583 -0.072643 -0.285882
v -0.973583 -0.072643 -0.314118
v -0.973693 -0.063548 -0.341427
v -0.959055 -0.056202 -0.356324
v -0.973915 -0.041496 -0.364887
v -0.969643 -0.001843 -0.386455
v -0.944920 -0.003838 -0.212869
v -0.944619 -0.043160 -0.234040
v -0.926685 0.004207 -0.211797
v -0.906617 -0.035041 -0.235460
v -0.917350 -0.001525 -0.215407
v -0.885618 -0.009673 -0.230147
v -0.867682 -0.001288 -0.236289
v -0.944523 -0.064927 -0.257583
v -0.920296 -0.053443 -0.246326
v -0.944806 -0.074120 -0.285550
v -0.944806 -0.074120 -0.314450
v -0.944523 -0.064927 -0.342417
v -0.918968 -0.052453 -0.354186
v -0.943519 -0.037690 -0.369754
v -0.935106 0.000358 -0.387913
v -0.906201 -0.062272 -0.264720
v -0.915755 -0.070980 -0.286649
v -0.915755 -0.070980 -0.313351
v -0.905791 -0.062186 -0.335242
v -0.906727 -0.034910 -0.364673
v -0.916114 -0.012849 -0.378600
v -0.881325 -0.038665 -0.251146
v -0.873718 -0.057116 -0.291771
v -0.866512 -0.048038 -0.282414
v -0.874883 -0.057434 -0.309433
v -0.870623 -0.041916 -0.334045
v -0.879250 -0.036995 -0.348905
v -0.874793 -0.009453 -0.364082
v -0.856933 -0.022516 -0.259329
v -0.848661 -0.024290 -0.275055
v -0.858867 -0.041121 -0.314533
v -0.843096 -0.009693 -0.332328
v -0.855667 -0.014690 -0.344752
v -0.838588 0.000805 -0.266965
v -0.842556 -0.025442 -0.291833
v -0.844912 -0.029017 -0.307122
v -0.837792 -0.012233 -0.313434
v -0.258507 -0.003533 -0.042089
v -0.232983 -0.003206 -0.069990
v -0.163220 -0.009989 -0.101290
v -0.182728 -0.031893 -0.014386
v -0.175364 -0.030235 -0.042395
v -0.153481 -0.027986 -0.071454
v -0.116335 -0.005909 -0.125556
v -0.104080 -0.030906 -0.093351
v -0.116677 -0.022504 -0.104256
v -0.089077 -0.048429 -0.014506
v -0.094940 -0.044620 -0.044388
v -0.086080 -0.040720 -0.071893
v -0.086225 0.002473 -0.144553
v -0.029438 -0.032541 -0.121413
v -0.058420 -0.019194 -0.133010
v -0.023796 -0.041307 -0.101672
v 0.013943 -0.007081 -0.162205
v 0.006409 -0.060904 -0.014233
v 0.014983 -0.059747 -0.042676
v 0.040336 -0.056454 -0.076620
v -1.049631 0.201459 -0.022257
v -1.070763 0.238411 -0.028575
v -1.049367 0.210243 -0.072838
v -1.050955 0.038547 -0.240663
v -1.045375 0.070953 -0.237398
v -1.045909 0.096810 -0.245409
v -1.032743 0.181173 -0.044993
v -1.018768 0.172070 -0.085419
v -1.049336 0.221320 -0.103003
v -1.022225 0.187280 -0.116904
v -1.028988 0.213251 -0.150058
v -1.027498 0.243282 -0.193626
v -1.033145 0.014757 -0.232887
v -1.025715 0.044820 -0.224181
v -1.030324 0.101072 -0.235839
v -1.007881 0.131270 -0.235927
v -0.997998 0.141214 -0.049197
v -0.979951 0.141635 -0.122176
v -0.981676 0.159013 -0.165091
v -0.994103 0.182340 -0.180680
v -0.992561 0.036211 -0.210617
v -0.992791 0.081563 -0.211544
v -1.005134 0.015063 -0.219036
v -0.984961 0.111973 -0.213403
v -1.004415 0.144249 -0.242669
v -0.994569 0.204949 -0.214984
v -0.988199 0.211393 -0.232838
v -0.962084 0.116806 -0.090025
v -0.967395 0.140455 -0.164670
v -0.978355 0.012594 -0.211038
v -0.967375 0.068450 -0.205007
v -0.971251 0.103564 -0.203881
v -0.969717 0.133839 -0.193427
v -0.982063 0.164660 -0.194514
v -0.987881 0.184961 -0.204549
v -0.985044 0.135964 -0.217069
v -0.985927 0.163927 -0.226493
v -0.985559 0.192963 -0.227957
v -1.109472 0.353940 -0.027345
v -1.114681 0.420803 -0.024776
v -1.110907 0.478695 -0.020123
v -1.109525 0.376144 -0.059928
v -1.109805 0.474596 -0.045819
v -1.109103 0.417584 -0.086603
v -1.087488 0.273970 -0.015036
v -1.079491 0.264126 -0.064386
v -1.092160 0.296548 -0.055633
v -1.097899 0.328376 -0.075270
v -1.105833 0.458289 -0.086274
v -1.077582 0.278179 -0.104798
v -1.091994 0.334915 -0.112284
v -1.097053 0.373556 -0.118103
v -1.080444 0.313263 -0.135347
v -1.091061 0.404676 -0.148098
v -1.090997 0.435205 -0.148290
v -1.085247 0.481445 -0.152251
v -1.078691 0.343025 -0.163177
v -1.079171 0.376189 -0.176076
v -1.075863 0.405433 -0.189718
v -1.049929 0.248762 -0.150338
v -1.050850 0.274005 -0.177686
v -1.057041 0.296853 -0.183875
v -1.078939 0.452344 -0.180245
v -1.053514 0.427034 -0.235297
v -1.049891 0.345602 -0.226216
v -1.049472 0.377221 -0.237069
v -1.048644 0.461496 -0.238753
v -1.024249 0.270521 -0.225548
v -1.028906 0.305565 -0.240968
v -1.050271 0.491540 -0.226671
v -1.083658 0.574315 -0.026473
v -1.093124 0.538296 -0.061038
v -1.098864 0.494239 -0.090914
v -1.077443 0.571467 -0.088279
v -1.085543 0.525051 -0.118433
v -1.069867 0.603280 -0.028450
v -1.049980 0.637922 -0.023302
v -1.049746 0.628844 -0.073905
v -1.078729 0.545387 -0.122108
v -1.049493 0.590076 -0.152985
v -1.076830 0.508309 -0.160839
v -1.046322 0.577183 -0.176420
v -1.049215 0.522179 -0.213486
v -1.020227 0.677447 -0.015692
v -1.025706 0.665769 -0.060033
v -1.050212 0.616319 -0.105033
v -1.019285 0.657582 -0.114930
v -1.033723 0.627480 -0.135203
v -1.022335 0.625194 -0.168045
v -1.051467 0.552687 -0.188008
v -1.021199 0.555298 -0.240221
v -0.987040 0.712393 -0.013781
v -1.003077 0.692698 -0.053263
v -0.990399 0.690719 -0.112776
v -0.989953 0.672229 -0.157362
v -1.018287 0.594138 -0.213043
v -0.992104 0.639859 -0.203428
v -0.969760 0.723196 -0.057929
v -0.961486 0.715964 -0.117035
v -0.970185 0.651601 -0.221424
v -0.960465 0.687542 -0.183104
v -0.973613 0.623278 -0.248350
v -1.074671 0.034616 -0.271018
v -1.073635 0.066985 -0.269486
v -1.076000 0.012425 -0.288017
v -1.079782 0.058438 -0.286082
v -1.075163 0.088299 -0.290401
v -1.076079 0.013245 -0.312941
v -1.079881 0.045447 -0.310754
v -1.077286 0.076718 -0.315304
v -1.075873 0.087544 -0.308749
v -1.073588 0.026884 -0.328034
v -1.074327 0.045865 -0.331892
v -1.073705 0.065411 -0.330812
v -1.061786 0.015961 -0.258709
v -1.065153 0.045091 -0.256353
v -1.055602 0.100585 -0.260034
v -1.044999 0.121904 -0.262060
v -1.054672 0.123237 -0.287493
v -1.053635 0.124965 -0.313365
v -1.061786 0.015961 -0.341292
v -1.049856 0.104693 -0.345930
v -1.049192 0.120476 -0.332539
v -1.050858 0.038605 -0.359474
v -1.049617 0.081710 -0.356827
v -1.021201 0.149735 -0.267024
v -1.027993 0.151369 -0.285168
v -1.023371 0.154871 -0.312513
v -1.032340 0.132345 -0.341080
v -1.020581 0.149346 -0.332582
v -1.033145 0.014757 -0.367113
v -1.025159 0.044790 -0.376071
v -1.031767 0.073162 -0.370476
v -1.029606 0.109990 -0.360842
v -1.004077 0.157929 -0.258139
v -0.980217 0.225949 -0.256492
v -1.002337 0.168925 -0.285074
v -0.979959 0.186234 -0.284097
v -0.991785 0.175179 -0.309411
v -1.010059 0.148524 -0.344242
v -1.005130 0.015058 -0.380963
v -0.994895 0.073949 -0.387497
v -0.991289 0.091441 -0.385003
v -1.001040 0.130059 -0.364110
v -0.982379 0.149169 -0.357558
v -0.992242 0.036928 -0.389545
v -0.988110 0.174356 -0.254283
v -0.977032 0.197157 -0.259350
v -0.988831 0.177848 -0.274731
v -0.951096 0.226817 -0.289165
v -0.972101 0.181364 -0.315921
v -0.964767 0.176847 -0.329461
v -0.974118 0.095360 -0.387533
v -0.973197 0.131950 -0.370577
v -0.959293 0.013281 -0.391330
v -0.971049 0.059272 -0.393129
v -1.021383 0.342115 -0.268519
v -1.033379 0.419605 -0.265599
v -1.021161 0.373934 -0.276967
v -0.999187 0.293254 -0.275810
v -1.003233 0.404447 -0.302776
v -1.010409 0.447335 -0.293805
v -0.992001 0.338416 -0.303006
v -0.991130 0.375316 -0.312484
v -0.990501 0.464253 -0.313188
v -0.969973 0.288206 -0.305210
v -0.958453 0.313947 -0.327061
v -0.965363 0.359289 -0.334524
v -0.976683 0.420034 -0.330737
v -0.963466 0.479981 -0.336345
v -1.019374 0.505954 -0.268689
v -0.994493 0.598184 -0.245049
v -0.993440 0.508628 -0.299311
v -0.987757 0.555702 -0.284167
v -0.966252 0.590376 -0.284698
v -0.959151 0.525141 -0.326825
v -0.955167 0.567940 -0.310351
v -0.940239 0.093146 -0.050394
v -0.920882 0.101922 -0.142261
v -0.947296 0.125445 -0.161103
v -0.948469 0.027251 -0.206699
v -0.944650 0.073890 -0.201021
v -0.947576 0.119989 -0.184056
v -0.904750 0.070237 -0.029192
v -0.926066 0.089575 -0.085218
v -0.919546 0.105029 -0.163387
v -0.931714 0.116221 -0.170598
v -0.918445 0.046157 -0.204498
v -0.916832 0.073085 -0.196856
v -0.921577 0.097920 -0.184752
v -0.932321 0.113655 -0.181024
v -0.876262 0.059483 -0.060307
v -0.883279 0.078470 -0.133715
v -0.879974 0.079772 -0.165361
v -0.898330 0.092151 -0.164944
v -0.895111 0.046799 -0.206106
v -0.886018 0.070294 -0.192994
v -0.900121 0.088521 -0.181891
v -0.877580 0.042389 -0.213850
v -0.871435 0.058340 -0.206865
v -0.842118 0.043870 -0.029535
v -0.861104 0.058332 -0.089051
v -0.856002 0.067631 -0.135564
v -0.853597 0.070970 -0.165799
v -0.842493 0.059319 -0.210982
v -0.854555 0.066478 -0.195711
v -0.854179 0.045718 -0.221965
v -0.836311 0.051573 -0.097806
v -0.812847 0.060251 -0.156909
v -0.825042 0.065263 -0.166964
v -0.826467 0.067247 -0.199572
v -0.835490 0.056184 -0.228055
v -0.818825 0.068833 -0.227212
v -0.783097 0.031027 -0.055323
v -0.794868 0.069917 -0.197848
v -0.787455 0.083317 -0.233971
v -0.750268 0.025270 -0.016132
v -0.748595 0.027562 -0.057574
v -0.770318 0.033241 -0.082556
v -0.766337 0.043696 -0.125354
v -0.768549 0.063714 -0.185545
v -0.761247 0.079702 -0.222170
v -0.764595 0.094777 -0.249823
v -0.715440 0.030680 -0.089085
v -0.719754 0.046625 -0.146140
v -0.719304 0.059710 -0.182395
v -0.925763 0.719427 -0.174495
v -0.931320 0.686669 -0.223056
v -0.887463 0.724168 -0.210125
v -0.856398 0.722435 -0.238383
v -0.931688 0.752016 -0.052362
v -0.932389 0.745018 -0.090250
v -0.926231 0.732850 -0.142189
v -0.905653 0.769280 -0.029112
v -0.899546 0.766141 -0.077979
v -0.903506 0.756279 -0.112539
v -0.866371 0.785138 -0.056337
v -0.892162 0.750129 -0.150916
v -0.854487 0.780488 -0.106426
v -0.854465 0.767951 -0.147072
v -0.865734 0.750472 -0.181142
v -0.816166 0.804290 -0.014673
v -0.817706 0.800786 -0.053983
v -0.810758 0.793356 -0.105440
v -0.820377 0.779944 -0.146507
v -0.828010 0.750739 -0.209850
v -0.776157 0.810202 -0.055690
v -0.796992 0.781693 -0.158863
v -0.796210 0.750082 -0.227128
v -0.746557 0.814852 -0.026042
v -0.758878 0.804609 -0.098865
v -0.754179 0.780447 -0.179033
v -0.763156 0.750111 -0.237613
v -0.721533 0.809168 -0.089496
v -0.719983 0.793227 -0.146634
v -0.734562 0.755040 -0.233422
v -0.962479 0.205911 -0.273596
v -0.962177 0.217575 -0.272897
v -0.952316 0.202968 -0.292817
v -0.933701 0.180675 -0.330016
v -0.945835 0.188704 -0.316955
v -0.917913 0.227366 -0.318419
v -0.945589 0.124240 -0.376800
v -0.935309 0.152598 -0.358707
v -0.944089 0.059551 -0.393769
v -0.946502 0.092293 -0.389563
v -0.933612 0.206035 -0.303762
v -0.932525 0.217916 -0.302433
v -0.920383 0.197941 -0.320503
v -0.884028 0.163161 -0.339693
v -0.914456 0.167243 -0.343193
v -0.906168 0.186135 -0.331895
v -0.906073 0.021998 -0.387926
v -0.911123 0.076514 -0.388982
v -0.919787 0.092864 -0.387182
v -0.914570 0.133743 -0.367327
v -0.919642 0.045544 -0.391822
v -0.870798 0.171420 -0.331396
v -0.883655 0.195196 -0.332905
v -0.899682 0.203033 -0.325969
v -0.899326 0.217490 -0.326539
v -0.885084 0.225304 -0.337785
v -0.870359 0.014691 -0.369947
v -0.897476 0.050686 -0.387814
v -0.885937 0.074629 -0.379698
v -0.885778 0.116759 -0.366936
v -0.842799 0.038640 -0.238254
v -0.839582 0.120557 -0.330553
v -0.844355 0.137218 -0.329926
v -0.852936 0.162315 -0.329519
v -0.830974 0.174528 -0.329304
v -0.846083 0.021921 -0.353353
v -0.850682 0.071129 -0.360133
v -0.858436 0.143221 -0.336739
v -0.854821 0.199635 -0.337785
v -0.851575 0.236676 -0.357848
v -0.856910 0.045483 -0.365834
v -0.870063 0.113832 -0.359842
v -0.830158 0.045146 -0.253525
v -0.816606 0.068544 -0.254673
v -0.828523 0.015907 -0.286441
v -0.822700 0.045308 -0.284792
v -0.814861 0.074669 -0.284887
v -0.814679 0.096164 -0.301009
v -0.828937 0.015927 -0.313363
v -0.824873 0.045397 -0.314471
v -0.822431 0.106477 -0.315978
v -0.822142 0.135844 -0.319188
v -0.824529 0.163561 -0.326081
v -0.836062 0.017204 -0.336692
v -0.834999 0.045254 -0.342367
v -0.828522 0.098524 -0.326824
v -0.801810 0.178223 -0.335466
v -0.829546 0.193973 -0.339857
v -0.843630 0.060787 -0.355956
v -0.823192 0.246290 -0.373814
v -0.800405 0.083059 -0.253837
v -0.790025 0.097664 -0.268071
v -0.793098 0.105057 -0.283446
v -0.790902 0.129808 -0.303788
v -0.804429 0.116025 -0.302330
v -0.794792 0.158185 -0.322636
v -0.780452 0.211386 -0.364271
v -0.757961 0.111499 -0.276552
v -0.762060 0.136387 -0.305220
v -0.741163 0.161715 -0.329195
v -0.744651 0.193874 -0.356360
v -0.704910 0.134492 -0.301377
v -0.719933 0.241824 -0.389566
v -0.933702 0.282201 -0.333484
v -0.933026 0.359096 -0.360771
v -0.941599 0.404063 -0.359620
v -0.940408 0.436063 -0.360490
v -0.930788 0.483732 -0.361844
v -0.906793 0.300541 -0.360499
v -0.917867 0.330695 -0.364094
v -0.898309 0.419920 -0.389321
v -0.881518 0.273082 -0.363014
v -0.870615 0.317870 -0.386438
v -0.879857 0.374556 -0.394765
v -0.890319 0.461378 -0.389813
v -0.867256 0.343028 -0.394758
v -0.845432 0.280312 -0.382922
v -0.841547 0.305736 -0.394314
v -0.829652 0.405327 -0.417469
v -0.843994 0.447400 -0.411631
v -0.812343 0.363581 -0.418592
v -0.803928 0.447756 -0.423858
v -0.805730 0.269448 -0.391616
v -0.792462 0.299837 -0.406120
v -0.779621 0.336788 -0.420608
v -0.776490 0.393045 -0.428997
v -0.760312 0.247439 -0.389128
v -0.749169 0.295554 -0.411372
v -0.748063 0.435641 -0.432736
v -0.747158 0.466561 -0.430104
v -0.734113 0.334480 -0.424160
v -0.734874 0.393016 -0.432816
v -0.942010 0.624590 -0.281589
v -0.938365 0.653048 -0.257235
v -0.933536 0.563115 -0.331005
v -0.901150 0.686711 -0.253022
v -0.907038 0.648672 -0.289869
v -0.916848 0.598571 -0.322789
v -0.921088 0.517847 -0.358982
v -0.896071 0.554616 -0.360576
v -0.879905 0.666942 -0.291266
v -0.880120 0.630551 -0.324004
v -0.878213 0.581337 -0.357183
v -0.872352 0.496983 -0.392721
v -0.866371 0.520485 -0.389034
v -0.857661 0.685287 -0.286036
v -0.859626 0.639803 -0.327890
v -0.852776 0.599177 -0.359523
v -0.838069 0.548534 -0.390736
v -0.827347 0.722215 -0.255540
v -0.824655 0.687926 -0.299551
v -0.813437 0.659975 -0.331022
v -0.817731 0.621715 -0.358614
v -0.810168 0.487716 -0.416943
v -0.797437 0.721524 -0.269583
v -0.778832 0.692081 -0.309821
v -0.795113 0.605825 -0.374841
v -0.788389 0.504770 -0.418475
v -0.806405 0.571178 -0.391188
v -0.765927 0.721262 -0.278005
v -0.764480 0.660519 -0.341896
v -0.761141 0.591375 -0.389594
v -0.778333 0.634512 -0.360572
v -0.748687 0.546813 -0.410562
v -0.747684 0.506413 -0.423412
v -0.722396 0.703314 -0.304688
v -0.723466 0.678531 -0.329752
v -0.736992 0.641176 -0.360337
v -0.720139 0.598153 -0.389577
v -0.720618 0.734863 -0.264771
v -0.689963 0.025431 -0.027416
v -0.707529 0.085943 -0.235148
v -0.662259 0.030268 -0.057303
v -0.674456 0.038280 -0.106790
v -0.675567 0.060017 -0.176768
v -0.687277 0.088448 -0.237235
v -0.623161 0.039022 -0.054394
v -0.630024 0.046537 -0.105728
v -0.631289 0.058021 -0.150195
v -0.644966 0.066963 -0.179786
v -0.644724 0.089282 -0.226392
v -0.609100 0.059109 -0.133764
v -0.600872 0.090046 -0.204550
v -0.549615 0.060523 -0.046341
v -0.552357 0.063600 -0.074913
v -0.554985 0.067853 -0.098914
v -0.547673 0.083101 -0.140755
v -0.594672 0.116166 -0.243881
v -0.540776 0.110519 -0.192886
v -0.524148 0.141922 -0.231071
v -0.500016 0.057640 -0.043452
v -0.523227 0.063926 -0.060584
v -0.523841 0.073606 -0.103339
v -0.523316 0.083500 -0.130115
v -0.522031 0.104763 -0.170216
v -0.509318 0.116095 -0.182279
v -0.521711 0.122765 -0.200866
v -0.491331 0.052189 -0.015230
v -0.498796 0.062952 -0.073461
v -0.492350 0.068200 -0.098530
v -0.490285 0.081553 -0.131028
v -0.495707 0.102666 -0.165439
v -0.473168 0.098403 -0.168555
v -0.466209 0.117743 -0.197385
v -0.494908 0.123762 -0.197381
v -0.494627 0.139775 -0.219461
v -0.491314 0.170352 -0.249404
v -0.481082 0.717184 -0.131771
v -0.478678 0.716992 -0.152154
v -0.700718 0.812286 -0.061365
v -0.680545 0.808819 -0.077803
v -0.705616 0.775809 -0.191947
v -0.677082 0.813331 -0.028746
v -0.661302 0.797265 -0.116895
v -0.647392 0.782498 -0.158725
v -0.678041 0.779715 -0.178120
v -0.689627 0.751202 -0.238528
v -0.656896 0.808948 -0.055578
v -0.635124 0.746363 -0.232691
v -0.608269 0.796663 -0.056444
v -0.600195 0.782576 -0.118427
v -0.621334 0.780205 -0.146941
v -0.611594 0.748609 -0.218212
v -0.613671 0.744945 -0.228861
v -0.571585 0.787141 -0.023045
v -0.572106 0.779861 -0.085923
v -0.575416 0.753953 -0.177660
v -0.574821 0.747179 -0.206225
v -0.584548 0.744387 -0.228337
v -0.537991 0.771199 -0.029141
v -0.547726 0.747154 -0.164785
v -0.555067 0.746438 -0.228614
v -0.511957 0.750893 -0.075474
v -0.525731 0.746014 -0.130810
v -0.522326 0.739226 -0.165447
v -0.525195 0.742221 -0.192782
v -0.534339 0.747366 -0.220558
v -0.503144 0.751063 -0.029125
v -0.498042 0.729505 -0.135868
v -0.492398 0.729136 -0.164558
v -0.499082 0.741808 -0.197266
v -0.470530 0.760027 -0.230221
v -0.686016 0.109422 -0.268207
v -0.689419 0.173108 -0.338839
v -0.703525 0.199780 -0.361127
v -0.674732 0.144596 -0.308969
v -0.661405 0.206668 -0.361450
v -0.641588 0.118484 -0.269268
v -0.641223 0.176748 -0.332305
v -0.620417 0.221951 -0.360421
v -0.643413 0.234618 -0.374716
v -0.625718 0.147429 -0.298997
v -0.612275 0.182234 -0.327502
v -0.578712 0.150395 -0.278682
v -0.584348 0.244095 -0.360188
v -0.571216 0.179274 -0.304692
v -0.567826 0.204416 -0.324879
v -0.543406 0.233294 -0.330970
v -0.514959 0.177686 -0.265897
v -0.495231 0.224890 -0.292891
v -0.487462 0.202381 -0.271559
v -0.674153 0.259355 -0.394631
v -0.706238 0.294246 -0.411638
v -0.703471 0.333956 -0.423899
v -0.705363 0.390590 -0.432615
v -0.704212 0.445859 -0.432889
v -0.664296 0.327933 -0.418856
v -0.676561 0.363906 -0.427246
v -0.662356 0.405513 -0.429284
v -0.660537 0.446667 -0.428559
v -0.632045 0.270299 -0.391497
v -0.635850 0.359641 -0.420259
v -0.588326 0.292854 -0.385889
v -0.609122 0.301081 -0.396357
v -0.595964 0.378119 -0.409771
v -0.617917 0.406359 -0.419653
v -0.617114 0.434462 -0.419333
v -0.622471 0.464171 -0.418614
v -0.571482 0.331462 -0.391797
v -0.579007 0.407909 -0.405316
v -0.557613 0.262100 -0.356783
v -0.542265 0.288773 -0.361024
v -0.547153 0.354945 -0.384163
v -0.564939 0.378958 -0.397040
v -0.524213 0.334351 -0.366260
v -0.482966 0.258245 -0.307109
v -0.489160 0.286055 -0.324439
v -0.502062 0.321490 -0.346449
v -0.705036 0.647608 -0.355907
v -0.678329 0.590768 -0.389862
v -0.691308 0.542639 -0.412128
v -0.693221 0.503217 -0.424197
v -0.650361 0.710453 -0.291172
v -0.674883 0.630241 -0.365500
v -0.636937 0.724605 -0.268977
v -0.643159 0.668549 -0.333161
v -0.645399 0.699183 -0.305820
v -0.611716 0.626251 -0.353707
v -0.634072 0.636764 -0.353450
v -0.651352 0.503127 -0.418821
v -0.641789 0.570117 -0.393559
v -0.619009 0.730742 -0.261879
v -0.623828 0.716189 -0.286993
v -0.617640 0.701104 -0.310318
v -0.614477 0.644733 -0.344863
v -0.615926 0.666631 -0.334588
v -0.620189 0.565115 -0.389872
v -0.630816 0.495430 -0.415796
v -0.599592 0.687440 -0.327255
v -0.594193 0.704834 -0.321165
v -0.585154 0.601756 -0.358049
v -0.584565 0.616580 -0.350511
v -0.584912 0.644692 -0.341839
v -0.586113 0.675066 -0.336886
v -0.560567 0.705792 -0.341791
v -0.590870 0.549310 -0.385899
v -0.540072 0.625362 -0.331228
v -0.544701 0.633568 -0.332845
v -0.549009 0.583133 -0.350131
v -0.552976 0.617194 -0.340046
v -0.552890 0.642553 -0.338965
v -0.551826 0.675232 -0.346598
v -0.566375 0.558954 -0.370062
v -0.537813 0.685868 -0.356204
v -0.535591 0.700198 -0.357814
v -0.535188 0.633264 -0.332750
v -0.526519 0.616763 -0.333206
v -0.524730 0.644938 -0.341924
v -0.534783 0.715602 -0.352768
v -0.477763 0.626838 -0.325309
v -0.505571 0.617193 -0.326728
v -0.495960 0.643631 -0.342862
v -0.499069 0.674206 -0.361943
v -0.476089 0.658492 -0.357763
v -0.479238 0.704984 -0.370126
v -0.604437 0.726126 -0.285471
v -0.600092 0.719436 -0.302933
v -0.587406 0.739690 -0.256619
v -0.566379 0.720861 -0.330545
v -0.563931 0.746446 -0.254102
v -0.552157 0.750093 -0.286893
v -0.544062 0.744207 -0.319542
v -0.537728 0.751407 -0.310323
v -0.490080 0.764787 -0.257637
v -0.507971 0.762815 -0.285090
v -0.526295 0.734528 -0.344114
v -0.503341 0.750987 -0.335056
v -0.505470 0.724396 -0.360197
v -0.494523 0.761207 -0.312905
v -0.490391 0.741888 -0.352067
v -0.433937 0.062293 -0.132821
v -0.461436 0.138844 -0.221516
v -0.465291 0.170006 -0.247706
v -0.415562 0.025770 -0.016371
v -0.420385 0.030095 -0.045062
v -0.413503 0.075163 -0.166236
v -0.439529 0.160163 -0.245499
v -0.407273 0.031623 -0.071650
v -0.390356 0.033221 -0.093515
v -0.385764 0.054566 -0.145345
v -0.384337 0.100481 -0.210470
v -0.364604 0.019789 -0.059644
v -0.390095 0.077188 -0.179673
v -0.378760 0.126362 -0.237427
v -0.291261 0.002551 -0.016320
v -0.350972 0.031132 -0.110777
v -0.331439 0.033482 -0.124043
v -0.330624 0.059724 -0.173337
v -0.326822 0.071653 -0.190807
v -0.318350 0.096354 -0.221373
v -0.290572 0.005563 -0.044253
v -0.270190 0.009497 -0.077164
v -0.305121 0.041157 -0.145679
v -0.257220 0.018461 -0.106639
v -0.287249 0.057458 -0.177057
v -0.269395 0.077280 -0.204650
v -0.223589 0.032607 -0.140016
v -0.242312 0.061027 -0.183593
v -0.240215 0.106648 -0.236557
v -0.456468 0.714977 -0.053463
v -0.451908 0.695815 -0.143245
v -0.459048 0.703955 -0.135159
v -0.451777 0.697474 -0.150229
v -0.458687 0.707929 -0.154355
v -0.423238 0.694088 -0.064143
v -0.430690 0.701602 -0.049385
v -0.425336 0.690498 -0.097413
v -0.417520 0.687817 -0.124648
v -0.443602 0.693353 -0.143520
v -0.435290 0.695434 -0.135344
v -0.443549 0.696048 -0.150799
v -0.435679 0.704260 -0.156285
v -0.399823 0.701069 -0.014318
v -0.410939 0.692320 -0.064345
v -0.401759 0.696887 -0.047798
v -0.402963 0.687346 -0.105056
v -0.407455 0.694541 -0.143708
v -0.393012 0.702864 -0.158133
v -0.369919 0.689283 -0.106993
v -0.347768 0.693838 -0.151673
v -0.308217 0.713076 -0.014517
v -0.323144 0.706778 -0.055333
v -0.323394 0.689501 -0.134779
v -0.322982 0.707691 -0.171602
v -0.317523 0.691402 -0.119987
v -0.315572 0.693297 -0.154035
v -0.269874 0.712493 -0.043776
v -0.265985 0.706433 -0.076217
v -0.266810 0.688149 -0.140702
v -0.272070 0.689562 -0.162593
v -0.292400 0.703305 -0.176219
v -0.238463 0.715348 -0.014445
v -0.261384 0.700243 -0.187312
v -0.235436 0.688217 -0.191377
v -0.470093 0.736185 -0.187937
v -0.447761 0.735256 -0.187653
v -0.397595 0.754005 -0.208810
v -0.418668 0.764335 -0.229400
v -0.383504 0.739965 -0.192665
v -0.357138 0.762525 -0.228747
v -0.329624 0.736607 -0.195648
v -0.341093 0.750022 -0.208918
v -0.284618 0.752344 -0.232911
v -0.288600 0.741481 -0.213751
v -0.259814 0.734462 -0.221058
v -0.467416 0.204982 -0.269781
v -0.463474 0.223432 -0.282070
v -0.434998 0.195914 -0.269915
v -0.434410 0.226344 -0.285532
v -0.381848 0.167839 -0.267398
v -0.359305 0.228354 -0.302599
v -0.357386 0.208595 -0.294850
v -0.325810 0.124908 -0.247177
v -0.330289 0.156406 -0.270411
v -0.290911 0.149097 -0.269598
v -0.319645 0.203830 -0.298260
v -0.304966 0.239623 -0.313582
v -0.273148 0.125636 -0.252822
v -0.268778 0.176719 -0.287898
v -0.253285 0.209913 -0.304752
v -0.459403 0.262598 -0.299806
v -0.463062 0.284495 -0.310833
v -0.434810 0.257539 -0.297319
v -0.435592 0.281186 -0.305317
v -0.404196 0.285822 -0.310515
v -0.398828 0.321204 -0.317639
v -0.356120 0.269150 -0.315538
v -0.327511 0.316576 -0.329297
v -0.371428 0.337547 -0.323799
v -0.350782 0.357065 -0.328233
v -0.334110 0.380214 -0.330286
v -0.296838 0.292934 -0.328602
v -0.299446 0.360528 -0.334053
v -0.320972 0.407825 -0.329167
v -0.267863 0.252028 -0.319488
v -0.268141 0.454119 -0.323738
v -0.268043 0.319043 -0.333368
v -0.281623 0.415267 -0.331558
v -0.236625 0.356046 -0.335828
v -0.228671 0.424145 -0.330457
v -0.452908 0.629865 -0.325082
v -0.464645 0.643170 -0.343642
v -0.433032 0.679687 -0.373563
v -0.406908 0.657572 -0.362168
v -0.418074 0.704499 -0.377194
v -0.398379 0.618634 -0.306246
v -0.397828 0.637531 -0.340044
v -0.378833 0.607612 -0.289366
v -0.364165 0.623990 -0.312237
v -0.351772 0.640540 -0.339854
v -0.354194 0.658275 -0.360533
v -0.360986 0.679363 -0.372857
v -0.375083 0.704854 -0.376587
v -0.352203 0.584535 -0.270157
v -0.302296 0.604462 -0.272480
v -0.363832 0.595199 -0.276340
v -0.331972 0.613836 -0.286962
v -0.323169 0.704491 -0.370987
v -0.292929 0.585879 -0.268525
v -0.320622 0.531135 -0.290206
v -0.301175 0.567317 -0.273669
v -0.295521 0.630038 -0.299222
v -0.313188 0.503511 -0.304197
v -0.291281 0.656231 -0.343825
v -0.305548 0.663273 -0.356226
v -0.294562 0.679453 -0.362312
v -0.266254 0.625651 -0.279545
v -0.275406 0.508052 -0.305256
v -0.265164 0.643714 -0.308234
v -0.266964 0.679364 -0.351167
v -0.270732 0.703323 -0.358804
v -0.254470 0.590964 -0.265810
v -0.254017 0.614234 -0.265985
v -0.244510 0.631190 -0.270253
v -0.239514 0.521709 -0.299368
v -0.244496 0.571564 -0.272490
v -0.255948 0.637485 -0.287860
v -0.243639 0.663382 -0.324903
v -0.252307 0.704372 -0.346318
v -0.270798 0.686948 -0.356677
v -0.448384 0.771836 -0.285243
v -0.447299 0.767385 -0.314735
v -0.455798 0.755261 -0.343711
v -0.463840 0.731623 -0.364934
v -0.440099 0.746740 -0.357545
v -0.419947 0.771817 -0.256636
v -0.419286 0.729294 -0.370868
v -0.389980 0.773874 -0.285016
v -0.378856 0.769576 -0.314335
v -0.390299 0.760473 -0.339546
v -0.377665 0.747823 -0.358098
v -0.348491 0.769494 -0.254367
v -0.355190 0.733246 -0.367115
v -0.329451 0.769348 -0.285011
v -0.302841 0.741817 -0.350836
v -0.328155 0.754859 -0.340171
v -0.297443 0.760290 -0.312120
v -0.301215 0.724787 -0.361936
v -0.285870 0.759391 -0.257152
v -0.272390 0.758250 -0.285110
v -0.279370 0.748184 -0.331285
v -0.235254 0.741168 -0.256182
v -0.243263 0.748131 -0.264768
v -0.231670 0.733227 -0.314404
v -0.244764 0.746508 -0.303797
v -0.251285 0.729867 -0.335159
v -0.271445 0.719814 -0.354484
v -0.224862 0.010125 -0.102708
v -0.212133 0.080860 -0.207662
v -0.208122 0.017945 -0.120849
v -0.194990 0.026426 -0.134512
v -0.168286 0.050369 -0.165076
v -0.177146 0.093686 -0.217851
v -0.144340 0.010844 -0.131274
v -0.166114 0.033575 -0.146584
v -0.138882 0.068343 -0.181512
v -0.106137 0.040898 -0.158751
v -0.135722 0.047973 -0.161989
v -0.107556 0.064951 -0.173688
v -0.121400 0.117964 -0.229500
v -0.098074 0.017137 -0.149076
v -0.096114 0.084393 -0.187769
v -0.036223 0.018947 -0.161515
v -0.073963 0.044669 -0.162412
v -0.074249 0.072016 -0.173734
v -0.052320 0.091016 -0.180757
v -0.088233 0.136420 -0.235883
v -0.062383 0.157416 -0.242718
v -0.020378 0.043978 -0.166899
v -0.044183 0.071253 -0.170236
v -0.012041 0.138720 -0.206056
v -0.014836 0.072024 -0.169585
v 0.004563 0.096015 -0.175506
v -0.014383 0.114855 -0.188607
v -0.014675 0.174973 -0.234605
v 0.004141 0.188434 -0.234373
v -0.210036 0.711419 -0.044988
v -0.212263 0.704424 -0.081779
v -0.233700 0.685617 -0.143449
v -0.225146 0.680093 -0.167946
v -0.231715 0.692649 -0.203079
v -0.208267 0.628219 -0.240954
v -0.209751 0.643921 -0.239830
v -0.210126 0.659969 -0.241085
v -0.226576 0.722342 -0.235934
v -0.180601 0.711622 -0.016061
v -0.177620 0.692963 -0.110430
v -0.192974 0.680253 -0.145909
v -0.186333 0.667048 -0.172771
v -0.193342 0.671131 -0.169176
v -0.184446 0.654115 -0.198969
v -0.202484 0.669444 -0.196892
v -0.190569 0.625040 -0.232717
v -0.193260 0.646051 -0.221809
v -0.206619 0.673601 -0.227134
v -0.211699 0.700520 -0.236215
v -0.150882 0.702750 -0.059566
v -0.133131 0.689072 -0.101942
v -0.165605 0.647711 -0.194173
v -0.159966 0.625477 -0.218294
v -0.123191 0.702624 -0.014544
v -0.115732 0.670796 -0.134975
v -0.111084 0.598741 -0.229444
v -0.094835 0.689286 -0.070661
v -0.093958 0.679460 -0.100938
v -0.098073 0.658020 -0.151655
v -0.092277 0.630564 -0.188569
v -0.061764 0.688474 -0.007823
v -0.077051 0.690072 -0.041096
v -0.061175 0.630843 -0.173240
v -0.046282 0.574451 -0.226702
v -0.086999 0.578147 -0.239715
v -0.065303 0.600850 -0.210517
v -0.033349 0.658750 -0.101711
v -0.060634 0.658199 -0.127613
v -0.031948 0.598067 -0.197069
v -0.000622 0.659872 -0.046350
v -0.015628 0.660274 -0.075421
v 0.000774 0.627956 -0.132775
v 0.014882 0.586070 -0.180151
v -0.029177 0.626690 -0.159153
v 0.023190 0.555665 -0.204036
v 0.003700 0.522978 -0.238804
v -0.029066 0.551476 -0.236557
v -0.215434 0.717121 -0.242442
v -0.232571 0.143117 -0.266707
v -0.210474 0.178863 -0.288058
v -0.210181 0.230289 -0.311265
v -0.177537 0.121580 -0.245089
v -0.182068 0.154535 -0.270981
v -0.151151 0.146871 -0.260512
v -0.177580 0.205104 -0.298562
v -0.144357 0.223333 -0.301390
v -0.109179 0.180738 -0.273342
v -0.081284 0.184648 -0.267134
v -0.099755 0.224573 -0.291579
v -0.069047 0.209008 -0.275816
v -0.035144 0.197369 -0.257003
v -0.237312 0.279226 -0.327404
v -0.216167 0.454638 -0.322711
v -0.221008 0.303685 -0.331401
v -0.218368 0.382999 -0.334322
v -0.177448 0.274629 -0.321861
v -0.173235 0.317213 -0.329531
v -0.182572 0.426947 -0.326555
v -0.151079 0.357698 -0.329764
v -0.169848 0.400215 -0.329493
v -0.149793 0.463476 -0.313002
v -0.135316 0.260366 -0.311406
v -0.122526 0.317310 -0.320312
v -0.118313 0.419376 -0.317297
v -0.085416 0.463771 -0.299741
v -0.098853 0.336069 -0.316738
v -0.088464 0.375709 -0.314948
v -0.060613 0.433569 -0.300320
v -0.031309 0.363723 -0.298880
v -0.047160 0.402864 -0.301489
v -0.004920 0.464275 -0.270675
v -0.224480 0.591113 -0.261811
v -0.221477 0.616293 -0.253922
v -0.224282 0.640924 -0.260674
v -0.213529 0.661587 -0.259864
v -0.232471 0.650279 -0.285644
v -0.216888 0.665699 -0.285062
v -0.210182 0.489714 -0.311264
v -0.237330 0.658117 -0.309558
v -0.212252 0.684052 -0.311579
v -0.219752 0.713691 -0.320653
v -0.216944 0.688015 -0.323347
v -0.215933 0.699535 -0.325095
v -0.196126 0.578839 -0.264487
v -0.194291 0.607456 -0.246201
v -0.205907 0.679821 -0.256802
v -0.205121 0.702100 -0.258573
v -0.184209 0.521520 -0.296241
v -0.206424 0.682791 -0.284304
v -0.203855 0.703302 -0.284656
v -0.209309 0.704360 -0.310497
v -0.156098 0.563765 -0.268159
v -0.168519 0.598980 -0.244455
v -0.140698 0.496246 -0.301000
v -0.118592 0.535628 -0.277372
v -0.085911 0.545590 -0.262666
v -0.090150 0.491852 -0.290698
v -0.026301 0.492889 -0.268650
v -0.058604 0.517957 -0.269190
v -0.237172 0.746325 -0.283681
v -0.211913 0.721277 -0.259559
v -0.210087 0.722234 -0.283351
v -0.212994 0.720726 -0.303385
v 0.031794 0.001278 0.174101
v 0.075038 -0.031253 0.151571
v 0.050766 -0.023932 0.157183
v 0.097982 -0.053752 0.106835
v 0.119658 -0.004922 0.183683
v 0.108655 -0.021424 0.170025
v 0.094743 -0.043721 0.131795
v 0.119534 -0.062109 0.083416
v 0.157994 -0.069746 0.044387
v 0.153095 -0.071463 0.014662
v 0.171310 -0.037202 0.158043
v 0.189213 -0.050054 0.134935
v 0.238074 -0.069567 0.073292
v 0.237165 -0.011423 0.193218
v 0.266425 -0.027248 0.182544
v 0.228894 -0.058465 0.119570
v 0.268746 -0.064949 0.101379
v 0.329174 -0.075895 0.044997
v 0.323819 -0.077769 0.015545
v 0.276804 0.000127 0.205871
v 0.279888 -0.041907 0.161879
v 0.325164 -0.053002 0.143275
v 0.292064 -0.015229 0.196146
v 0.389876 -0.061013 0.124202
v 0.401980 -0.031599 0.182273
v 0.403053 -0.017742 0.197217
v 0.403341 -0.043398 0.164142
v 0.389223 -0.066990 0.101424
v 0.405425 -0.072293 0.074544
v 0.412077 -0.001676 0.207594
v 0.498496 -0.053052 0.141346
v 0.539193 -0.064530 0.102852
v 0.522586 -0.074470 0.045283
v 0.523401 -0.076532 0.014862
v 0.531885 0.000719 0.205455
v 0.521298 -0.028015 0.182172
v 0.515110 -0.015106 0.195849
v 0.519597 -0.042260 0.161160
v 0.551296 -0.059159 0.120196
v 0.537962 -0.070013 0.074399
v 0.578628 -0.011034 0.191153
v 0.637587 -0.035606 0.159842
v 0.631142 -0.024456 0.174858
v 0.677962 -0.045746 0.134100
v 0.647808 -0.068029 0.058286
v 0.676853 -0.069771 0.014770
v 0.676049 -0.057908 0.100914
v 0.730350 -0.002259 0.178475
v 0.716942 -0.019121 0.168183
v 0.737242 -0.059030 0.074940
v 0.777157 -0.060200 0.045051
v 0.731257 -0.029277 0.152674
v 0.794763 -0.044286 0.103342
v 0.765329 -0.010821 0.165222
v 0.809993 -0.032342 0.127391
v 0.822900 -0.022322 0.139191
v 0.856705 -0.044456 0.074129
v 0.811190 -0.059368 0.013219
v 0.868497 -0.000297 0.148220
v 0.871696 -0.033297 0.102162
v 0.916831 -0.021558 0.106299
v 0.903669 -0.043680 0.044082
v 0.885230 -0.049808 0.015108
v 0.885114 -0.008733 0.135784
v 0.942741 -0.030802 0.069808
v 0.954186 -0.024167 0.080348
v 0.954345 0.001284 0.118526
v 0.991546 -0.029825 0.015098
v 0.981631 -0.002493 0.099396
v 0.986886 -0.026998 0.043133
v 1.021988 -0.003500 0.068327
v 1.031794 -0.010351 0.041429
v 1.035330 -0.014244 0.014274
v 1.046569 0.002168 0.054095
v 1.060876 -0.001844 0.014451
v 1.074573 0.005438 0.000425
v 0.227919 0.177421 0.237665
v 0.016761 0.373628 0.277203
v 0.028705 0.404994 0.268633
v 0.056531 0.464211 0.236691
v 0.067416 0.421594 0.242847
v 0.028371 0.497154 0.239342
v 0.021949 0.169218 0.216770
v 0.028889 0.015938 0.177964
v 0.030770 0.031739 0.178317
v 0.012717 0.115828 0.185007
v 0.016348 0.044010 0.173088
v 0.014494 0.096368 0.175811
v 0.045916 0.182700 0.219466
v 0.040625 0.118616 0.187711
v 0.056736 0.076824 0.177407
v 0.052418 0.094776 0.179132
v 0.078268 0.166404 0.213756
v 0.097031 0.018235 0.187703
v 0.067779 0.051887 0.181721
v 0.089933 0.074440 0.186933
v 0.074450 0.104033 0.188483
v 0.141515 0.102756 0.201958
v 0.159663 0.134404 0.216244
v 0.144526 0.181655 0.227835
v 0.183987 0.072263 0.201081
v 0.236707 0.093259 0.209553
v 0.223411 0.014484 0.201698
v 0.241508 0.016310 0.207300
v 0.241338 0.031959 0.207874
v 0.236926 0.131706 0.223102
v 0.196250 0.188501 0.236576
v 0.236827 0.045765 0.205909
v 0.110698 0.416086 0.213737
v 0.090915 0.467203 0.210170
v 0.132954 0.405742 0.202970
v 0.143415 0.378255 0.208095
v 0.135566 0.434861 0.188929
v 0.143517 0.454934 0.171428
v 0.147748 0.477361 0.151526
v 0.163832 0.375920 0.205325
v 0.166823 0.408047 0.189604
v 0.155773 0.425800 0.182142
v 0.169364 0.440897 0.164783
v 0.168515 0.467946 0.141373
v 0.177983 0.491929 0.105633
v 0.189511 0.372891 0.207591
v 0.194578 0.403447 0.190309
v 0.198891 0.432033 0.166937
v 0.197578 0.462119 0.134878
v 0.197967 0.488308 0.098447
v 0.230912 0.363736 0.215575
v 0.269697 0.404546 0.193796
v 0.269224 0.427609 0.175072
v 0.283814 0.449034 0.153212
v 0.221525 0.456829 0.139686
v 0.225313 0.481870 0.102423
v 0.015781 0.557025 0.207542
v 0.026663 0.628468 0.102509
v 0.004991 0.660579 0.016295
v 0.069057 0.531685 0.188577
v 0.027078 0.567294 0.190610
v 0.057845 0.569215 0.162673
v 0.057225 0.594157 0.129725
v 0.041887 0.629343 0.074551
v 0.057874 0.627515 0.041931
v 0.059810 0.508152 0.212802
v 0.093179 0.562962 0.130804
v 0.078665 0.593476 0.101080
v 0.088997 0.596734 0.073416
v 0.088699 0.609223 0.004286
v 0.060612 0.629572 -0.005580
v 0.102143 0.500221 0.182170
v 0.100775 0.530861 0.158442
v 0.120553 0.533643 0.130596
v 0.112802 0.560509 0.104436
v 0.121863 0.564755 0.077950
v 0.092888 0.601464 0.043391
v 0.122117 0.579841 0.014627
v 0.156360 0.515111 0.099533
v 0.162673 0.523253 0.073780
v 0.121073 0.575460 0.048757
v 0.157845 0.499566 0.118733
v 0.176798 0.513504 0.070314
v 0.168286 0.528766 0.041786
v 0.169317 0.532112 0.014429
v 0.196126 0.501457 0.072270
v 0.205294 0.508622 0.028884
v 0.187942 0.517181 0.025751
v 0.231535 0.494379 0.071782
v 0.230534 0.501522 0.043055
v 0.232180 0.504806 0.014816
v 0.267285 0.208362 0.243975
v 0.325459 0.178321 0.240114
v 0.332241 0.212603 0.244802
v 0.300092 0.224781 0.245654
v 0.395534 0.196443 0.239258
v 0.419289 0.227737 0.239899
v 0.334849 0.259496 0.244909
v 0.339998 0.280029 0.242777
v 0.335295 0.299704 0.239820
v 0.396465 0.282138 0.239402
v 0.362633 0.306213 0.237286
v 0.420631 0.252594 0.239717
v 0.292677 0.072527 0.207785
v 0.297136 0.016367 0.210569
v 0.299278 0.034689 0.210408
v 0.313139 0.093506 0.211488
v 0.274879 0.154572 0.233341
v 0.326053 0.152539 0.232667
v 0.364678 0.055216 0.208996
v 0.358319 0.112214 0.216406
v 0.416963 0.017122 0.212279
v 0.425521 0.038966 0.211259
v 0.387374 0.164119 0.232558
v 0.423121 0.075526 0.205968
v 0.411883 0.099361 0.208884
v 0.463918 0.052224 0.206341
v 0.437921 0.121167 0.212406
v 0.481777 0.194556 0.225778
v 0.495282 0.225101 0.226726
v 0.480625 0.102417 0.200609
v 0.269086 0.378584 0.210701
v 0.295053 0.463105 0.135191
v 0.271359 0.349981 0.223810
v 0.318842 0.475218 0.116194
v 0.299275 0.335771 0.229874
v 0.339134 0.366318 0.216413
v 0.328327 0.394239 0.201376
v 0.331137 0.427723 0.175060
v 0.361607 0.341563 0.225567
v 0.359001 0.460242 0.135892
v 0.392127 0.383866 0.202823
v 0.393915 0.413087 0.182420
v 0.358792 0.444722 0.155819
v 0.411010 0.314990 0.229740
v 0.419567 0.355390 0.214775
v 0.412798 0.440620 0.153463
v 0.404363 0.466624 0.120127
v 0.455568 0.365562 0.204527
v 0.453870 0.405000 0.179345
v 0.452913 0.442803 0.142130
v 0.420319 0.478201 0.095545
v 0.490070 0.284865 0.224436
v 0.482085 0.324462 0.216814
v 0.486758 0.424909 0.153568
v 0.492152 0.449822 0.121482
v 0.461801 0.472478 0.092971
v 0.328986 0.485048 0.096941
v 0.306550 0.501996 0.041656
v 0.287706 0.506271 0.012332
v 0.300028 0.509115 -0.000022
v 0.330511 0.493983 0.072013
v 0.312140 0.506319 0.011967
v 0.387223 0.497482 0.046032
v 0.405457 0.488502 0.073162
v 0.401539 0.499976 0.015599
v 0.505482 0.483910 0.013929
v 0.550891 0.015018 0.208214
v 0.495097 0.160802 0.215971
v 0.495325 0.077653 0.197555
v 0.566157 0.030852 0.206160
v 0.535734 0.170418 0.209314
v 0.556996 0.199260 0.210108
v 0.527945 0.054512 0.200332
v 0.527455 0.077806 0.191378
v 0.522251 0.110524 0.192722
v 0.540818 0.086068 0.182950
v 0.569175 0.228373 0.209759
v 0.559339 0.068787 0.188588
v 0.540261 0.098201 0.182593
v 0.571381 0.105140 0.177702
v 0.567548 0.021600 0.206563
v 0.582189 0.014741 0.200745
v 0.580799 0.040454 0.198652
v 0.616277 0.138155 0.175660
v 0.626159 0.015576 0.194978
v 0.618062 0.040913 0.193280
v 0.625195 0.164479 0.179933
v 0.650217 0.192175 0.177924
v 0.614702 0.083737 0.175820
v 0.631907 0.108351 0.170922
v 0.651871 0.083837 0.174886
v 0.656964 0.221597 0.177857
v 0.644756 0.148212 0.173868
v 0.696934 0.046711 0.185709
v 0.675333 0.065795 0.182027
v 0.675588 0.108764 0.173724
v 0.676196 0.152487 0.174864
v 0.677453 0.202537 0.174413
v 0.767557 0.022014 0.179873
v 0.706252 0.078058 0.181162
v 0.715090 0.102948 0.181859
v 0.728985 0.152533 0.185052
v 0.703647 0.191737 0.175554
v 0.722110 0.064790 0.180799
v 0.706516 0.224500 0.168915
v 0.505203 0.255309 0.224507
v 0.503074 0.383640 0.183878
v 0.510608 0.406395 0.164241
v 0.506868 0.436940 0.133151
v 0.475950 0.479619 0.068273
v 0.499534 0.481699 0.042068
v 0.540597 0.310331 0.207896
v 0.508554 0.337440 0.206589
v 0.563046 0.385258 0.164088
v 0.564219 0.416222 0.134933
v 0.570603 0.254944 0.209256
v 0.560791 0.282770 0.208532
v 0.590716 0.344452 0.178738
v 0.560989 0.362738 0.179208
v 0.551557 0.446817 0.098601
v 0.564625 0.452184 0.078583
v 0.600631 0.455139 0.015219
v 0.584333 0.454572 0.052121
v 0.634093 0.286555 0.181698
v 0.625552 0.312372 0.178193
v 0.614822 0.377026 0.148126
v 0.614641 0.405987 0.120093
v 0.629652 0.426827 0.074887
v 0.605045 0.449134 0.042937
v 0.655463 0.252102 0.177282
v 0.663797 0.345411 0.143554
v 0.649271 0.374553 0.130423
v 0.682945 0.378287 0.102626
v 0.634605 0.412787 0.097248
v 0.660907 0.412976 0.070616
v 0.678795 0.254939 0.167996
v 0.689770 0.283044 0.156458
v 0.710169 0.296628 0.141262
v 0.718528 0.308178 0.130876
v 0.700595 0.387743 0.070703
v 0.663523 0.421493 0.042312
v 0.671982 0.422031 0.014566
v 0.708645 0.256437 0.159197
v 0.701154 0.350204 0.114151
v 0.715315 0.390321 0.038005
v 0.755619 0.046010 0.181516
v 0.739404 0.068829 0.181144
v 0.760147 0.188973 0.184887
v 0.733193 0.213681 0.174244
v 0.758605 0.086516 0.185429
v 0.782351 0.135061 0.192458
v 0.782285 0.163981 0.191347
v 0.806503 0.228542 0.174300
v 0.793971 0.045350 0.180666
v 0.810774 0.109324 0.191708
v 0.811560 0.190584 0.188350
v 0.812101 0.212843 0.181492
v 0.834017 0.018636 0.166317
v 0.819633 0.032718 0.173976
v 0.838310 0.135225 0.193628
v 0.841081 0.165156 0.192360
v 0.886391 0.081385 0.181795
v 0.871757 0.106456 0.188520
v 0.857571 0.197503 0.184823
v 0.896959 0.135510 0.187699
v 0.901412 0.162790 0.186023
v 0.908444 0.026275 0.154057
v 0.890825 0.061258 0.173667
v 0.921777 0.012761 0.141334
v 0.927840 0.121617 0.181308
v 0.922971 0.084262 0.174609
v 0.931383 0.170592 0.178632
v 0.959784 0.049824 0.148322
v 0.954684 0.104920 0.169074
v 0.984333 0.134900 0.160886
v 0.988742 0.163650 0.157600
v 0.741268 0.251134 0.157614
v 0.738845 0.288761 0.134384
v 0.746101 0.313213 0.112517
v 0.743745 0.334731 0.093020
v 0.740614 0.354873 0.070124
v 0.737114 0.370452 0.044275
v 0.726115 0.386331 0.012570
v 0.768237 0.283781 0.133968
v 0.767318 0.299435 0.118418
v 0.765229 0.317038 0.100601
v 0.770652 0.333050 0.073570
v 0.765984 0.349728 0.044352
v 0.770607 0.353087 0.014519
v 0.817159 0.262929 0.153012
v 0.795637 0.311539 0.098996
v 0.801262 0.328341 0.066335
v 0.800233 0.336201 0.045115
v 0.805194 0.340000 0.014940
v 0.847830 0.271899 0.143973
v 0.849098 0.293461 0.119604
v 0.866269 0.305648 0.099353
v 0.850111 0.317682 0.078983
v 0.864831 0.251015 0.157698
v 0.876013 0.326029 0.049075
v 0.897176 0.329621 0.011669
v 0.887323 0.264207 0.144012
v 0.896262 0.286826 0.119590
v 0.901806 0.313290 0.072050
v 0.914506 0.270121 0.131300
v 0.885763 0.328207 0.035829
v 0.943950 0.267086 0.123226
v 0.928855 0.294942 0.096263
v 0.961406 0.296706 0.070902
v 0.961962 0.304960 0.045554
v 0.957128 0.311610 0.014528
v 0.987044 0.079188 0.149058
v 0.986862 0.016497 0.114915
v 0.997636 0.106302 0.151068
v 0.994906 0.189719 0.148532
v 1.004966 0.043400 0.120726
v 1.023338 0.135203 0.139059
v 1.044505 0.164290 0.123241
v 1.013189 0.221521 0.121966
v 1.027176 0.229115 0.105521
v 1.023472 0.071595 0.123403
v 1.045569 0.109868 0.120336
v 1.042493 0.188044 0.118082
v 1.025143 0.013708 0.086555
v 1.035822 0.042029 0.097302
v 1.044361 0.084659 0.112931
v 1.052813 0.200809 0.101999
v 1.053355 0.233799 0.071278
v 1.052298 0.136229 0.118150
v 1.053683 0.069193 0.096145
v 1.062817 0.105720 0.102195
v 1.077349 0.161939 0.090186
v 1.053486 0.020116 0.064666
v 1.073924 0.082280 0.079033
v 1.082289 0.169903 0.080948
v 1.079894 0.195311 0.070234
v 1.069611 0.015221 0.035494
v 1.075202 0.047733 0.053353
v 1.058877 0.243872 0.042616
v 1.066288 0.243426 0.014760
v 1.079081 0.129188 0.089503
v 1.085435 0.101039 0.070228
v 1.092157 0.135897 0.067262
v 1.080415 0.212660 0.051520
v 1.079551 0.032945 0.033539
v 1.108211 0.125415 0.030657
v 1.107256 0.160789 0.031557
v 1.093339 0.191799 0.042676
v 1.079658 0.018514 0.014558
v 1.109326 0.115808 0.012817
v 1.109046 0.170027 0.016081
v 1.107141 0.180126 0.008356
v 1.087475 0.215438 0.014524
v 1.112269 0.137225 0.000000
v 0.981458 0.267339 0.102634
v 0.989136 0.295279 0.040080
v 1.010155 0.252587 0.096999
v 1.024635 0.258292 0.074480
v 1.013918 0.270700 0.066276
v 0.991658 0.298451 0.013886
v 1.026451 0.271435 0.043416
v 1.034114 0.271881 0.014834
v 0.044450 -0.027080 -0.151328
v 0.032092 0.001480 -0.174315
v 0.093456 -0.062387 -0.069951
v 0.097408 -0.053733 -0.106730
v 0.045345 -0.017494 -0.162015
v 0.094743 -0.043721 -0.131795
v 0.113803 -0.021450 -0.170706
v 0.125024 -0.005080 -0.184285
v 0.161877 -0.072006 -0.015074
v 0.157994 -0.069746 -0.044387
v 0.160697 -0.061895 -0.094522
v 0.164908 -0.037090 -0.157563
v 0.238075 -0.069567 -0.073292
v 0.228771 -0.058411 -0.119735
v 0.241961 -0.052331 -0.137494
v 0.268139 -0.027233 -0.182638
v 0.236473 -0.014104 -0.191028
v 0.329174 -0.075895 -0.044997
v 0.299152 -0.077006 -0.014663
v 0.341755 -0.066853 -0.101710
v 0.292672 -0.042268 -0.162057
v 0.303136 -0.015862 -0.196323
v 0.342654 -0.060867 -0.122541
v 0.405425 -0.072293 -0.074544
v 0.389538 -0.053474 -0.143518
v 0.403342 -0.043398 -0.164142
v 0.404109 -0.031587 -0.182288
v 0.485674 -0.077602 -0.015549
v 0.416344 -0.017706 -0.197027
v 0.411725 -0.001656 -0.207609
v 0.476008 -0.060336 -0.123888
v 0.522586 -0.074470 -0.045283
v 0.538976 -0.064490 -0.103079
v 0.510506 -0.052921 -0.140492
v 0.537960 -0.070013 -0.074399
v 0.519597 -0.042260 -0.161160
v 0.519425 -0.029297 -0.180954
v 0.517824 -0.014910 -0.195819
v 0.531953 0.000706 -0.205441
v 0.636852 -0.055868 -0.115870
v 0.575088 -0.010588 -0.192135
v 0.677962 -0.045746 -0.134100
v 0.602810 -0.031090 -0.170500
v 0.628734 -0.024462 -0.175107
v 0.674344 -0.069951 -0.014531
v 0.647808 -0.068028 -0.058287
v 0.660485 -0.035812 -0.155839
v 0.626335 -0.007220 -0.188209
v 0.717493 -0.019385 -0.167909
v 0.776597 -0.060240 -0.045190
v 0.710340 -0.060067 -0.082383
v 0.731103 -0.050974 -0.105787
v 0.738705 -0.028772 -0.151861
v 0.808170 -0.032333 -0.128020
v 0.824082 -0.021765 -0.139444
v 0.775527 -0.009566 -0.163912
v 0.810658 -0.059470 -0.012608
v 0.856704 -0.044456 -0.074129
v 0.854008 -0.035608 -0.105186
v 0.868303 -0.000253 -0.148314
v 0.875113 -0.051247 -0.014543
v 0.903669 -0.043680 -0.044082
v 0.918362 -0.020486 -0.107132
v 0.890470 -0.007364 -0.135499
v 0.944913 -0.039308 -0.015058
v 0.942394 -0.030772 -0.070326
v 0.954193 -0.023734 -0.081118
v 0.984864 -0.027435 -0.043918
v 0.967848 -0.000946 -0.110206
v 0.996238 -0.028250 -0.015284
v 1.024965 -0.002267 -0.068229
v 1.035330 -0.014244 -0.014274
v 1.031794 -0.010351 -0.041429
v 1.060876 -0.001844 -0.014451
v 1.046740 0.002397 -0.054329
v 0.010990 0.017100 -0.171245
v 0.016348 0.044010 -0.173088
v 0.014667 0.072713 -0.171625
v 0.029607 0.015821 -0.178244
v 0.030799 0.031598 -0.178342
v 0.015223 0.115996 -0.185085
v 0.023369 0.155153 -0.207701
v 0.020896 0.185968 -0.227180
v 0.067315 0.051134 -0.181674
v 0.054399 0.076629 -0.176932
v 0.038199 0.097492 -0.177886
v 0.046479 0.141006 -0.199117
v 0.048273 0.182353 -0.219661
v 0.061339 0.092064 -0.180677
v 0.105325 0.018064 -0.188583
v 0.085852 0.074763 -0.185858
v 0.083021 0.106551 -0.191395
v 0.075222 0.166184 -0.213416
v 0.100225 0.179986 -0.220747
v 0.155123 0.074111 -0.197604
v 0.169933 0.104025 -0.206539
v 0.124949 0.158382 -0.219019
v 0.220942 0.014295 -0.201126
v 0.228099 0.043851 -0.204456
v 0.236000 0.072008 -0.205655
v 0.218381 0.095734 -0.208729
v 0.242094 0.018544 -0.207732
v 0.241588 0.031651 -0.207947
v 0.224451 0.176452 -0.237001
v 0.063464 0.461766 -0.233171
v 0.080777 0.487687 -0.208208
v 0.090327 0.400607 -0.231419
v 0.119543 0.423779 -0.205028
v 0.148022 0.475378 -0.152549
v 0.142225 0.443359 -0.179932
v 0.143424 0.378265 -0.208086
v 0.146619 0.416321 -0.192223
v 0.172481 0.470598 -0.136177
v 0.171321 0.441144 -0.163883
v 0.169482 0.407918 -0.189350
v 0.165593 0.375723 -0.205563
v 0.200086 0.487305 -0.098693
v 0.199259 0.433543 -0.165291
v 0.196675 0.462565 -0.134595
v 0.198009 0.408676 -0.186473
v 0.193440 0.386942 -0.200560
v 0.227326 0.481197 -0.103642
v 0.220712 0.457303 -0.139053
v 0.284539 0.449065 -0.153189
v 0.232364 0.363392 -0.215819
v 0.008869 0.658625 -0.014064
v 0.023323 0.630279 -0.102697
v 0.032554 0.494391 -0.238259
v 0.056764 0.628205 -0.042090
v 0.041887 0.629343 -0.074552
v 0.057572 0.593854 -0.129846
v 0.070565 0.550518 -0.170352
v 0.036248 0.591215 -0.156589
v 0.058689 0.521301 -0.204876
v 0.086171 0.599000 -0.073185
v 0.071803 0.598089 -0.103337
v 0.099814 0.557978 -0.129077
v 0.122319 0.579563 -0.015226
v 0.092888 0.601463 -0.043391
v 0.115449 0.572611 -0.074712
v 0.103092 0.530542 -0.156121
v 0.103017 0.500126 -0.181361
v 0.123427 0.574389 -0.042496
v 0.113007 0.561351 -0.102654
v 0.156360 0.515111 -0.099533
v 0.154685 0.500874 -0.120968
v 0.169020 0.532291 -0.015006
v 0.168286 0.528766 -0.041786
v 0.179242 0.511904 -0.070092
v 0.163054 0.523131 -0.073322
v 0.172674 0.496085 -0.105746
v 0.204330 0.508862 -0.029381
v 0.186887 0.517828 -0.025783
v 0.196126 0.501457 -0.072270
v 0.233642 0.504632 -0.015814
v 0.230534 0.501522 -0.043055
v 0.231535 0.494379 -0.071782
v 0.029039 0.403645 -0.268663
v 0.010534 0.436033 -0.271566
v 0.023651 0.374427 -0.274012
v 0.061603 0.434365 -0.243013
v 0.272037 0.000607 -0.205892
v 0.264309 0.051665 -0.207007
v 0.291579 0.093695 -0.211510
v 0.271856 0.153289 -0.232838
v 0.299251 0.016496 -0.210646
v 0.348387 0.036981 -0.211461
v 0.371371 0.055302 -0.209022
v 0.350137 0.073557 -0.208015
v 0.326633 0.152860 -0.232755
v 0.363655 0.096018 -0.210750
v 0.426750 0.016673 -0.212194
v 0.385716 0.163868 -0.232513
v 0.401219 0.199060 -0.239134
v 0.424317 0.103367 -0.208236
v 0.419775 0.228818 -0.239873
v 0.438042 0.073981 -0.204508
v 0.450810 0.037094 -0.210478
v 0.472846 0.164452 -0.220909
v 0.488576 0.076838 -0.198846
v 0.478225 0.103287 -0.201108
v 0.472694 0.123808 -0.207956
v 0.485462 0.195367 -0.225197
v 0.496828 0.225611 -0.226422
v 0.295055 0.463105 -0.135191
v 0.268850 0.427578 -0.175096
v 0.286039 0.386389 -0.206595
v 0.271726 0.404965 -0.193595
v 0.272635 0.367644 -0.216063
v 0.318129 0.475447 -0.115859
v 0.271480 0.349904 -0.223847
v 0.331660 0.427444 -0.175297
v 0.335619 0.359122 -0.220088
v 0.353814 0.454626 -0.144303
v 0.341649 0.393998 -0.200976
v 0.321595 0.318407 -0.235470
v 0.404810 0.466563 -0.120114
v 0.429086 0.445071 -0.145427
v 0.396754 0.412185 -0.182801
v 0.403299 0.433810 -0.162155
v 0.376595 0.303540 -0.236867
v 0.421069 0.343391 -0.219605
v 0.411268 0.368649 -0.209382
v 0.419871 0.253053 -0.239756
v 0.400727 0.280780 -0.239230
v 0.480504 0.476509 -0.074806
v 0.419755 0.478256 -0.095588
v 0.453138 0.412674 -0.172929
v 0.456136 0.365340 -0.204543
v 0.480454 0.392725 -0.183215
v 0.473265 0.315222 -0.220869
v 0.476139 0.457491 -0.115023
v 0.487484 0.424252 -0.154093
v 0.487805 0.254970 -0.227997
v 0.494798 0.284310 -0.223584
v 0.287706 0.506271 -0.012332
v 0.332040 0.501857 -0.041385
v 0.328220 0.484958 -0.097265
v 0.312432 0.506270 -0.012199
v 0.330511 0.493983 -0.072013
v 0.401893 0.500054 -0.014700
v 0.391934 0.490321 -0.071254
v 0.437142 0.491923 -0.043824
v 0.463365 0.482367 -0.066976
v 0.506378 0.483600 -0.014761
v 0.274025 0.178909 -0.239931
v 0.267816 0.208503 -0.244003
v 0.337285 0.178522 -0.239640
v 0.333274 0.212601 -0.244774
v 0.300226 0.224862 -0.245662
v 0.335094 0.259890 -0.244894
v 0.339995 0.280054 -0.242774
v 0.335323 0.299651 -0.239832
v 0.513719 0.056183 -0.201435
v 0.541078 0.086227 -0.182818
v 0.541594 0.096508 -0.181879
v 0.527455 0.077806 -0.191378
v 0.526704 0.105616 -0.190355
v 0.511309 0.148020 -0.208313
v 0.538255 0.171847 -0.209052
v 0.563521 0.019001 -0.207276
v 0.566315 0.031192 -0.205989
v 0.557415 0.198132 -0.209818
v 0.569313 0.227994 -0.209733
v 0.612116 0.134384 -0.175587
v 0.582189 0.014741 -0.200745
v 0.582577 0.042195 -0.197678
v 0.609033 0.156705 -0.182399
v 0.635307 0.083672 -0.174682
v 0.614531 0.107676 -0.172397
v 0.640548 0.166415 -0.176815
v 0.629190 0.015437 -0.194497
v 0.620913 0.041325 -0.192849
v 0.636298 0.109797 -0.171019
v 0.649855 0.198557 -0.178615
v 0.656953 0.227017 -0.177875
v 0.698631 0.047364 -0.185592
v 0.666761 0.064238 -0.182245
v 0.684526 0.086227 -0.176762
v 0.675648 0.110358 -0.173656
v 0.674546 0.166736 -0.174910
v 0.679359 0.220349 -0.172943
v 0.727480 0.056372 -0.181383
v 0.708054 0.075566 -0.181431
v 0.695936 0.162740 -0.177570
v 0.703759 0.194743 -0.175097
v 0.706516 0.224500 -0.168915
v 0.775633 0.022717 -0.179042
v 0.726279 0.127266 -0.184511
v 0.506721 0.479894 -0.041771
v 0.509832 0.442505 -0.125025
v 0.533512 0.401432 -0.161784
v 0.505152 0.337254 -0.207474
v 0.508984 0.374272 -0.187876
v 0.563987 0.416288 -0.134977
v 0.562481 0.372949 -0.172965
v 0.537374 0.310651 -0.208573
v 0.568332 0.252820 -0.210118
v 0.599873 0.455460 -0.014936
v 0.571544 0.451116 -0.075268
v 0.552253 0.446789 -0.098188
v 0.563198 0.281352 -0.208088
v 0.596850 0.452157 -0.045090
v 0.615651 0.405160 -0.120484
v 0.616037 0.375817 -0.148454
v 0.596104 0.341445 -0.178148
v 0.621074 0.313622 -0.179766
v 0.631067 0.255890 -0.186947
v 0.659792 0.428229 -0.014307
v 0.647737 0.419658 -0.072150
v 0.682102 0.379108 -0.102291
v 0.635331 0.412293 -0.097462
v 0.666189 0.343444 -0.143318
v 0.677547 0.255486 -0.168186
v 0.634218 0.285399 -0.181736
v 0.713971 0.395940 -0.014152
v 0.663523 0.421493 -0.042312
v 0.692924 0.391305 -0.073819
v 0.667647 0.368167 -0.124286
v 0.696832 0.278553 -0.155128
v 0.688519 0.304563 -0.149509
v 0.715907 0.388890 -0.041806
v 0.737484 0.319251 -0.112189
v 0.713184 0.261250 -0.155673
v 0.721635 0.305772 -0.130698
v 0.730266 0.220127 -0.171565
v 0.756235 0.045097 -0.181464
v 0.733916 0.087649 -0.183275
v 0.760996 0.162843 -0.189075
v 0.763835 0.199624 -0.182928
v 0.743534 -0.000799 -0.176916
v 0.749505 0.060144 -0.180798
v 0.738433 0.245737 -0.160534
v 0.790467 0.106421 -0.190562
v 0.783399 0.135413 -0.192541
v 0.812863 0.034446 -0.175679
v 0.815388 0.232768 -0.171942
v 0.795759 0.057178 -0.182527
v 0.810865 0.163865 -0.192845
v 0.812263 0.190702 -0.188294
v 0.812604 0.213219 -0.181321
v 0.880665 0.023317 -0.159376
v 0.830197 0.097836 -0.190024
v 0.838546 0.135040 -0.193638
v 0.890677 0.079179 -0.180442
v 0.858615 0.076158 -0.183201
v 0.872846 0.106477 -0.188389
v 0.854878 0.164146 -0.191331
v 0.858490 0.195471 -0.185284
v 0.925428 0.014387 -0.141173
v 0.908417 0.067476 -0.172672
v 0.898777 0.135908 -0.187418
v 0.901849 0.170976 -0.184907
v 0.921038 0.028764 -0.151256
v 0.927421 0.109325 -0.179649
v 0.963555 0.053056 -0.148361
v 0.984087 0.135329 -0.160957
v 0.932692 0.157178 -0.180186
v 0.737137 0.377185 -0.014118
v 0.765566 0.349770 -0.045023
v 0.742368 0.367270 -0.041296
v 0.740614 0.354873 -0.070124
v 0.743074 0.293860 -0.130095
v 0.746930 0.332896 -0.092699
v 0.743068 0.268454 -0.146569
v 0.770070 0.353308 -0.015019
v 0.780419 0.331270 -0.070792
v 0.764015 0.337944 -0.071134
v 0.775688 0.297974 -0.118989
v 0.765229 0.317038 -0.100601
v 0.768518 0.283630 -0.134111
v 0.797481 0.342314 -0.014886
v 0.801346 0.327546 -0.068552
v 0.801781 0.336055 -0.043517
v 0.795637 0.311539 -0.098996
v 0.817971 0.263045 -0.152851
v 0.827559 0.336883 -0.013929
v 0.845470 0.323976 -0.066317
v 0.847172 0.294564 -0.118522
v 0.865171 0.305191 -0.100429
v 0.847240 0.272070 -0.143861
v 0.898137 0.329256 -0.012282
v 0.885659 0.328151 -0.036523
v 0.901806 0.313290 -0.072050
v 0.897424 0.286219 -0.120026
v 0.920418 0.299784 -0.091530
v 0.959272 0.310905 -0.014484
v 0.965116 0.303827 -0.046077
v 0.960130 0.297099 -0.071125
v 0.955984 0.263051 -0.121383
v 0.944307 0.283391 -0.103608
v 0.940474 0.267935 -0.123059
v 0.982272 0.024282 -0.122545
v 0.980608 0.078719 -0.152088
v 0.993314 0.104433 -0.153278
v 0.991394 0.166370 -0.155964
v 1.006717 0.013195 -0.099768
v 1.013738 0.053142 -0.120572
v 1.002170 0.237894 -0.117621
v 1.017458 0.077160 -0.129754
v 1.024352 0.135034 -0.138425
v 1.044425 0.163949 -0.123255
v 0.993259 0.191824 -0.148908
v 1.012745 0.220708 -0.122873
v 1.031004 0.020373 -0.086982
v 1.042887 0.052797 -0.097642
v 1.055621 0.226697 -0.076238
v 1.047138 0.083165 -0.109918
v 1.051182 0.196609 -0.105827
v 1.041579 0.220278 -0.099267
v 1.045672 0.110560 -0.120402
v 1.043204 0.186992 -0.117884
v 1.071421 0.017995 -0.035698
v 1.083313 0.222055 -0.016434
v 1.076244 0.077584 -0.073610
v 1.056967 0.243889 -0.048021
v 1.054930 0.023568 -0.065293
v 1.081854 0.169044 -0.081778
v 1.079727 0.194617 -0.070937
v 1.074323 0.111769 -0.091684
v 1.077304 0.161756 -0.090298
v 1.050828 0.137246 -0.119219
v 1.081057 0.022310 -0.013584
v 1.109258 0.115525 -0.012763
v 1.109113 0.169787 -0.015497
v 1.107251 0.179878 -0.008063
v 1.079323 0.032557 -0.033926
v 1.106905 0.119743 -0.030614
v 1.108179 0.136919 -0.032928
v 1.107254 0.160648 -0.031667
v 1.093339 0.191799 -0.042676
v 1.081143 0.211857 -0.050904
v 1.086173 0.101643 -0.068947
v 1.080159 0.137175 -0.089047
v 0.990195 0.293489 -0.043566
v 0.980551 0.268097 -0.102309
v 1.022143 0.280215 -0.014200
v 0.990785 0.298215 -0.021844
v 1.026932 0.256100 -0.075056
v 1.013564 0.270797 -0.066626
v 1.011449 0.250828 -0.097887
v 1.054580 0.255113 -0.014626
v 1.026451 0.271434 -0.043416
v -0.587124 0.437926 0.408330
v -0.589988 0.469346 0.406145
v -0.527760 0.336949 0.368374
v -0.515890 0.329660 0.359321
v -0.566393 0.558911 0.370095
v -0.527277 0.603372 0.335588
v -0.516546 0.609897 0.327732
v -0.502380 0.618349 0.326677
v -0.458686 0.310628 0.317741
v -0.478636 0.313404 0.328217
v -0.426369 0.312310 0.314143
v -0.334078 0.380278 0.330213
v -0.312937 0.437750 0.324478
v -0.310004 0.469651 0.315922
v -0.422738 0.626937 0.321407
v -0.337475 0.564685 0.272198
v -0.587112 0.437849 -0.408321
v -0.589987 0.469537 -0.406017
v -0.587628 0.498509 -0.400067
v -0.580382 0.527884 -0.389398
v -0.513117 0.612012 -0.326427
v -0.529500 0.601697 -0.336205
v -0.477947 0.313270 -0.328453
v -0.425949 0.312462 -0.314634
v -0.461429 0.311081 -0.319090
v -0.310009 0.469517 -0.315995
v -0.312742 0.438552 -0.324229
v -0.423767 0.627116 -0.321801
v -0.336806 0.564102 -0.272483
v -0.121375 0.241409 0.303324
v -0.068390 0.208725 0.275469
v 0.005294 0.188181 0.233408
v -0.140000 0.280033 0.316923
v -0.135386 0.299513 0.319960
v -0.070621 0.350274 0.310237
v -0.121259 0.241316 -0.303267
v -0.139992 0.280067 -0.317063
v -0.135388 0.299510 -0.319973
v -0.071208 0.349982 -0.310385
v 0.053386 0.378099 0.257018
v 0.088997 0.180035 0.218508
v 0.103162 0.379994 0.225977
v 0.233034 0.196774 0.241105
v 0.321712 0.241714 0.245402
v 0.321575 0.318414 0.235367
v 0.075788 0.180994 -0.218124
v 0.147189 0.181954 -0.227817
v 0.195647 0.188438 -0.236324
v 0.108632 0.379728 -0.223536
v 0.056821 0.378325 -0.255153
v 0.192364 0.372287 -0.208206
v 0.299553 0.335557 -0.229537
v 0.231794 0.196443 -0.241067
v 0.321706 0.241709 -0.245402
v 0.850224 0.213785 0.180062
v 0.853192 0.234873 0.169146
v 0.866031 0.188059 0.186250
v 0.912485 0.170013 0.182792
v 0.886553 0.176078 0.185870
v 0.946234 0.173633 0.172115
v 0.964946 0.181267 0.163170
v 0.977725 0.191739 0.155845
v 0.987405 0.206560 0.145544
v 0.989880 0.224676 0.134039
v 0.964317 0.258949 0.120352
v 0.982159 0.243524 0.125231
v 0.850520 0.213001 -0.180346
v 0.852346 0.232808 -0.170382
v 0.875549 0.180917 -0.186309
v 0.912795 0.170120 -0.182676
v 0.938816 0.171453 -0.175098
v 0.863654 0.249881 -0.158591
v 0.913254 0.270112 -0.131640
v 0.885423 0.263421 -0.145042
v 0.964734 0.180980 -0.163140
v 0.989703 0.224503 -0.134101
v 0.987462 0.206206 -0.145564
v 0.978020 0.192046 -0.155679
v 0.975667 0.250640 -0.122674
v 0.984669 0.239139 -0.126513
v -0.216945 0.096107 -0.225900
v -0.179753 -0.062696 -0.182632
v -0.245059 0.090131 -0.216561
v -0.262435 0.086438 -0.192111
v -0.188182 -0.064433 -0.180328
v -0.262435 0.086438 -0.161889
v -0.245059 0.090131 -0.137439
v -0.216945 0.096107 -0.128100
v -0.186321 -0.064118 -0.171375
v -0.188830 0.102083 -0.137439
v -0.171454 0.105776 -0.161889
v -0.177923 -0.062257 -0.173673
v -0.171454 0.105776 -0.192111
v -0.188830 0.102083 -0.216561
v -0.216945 0.096166 0.128100
v -0.179754 -0.062617 0.171363
v -0.245059 0.090190 0.137439
v -0.262435 0.086496 0.161889
v -0.188180 -0.064379 0.173673
v -0.262435 0.086496 0.192111
v -0.245059 0.090190 0.216561
v -0.216945 0.096166 0.225900
v -0.186327 -0.064045 0.182629
v -0.188830 0.102142 0.216561
v -0.171454 0.105835 0.192111
v -0.177923 -0.062210 0.180325
v -0.171454 0.105835 0.161889
v -0.188830 0.102142 0.137439
v -0.078114 0.109793 -0.224375
v -0.040035 -0.060270 -0.177913
v -0.108169 0.103405 -0.214391
v -0.126744 0.099457 -0.188254
v -0.046887 -0.061739 -0.175819
v -0.126744 0.099457 -0.155946
v -0.108169 0.103405 -0.129809
v -0.046563 -0.061657 -0.168141
v -0.078114 0.109793 -0.119825
v -0.048059 0.116182 -0.129809
v -0.040035 -0.060273 -0.166288
v -0.029484 0.120130 -0.155946
v -0.029484 0.120130 -0.188254
v -0.035691 -0.059354 -0.172100
v -0.048059 0.116182 -0.214391
v -0.078114 0.109802 0.119825
v -0.108169 0.103414 0.129809
v -0.126744 0.099465 0.155946
v -0.046100 -0.061588 0.167159
v -0.126744 0.099465 0.188254
v -0.108169 0.103414 0.214391
v -0.046560 -0.061655 0.176058
v -0.078114 0.109802 0.224375
v -0.048059 0.116190 0.214391
v -0.029484 0.120139 0.188254
v -0.037649 -0.059818 0.177035
v -0.029484 0.120139 0.155946
v -0.048059 0.116190 0.129809
v -0.037203 -0.059662 0.168141
v 0.060716 0.018769 -0.222850
v 0.102585 -0.162028 -0.172835
v 0.028721 0.011968 -0.212222
v 0.008946 0.007765 -0.184397
v 0.094159 -0.163784 -0.170527
v 0.008946 0.007765 -0.150003
v 0.028721 0.011968 -0.122178
v 0.060716 0.018769 -0.111550
v 0.096013 -0.163451 -0.161572
v 0.092712 0.025570 -0.122178
v 0.112486 0.029773 -0.150003
v 0.104416 -0.161608 -0.163874
v 0.112486 0.029773 -0.184397
v 0.092712 0.025570 -0.212222
v 0.060716 0.018764 0.111550
v 0.099284 -0.162683 0.161200
v 0.028721 0.011963 0.122178
v 0.008946 0.007760 0.150003
v 0.094158 -0.163786 0.163873
v 0.008946 0.007760 0.184397
v 0.028721 0.011963 0.212222
v 0.094450 -0.163724 0.170792
v 0.060716 0.018764 0.222850
v 0.092712 0.025565 0.212222
v 0.100798 -0.162382 0.173213
v 0.112486 0.029768 0.184397
v 0.112486 0.029768 0.150003
v 0.092712 0.025565 0.122178
v 0.105552 -0.161418 0.165743
v 0.200950 0.000146 -0.217275
v 0.240900 -0.178720 -0.168113
v 0.169343 -0.006572 -0.206776
v 0.149808 -0.010725 -0.179288
v 0.149808 -0.010725 -0.145312
v 0.233178 -0.180442 -0.164877
v 0.169343 -0.006572 -0.117824
v 0.238483 -0.179273 -0.155764
v 0.200950 0.000146 -0.107325
v 0.232557 0.006864 -0.117824
v 0.252092 0.011016 -0.145312
v 0.252092 0.011016 -0.179288
v 0.245244 -0.177805 -0.162300
v 0.232557 0.006864 -0.206776
v 0.200950 0.000147 0.107325
v 0.169343 -0.006571 0.117824
v 0.149808 -0.010724 0.145312
v 0.234838 -0.180053 0.157361
v 0.149808 -0.010724 0.179288
v 0.169343 -0.006571 0.206776
v 0.234373 -0.180107 0.166259
v 0.200950 0.000147 0.217275
v 0.232557 0.006865 0.206776
v 0.252092 0.011017 0.179288
v 0.243287 -0.178293 0.167232
v 0.252092 0.011017 0.145312
v 0.232557 0.006865 0.117824
v 0.243733 -0.178120 0.158342
v 0.342120 -0.008028 -0.209000
v 0.379395 -0.175975 -0.163412
v 0.312453 -0.014334 -0.199145
v 0.294118 -0.018231 -0.173345
v 0.294118 -0.018231 -0.141455
v 0.371937 -0.177592 -0.159378
v 0.312453 -0.014334 -0.115655
v 0.374431 -0.177002 -0.152546
v 0.342120 -0.008028 -0.105800
v 0.371787 -0.001722 -0.115655
v 0.380122 -0.175821 -0.151630
v 0.390122 0.002176 -0.141455
v 0.390122 0.002176 -0.173345
v 0.383946 -0.174992 -0.157791
v 0.371787 -0.001722 -0.199145
v 0.342120 -0.008037 0.105800
v 0.312453 -0.014343 0.115655
v 0.378476 -0.176246 0.150875
v 0.294118 -0.018240 0.141455
v 0.294118 -0.018240 0.173345
v 0.371822 -0.177583 0.157010
v 0.312453 -0.014343 0.199145
v 0.374431 -0.177012 0.162254
v 0.342120 -0.008037 0.209000
v 0.371787 -0.001731 0.199145
v 0.380121 -0.175830 0.163170
v 0.390122 0.002166 0.173345
v 0.390122 0.002166 0.141455
v 0.383862 -0.175017 0.157400
v 0.371787 -0.001731 0.115655
v 0.483289 -0.008930 -0.200725
v 0.455563 -0.014824 -0.191515
v 0.514804 -0.166600 -0.158517
v 0.438427 -0.018466 -0.167402
v 0.438427 -0.018466 -0.137598
v 0.455563 -0.014824 -0.113485
v 0.510826 -0.167485 -0.149920
v 0.483289 -0.008930 -0.104275
v 0.511016 -0.003037 -0.113485
v 0.528152 0.000605 -0.137598
v 0.520948 -0.165360 -0.147568
v 0.528152 0.000605 -0.167402
v 0.511016 -0.003037 -0.191515
v 0.521550 -0.165148 -0.156093
v 0.483289 -0.008924 0.104275
v 0.455563 -0.014818 0.113485
v 0.514804 -0.166593 0.146483
v 0.438427 -0.018460 0.137598
v 0.438427 -0.018460 0.167402
v 0.510654 -0.167470 0.152890
v 0.455563 -0.014818 0.191515
v 0.483289 -0.008924 0.200725
v 0.511016 -0.003031 0.191515
v 0.517300 -0.166094 0.159035
v 0.528152 0.000612 0.167402
v 0.528152 0.000612 0.137598
v 0.511016 -0.003031 0.113485
v 0.522680 -0.164937 0.150520
v 0.624459 -0.003143 -0.192450
v 0.598673 -0.008624 -0.183884
v 0.653312 -0.149878 -0.153371
v 0.582736 -0.012012 -0.161459
v 0.582736 -0.012012 -0.133741
v 0.649482 -0.150678 -0.147210
v 0.598673 -0.008624 -0.111316
v 0.624459 -0.003143 -0.102750
v 0.650245 0.002338 -0.111316
v 0.655550 -0.149418 -0.141193
v 0.666181 0.005725 -0.133741
v 0.661123 -0.148190 -0.145746
v 0.666181 0.005725 -0.161459
v 0.650245 0.002338 -0.183884
v 0.660225 -0.148397 -0.151559
v 0.624459 -0.003136 0.102750
v 0.658844 -0.148733 0.141968
v 0.598673 -0.008617 0.111316
v 0.582736 -0.012005 0.133741
v 0.650707 -0.150409 0.144007
v 0.582736 -0.012005 0.161459
v 0.598673 -0.008617 0.183884
v 0.650415 -0.150473 0.150927
v 0.624459 -0.003136 0.192450
v 0.650245 0.002345 0.183884
v 0.657056 -0.149075 0.153612
v 0.666181 0.005732 0.161459
v 0.661123 -0.148183 0.149454
v 0.666181 0.005732 0.133741
v 0.650245 0.002345 0.111316
v 0.765628 0.010940 -0.184175
v 0.795887 -0.123994 -0.148712
v 0.741782 0.005872 -0.176254
v 0.727045 0.002739 -0.155516
v 0.789245 -0.125392 -0.146027
v 0.727045 0.002739 -0.129884
v 0.741782 0.005872 -0.109146
v 0.789697 -0.125303 -0.138742
v 0.765628 0.010940 -0.101225
v 0.789474 0.016009 -0.109146
v 0.796612 -0.123829 -0.136926
v 0.804211 0.019141 -0.129884
v 0.804211 0.019141 -0.155516
v 0.800437 -0.123013 -0.143091
v 0.789474 0.016009 -0.176254
v 0.765628 0.011064 0.101225
v 0.741782 0.005996 0.109146
v 0.794386 -0.124231 0.136300
v 0.727045 0.002863 0.129884
v 0.788125 -0.125550 0.144158
v 0.727045 0.002863 0.155516
v 0.741782 0.005996 0.176254
v 0.765628 0.011064 0.184175
v 0.789474 0.016133 0.176254
v 0.796289 -0.123778 0.148719
v 0.804211 0.019265 0.155516
v 0.804211 0.019265 0.129884
v 0.800437 -0.122889 0.142310
v 0.789474 0.016133 0.109146
v 0.906798 0.046620 -0.175900
v 0.934716 -0.077299 -0.143815
v 0.884892 0.041964 -0.168624
v 0.871354 0.039086 -0.149574
v 0.871354 0.039086 -0.126026
v 0.926971 -0.079019 -0.139256
v 0.884892 0.041964 -0.106976
v 0.906798 0.046620 -0.099700
v 0.928703 0.051276 -0.106976
v 0.933791 -0.077536 -0.131264
v 0.942241 0.054154 -0.126026
v 0.942241 0.054154 -0.149574
v 0.939268 -0.076329 -0.138191
v 0.928703 0.051276 -0.168624
v 0.906798 0.046950 0.099700
v 0.935053 -0.076895 0.131987
v 0.884892 0.042294 0.106976
v 0.871354 0.039417 0.126026
v 0.928527 -0.078288 0.133842
v 0.871354 0.039417 0.149574
v 0.884892 0.042294 0.168624
v 0.906798 0.046950 0.175900
v 0.928992 -0.078234 0.142739
v 0.928703 0.051606 0.168624
v 0.936652 -0.076541 0.142654
v 0.942241 0.054484 0.149574
v 0.942241 0.054484 0.126026
v 0.939268 -0.075999 0.137409
v 0.928703 0.051606 0.106976
v -1.033749 -0.179443 0.234831
v -1.032019 -0.157957 0.241917
v -1.026442 -0.133351 0.244537
v -1.019826 -0.113835 0.241860
v -1.004107 -0.185627 0.269210
v -1.004102 -0.165262 0.274196
v -0.998739 -0.140322 0.276524
v -0.992013 -0.119922 0.273333
v -1.026912 -0.207191 0.223359
v -1.010671 -0.195119 0.256364
v -1.009664 -0.105247 0.245526
v -0.997027 -0.083534 0.232127
v -1.045016 -0.240957 0.114404
v -1.049498 -0.247045 0.060279
v -1.057958 -0.242394 0.000002
v -1.034033 -0.235462 0.162704
v -1.027549 -0.269948 0.002458
v -1.083370 -0.139373 0.146651
v -1.079554 -0.121816 0.148522
v -1.090179 -0.166432 0.115926
v -1.077572 -0.095382 0.116347
v -1.100338 -0.142194 0.070430
v -1.096064 -0.115648 0.069565
v -1.070688 -0.074280 0.081610
v -1.099524 -0.167748 0.058028
v -1.086128 -0.090707 0.061252
v -1.074430 -0.070331 0.028320
v -1.094788 -0.194478 0.001441
v -1.100752 -0.177521 -0.002044
v -1.104624 -0.144015 -0.018302
v -1.100672 -0.114893 -0.000001
v -1.089757 -0.089256 -0.000001
v -1.055120 -0.148878 0.208110
v -1.051826 -0.127098 0.207803
v -1.039863 -0.104967 0.209618
v -1.067760 -0.177594 0.170201
v -1.060709 -0.155642 0.196233
v -1.048783 -0.097142 0.183791
v -1.032298 -0.080684 0.187627
v -1.062787 -0.202673 0.155679
v -1.079279 -0.149567 0.154513
v -1.069071 -0.090899 0.133096
v -1.056294 -0.069911 0.114300
v -1.027170 -0.051764 0.119972
v -1.069070 -0.213151 0.112442
v -1.089065 -0.185171 0.091861
v -1.083807 -0.206023 0.057518
v -1.055570 -0.060112 0.074431
v -1.037343 -0.046535 0.060248
v -1.094719 -0.188833 0.042292
v -1.058022 -0.056150 0.029650
v -1.040655 -0.044575 0.000003
v -1.057054 -0.188026 0.186322
v -1.020468 -0.060360 0.159630
v -1.070967 -0.223657 0.060473
v -1.005805 -0.032672 0.058203
v -1.075267 -0.222987 0.000000
v -1.008714 -0.030921 0.006590
v -0.993776 -0.063598 0.199089
v -1.029562 -0.223387 0.194787
v -0.986563 -0.045282 0.154308
v -0.960575 -0.039524 0.159008
v -0.990217 -0.032624 0.093674
v -0.966073 -0.021789 0.026993
v -0.952906 -0.262751 0.239435
v -0.893569 -0.275132 0.268326
v -0.919717 -0.277018 0.243717
v -0.861777 -0.285900 0.265030
v -0.819001 -0.293339 0.265445
v -0.834868 -0.301951 0.241347
v -0.974241 -0.196784 0.294318
v -0.974514 -0.173494 0.300743
v -0.968472 -0.148637 0.303851
v -0.961314 -0.129024 0.301311
v -0.980966 -0.222838 0.267250
v -0.981466 -0.112006 0.276144
v -0.968713 -0.089954 0.262707
v -0.966192 -0.068959 0.231719
v -0.939067 -0.175718 0.325507
v -0.935602 -0.156675 0.326544
v -0.925438 -0.140712 0.326624
v -0.949023 -0.121651 0.303905
v -0.914664 -0.109766 0.308300
v -0.959243 -0.218502 0.291888
v -0.942393 -0.092089 0.279483
v -0.929166 -0.076915 0.262652
v -0.974824 -0.245529 0.243894
v -0.910703 -0.209278 0.328655
v -0.928967 -0.186766 0.328614
v -0.906826 -0.162860 0.336770
v -0.915888 -0.239542 0.302955
v -0.933742 -0.214836 0.312520
v -0.907850 -0.124150 0.321778
v -0.945647 -0.244655 0.274984
v -0.898436 -0.090370 0.290007
v -0.899498 -0.063788 0.243928
v -0.879183 -0.060118 0.236815
v -0.881899 -0.195449 0.341440
v -0.870203 -0.142920 0.337283
v -0.856529 -0.127849 0.329727
v -0.892681 -0.233934 0.319856
v -0.877740 -0.109425 0.313337
v -0.918151 -0.261270 0.273994
v -0.871414 -0.085007 0.282657
v -0.860429 -0.224869 0.335111
v -0.862695 -0.173553 0.344919
v -0.883075 -0.255992 0.301175
v -0.847898 -0.103680 0.306513
v -0.839660 -0.083367 0.274113
v -0.821364 -0.068229 0.236502
v -0.840271 -0.206775 0.343765
v -0.821838 -0.184334 0.346023
v -0.813995 -0.159577 0.341125
v -0.809334 -0.139236 0.330730
v -0.856225 -0.264858 0.300119
v -0.834275 -0.247999 0.323061
v -0.817342 -0.114102 0.311274
v -0.811044 -0.090380 0.275534
v -0.807749 -0.236175 0.332752
v -0.796745 -0.219948 0.338546
v -0.828379 -0.270190 0.299313
v -0.774945 -0.134601 0.314929
v -0.782277 -0.116771 0.300231
v -0.772524 -0.110178 0.285658
v -0.777509 -0.086894 0.249590
v -0.771193 -0.199743 0.336124
v -0.772258 -0.168927 0.332930
v -0.773459 -0.152263 0.326702
v -0.782118 -0.273413 0.296169
v -0.789497 -0.251747 0.318839
v -0.774288 -0.236947 0.326502
v -0.799274 -0.289418 0.273504
v -0.737909 -0.135062 0.291765
v -0.749642 -0.094359 0.241923
v -0.988706 -0.253684 0.210287
v -1.006258 -0.263804 0.147756
v -1.007192 -0.274486 0.102448
v -1.017636 -0.274453 0.049494
v -0.978751 -0.281685 0.150828
v -0.968824 -0.296483 0.103581
v -0.985732 -0.294562 0.029981
v -0.949955 -0.289566 0.176921
v -0.957313 -0.306539 0.062538
v -0.958334 -0.308898 -0.000001
v -0.925632 -0.296683 0.187996
v -0.912685 -0.311297 0.149641
v -0.915768 -0.320320 0.091510
v -0.914619 -0.325824 0.030529
v -0.878341 -0.301934 0.219104
v -0.878590 -0.313118 0.184715
v -0.870831 -0.329055 0.119520
v -0.857645 -0.339672 0.057217
v -0.860446 -0.341118 0.003610
v -0.824887 -0.324312 0.183411
v -0.838466 -0.333249 0.133808
v -0.808188 -0.316597 0.211029
v -0.810307 -0.339024 0.120237
v -0.795309 -0.344963 0.087635
v -0.799175 -0.349148 0.032979
v -1.003850 -0.236670 0.218423
v -0.960888 -0.048839 0.187020
v -0.933514 -0.033463 0.145387
v -0.935182 -0.022946 0.085134
v -0.925974 -0.050525 0.208620
v -0.893130 -0.041577 0.181246
v -0.890395 -0.027047 0.119416
v -0.862522 -0.052218 0.210124
v -0.860250 -0.034702 0.147451
v -0.833655 -0.042571 0.164518
v -0.803142 -0.055440 0.185737
v -0.776756 -0.071704 0.211207
v -0.756230 -0.060941 0.152471
v -0.730047 -0.083215 0.188907
v -0.776538 -0.307482 0.236917
v -0.754262 -0.187595 0.330123
v -0.758872 -0.262879 0.302251
v -0.747949 -0.233227 0.318204
v -0.739708 -0.175934 0.318748
v -0.725757 -0.158251 0.301806
v -0.718674 -0.127587 0.266489
v -0.754641 -0.302288 0.244653
v -0.738955 -0.255458 0.301232
v -0.739565 -0.287197 0.265653
v -0.730326 -0.272543 0.281426
v -0.716175 -0.250661 0.293074
v -0.702736 -0.150493 0.276209
v -0.708817 -0.264949 0.276233
v -0.699189 -0.170434 0.286975
v -0.714134 -0.297225 0.235451
v -0.702258 -0.279679 0.255485
v -0.665352 -0.186116 0.258244
v -0.674652 -0.155791 0.249050
v -0.677949 -0.139352 0.233099
v -0.680072 -0.271852 0.246357
v -0.655447 -0.168298 0.234129
v -0.783857 -0.329660 0.175042
v -0.734887 -0.316095 0.205798
v -0.768890 -0.337564 0.141648
v -0.745756 -0.336444 0.141343
v -0.739173 -0.344885 0.088938
v -0.756666 -0.348338 0.060676
v -0.704006 -0.326813 0.152593
v -0.722323 -0.337445 0.120657
v -0.707781 -0.343429 0.061014
v -0.739195 -0.349769 0.023176
v -0.702737 -0.345402 0.000001
v -0.647377 -0.327920 0.080471
v -0.647406 -0.331666 0.046759
v -0.647734 -0.333831 0.000000
v -0.722194 -0.101592 0.226883
v -0.718282 -0.071319 0.122716
v -0.697497 -0.109569 0.210558
v -0.689670 -0.095152 0.153094
v -0.693752 -0.078348 0.087191
v -0.683756 -0.078973 0.030881
v -0.702893 -0.316128 0.185571
v -0.671200 -0.116546 0.181415
v -0.648261 -0.118188 0.128947
v -0.652472 -0.106844 0.091006
v -0.648485 -0.104384 0.044481
v -0.648446 -0.102337 -0.000000
v -0.683000 -0.301418 0.203474
v -0.672927 -0.282908 0.225883
v -0.652502 -0.145462 0.201574
v -0.645128 -0.288957 0.191860
v -0.616914 -0.166148 0.167549
v -0.608636 -0.159245 0.137017
v -0.650903 -0.323457 0.107716
v -0.643424 -0.278599 0.202460
v -0.628113 -0.192071 0.211192
v -0.639182 -0.298563 0.169653
v -0.619474 -0.182306 0.191472
v -0.638493 -0.308889 0.146942
v -0.604082 -0.152256 0.104689
v -0.607043 -0.139732 0.059897
v -0.603024 -0.138589 -0.000000
v -0.601303 -0.193765 0.180925
v -0.612346 -0.294149 0.166776
v -0.588517 -0.188033 0.162691
v -0.616884 -0.319457 0.108672
v -0.614606 -0.308420 0.139288
v -0.584081 -0.171288 0.121938
v -0.579982 -0.161446 0.078403
v -0.619875 -0.329024 0.064328
v -0.579753 -0.155248 0.044495
v -0.621541 -0.333062 0.000000
v -0.579015 -0.153352 -0.000000
v -0.579681 -0.299782 0.164747
v -0.559332 -0.197071 0.158073
v -0.591920 -0.318349 0.119529
v -0.582755 -0.314417 0.137455
v -0.549972 -0.187583 0.132520
v -0.586712 -0.325839 0.103986
v -0.557722 -0.174641 0.097464
v -0.588716 -0.332222 0.074576
v -0.549414 -0.171124 0.075181
v -0.588535 -0.336592 0.043893
v -0.546972 -0.167308 0.045957
v -0.595108 -0.337559 0.000000
v -0.550284 -0.163634 0.000000
v -0.519922 -0.215208 0.177362
v -0.531040 -0.217295 0.178256
v -0.527958 -0.203216 0.160331
v -0.528972 -0.181215 0.105885
v -0.567072 -0.346255 0.000000
v -0.518506 -0.169786 0.000000
v -0.356398 -0.315747 0.237062
v -0.356000 -0.300292 0.237720
v -0.345092 -0.287756 0.235862
v -0.324815 -0.308393 0.240502
v -0.268543 -0.342261 0.239691
v -0.494255 -0.373402 -0.000553
v -0.466464 -0.380516 0.044952
v -0.406476 -0.396716 0.068844
v -0.399952 -0.402637 0.013991
v -0.331429 -0.412710 0.102403
v -0.330543 -0.421787 0.032140
v -0.290653 -0.428446 0.070937
v -0.473105 -0.351035 0.156011
v -0.480543 -0.340042 0.171753
v -0.444950 -0.201069 0.138506
v -0.458006 -0.372552 0.107412
v -0.456514 -0.379479 0.077559
v -0.436558 -0.184003 0.045873
v -0.433776 -0.182509 0.015209
v -0.481751 -0.323517 0.193303
v -0.485624 -0.235092 0.199026
v -0.459401 -0.222544 0.184619
v -0.456534 -0.365435 0.133388
v -0.442798 -0.189180 0.090547
v -0.443592 -0.324408 0.208858
v -0.494537 -0.306211 0.202818
v -0.430282 -0.240840 0.204036
v -0.421738 -0.216169 0.165964
v -0.379380 -0.319329 0.227938
v -0.421281 -0.259667 0.216988
v -0.401205 -0.355613 0.193587
v -0.371213 -0.218156 0.152294
v -0.362087 -0.200755 0.075867
v -0.378402 -0.294161 0.230236
v -0.372126 -0.268153 0.221740
v -0.340029 -0.259645 0.213092
v -0.363917 -0.375634 0.181147
v -0.358156 -0.243016 0.196126
v -0.356286 -0.210069 0.117343
v -0.316824 -0.206189 0.045441
v -0.341494 -0.199529 0.015535
v -0.366734 -0.347431 0.215690
v -0.345277 -0.390606 0.160461
v -0.321846 -0.236914 0.174139
v -0.330797 -0.341670 0.230835
v -0.324434 -0.276187 0.226634
v -0.275081 -0.239454 0.157125
v -0.319634 -0.405735 0.138224
v -0.274355 -0.231906 0.133463
v -0.283924 -0.371531 0.218508
v -0.284215 -0.269312 0.212782
v -0.278649 -0.386891 0.201907
v -0.265343 -0.260830 0.195538
v -0.258843 -0.228385 0.104526
v -0.243438 -0.226527 0.074085
v -0.242271 -0.221346 -0.000000
v -0.235318 -0.312156 0.237759
v -0.225555 -0.333241 0.241569
v -0.158125 -0.364880 0.237088
v -0.150407 -0.351352 0.237784
v -0.150055 -0.336950 0.234908
v -0.225234 -0.439449 0.099920
v -0.211370 -0.451164 0.026442
v -0.167377 -0.455200 0.081020
v -0.122292 -0.465796 0.066309
v -0.100844 -0.472174 0.043197
v -0.083100 -0.476902 -0.000000
v -0.258673 -0.289823 0.227463
v -0.284417 -0.396775 0.182975
v -0.219507 -0.261524 0.176953
v -0.248681 -0.364585 0.231086
v -0.210602 -0.287186 0.212508
v -0.226931 -0.420317 0.161461
v -0.180595 -0.239213 0.043793
v -0.177016 -0.312502 0.227013
v -0.204140 -0.415881 0.182116
v -0.163880 -0.287262 0.194265
v -0.176591 -0.259939 0.144108
v -0.216717 -0.431608 0.135229
v -0.150974 -0.256502 0.104136
v -0.182818 -0.392921 0.217714
v -0.182752 -0.377428 0.230063
v -0.185464 -0.409801 0.197799
v -0.104406 -0.264865 0.076293
v -0.158421 -0.243396 0.000000
v -0.147711 -0.306642 0.211798
v -0.124556 -0.287663 0.172823
v -0.105331 -0.283729 0.150702
v -0.134637 -0.380988 0.226550
v -0.125462 -0.358068 0.229138
v -0.124895 -0.329471 0.221999
v -0.128734 -0.438954 0.162386
v -0.097431 -0.436380 0.177685
v -0.104646 -0.453396 0.133764
v -0.063320 -0.290584 0.131032
v -0.114539 -0.459188 0.107104
v -0.084559 -0.267684 0.045746
v -0.090717 -0.263417 -0.000000
v -0.074444 -0.425985 0.196755
v -0.032211 -0.341972 0.199862
v -0.084032 -0.313139 0.191429
v -0.058323 -0.285594 0.104403
v -0.082039 -0.413271 0.208681
v -0.059468 -0.351639 0.214766
v -0.053901 -0.302555 0.154175
v -0.927179 -0.017791 0.030208
v -0.900469 -0.021871 0.084036
v -0.897204 -0.017397 0.008768
v -0.840936 -0.026725 0.074309
v -0.843159 -0.023265 0.025681
v -0.812233 -0.035164 0.099534
v -0.785358 -0.047651 0.134433
v -0.796889 -0.032722 0.015450
v -0.754943 -0.046694 0.044896
v -0.768023 -0.041142 -0.000000
v -0.729187 -0.059166 0.072781
v -0.725744 -0.057088 -0.014967
v -1.063798 -0.232818 -0.057435
v -1.044731 -0.241532 -0.113060
v -1.040390 -0.255101 -0.059921
v -1.026919 -0.235156 -0.180161
v -1.074044 -0.069898 -0.028159
v -1.099523 -0.167748 -0.058030
v -1.096064 -0.115648 -0.069563
v -1.086128 -0.090707 -0.061256
v -1.097499 -0.142286 -0.086300
v -1.070032 -0.073925 -0.083267
v -1.091006 -0.163687 -0.113787
v -1.076484 -0.093496 -0.116672
v -1.083561 -0.140306 -0.146467
v -1.080121 -0.122428 -0.147838
v -1.094414 -0.189447 -0.042766
v -1.057336 -0.055640 -0.029630
v -1.083807 -0.206023 -0.057518
v -1.037343 -0.046535 -0.060248
v -1.089066 -0.185171 -0.091858
v -1.055570 -0.060112 -0.074431
v -1.072981 -0.200952 -0.126499
v -1.067489 -0.088716 -0.132516
v -1.051578 -0.067624 -0.119009
v -1.028439 -0.053136 -0.122289
v -1.075432 -0.181225 -0.147220
v -1.077784 -0.151506 -0.157739
v -1.075038 -0.117881 -0.154794
v -1.046669 -0.096916 -0.187656
v -1.038939 -0.080399 -0.175074
v -1.060645 -0.167917 -0.192155
v -1.056043 -0.149976 -0.206658
v -1.051101 -0.127153 -0.209289
v -1.043507 -0.109569 -0.208462
v -1.007227 -0.031617 -0.040747
v -1.067107 -0.222428 -0.089880
v -1.011918 -0.039313 -0.090573
v -1.048955 -0.226344 -0.145734
v -1.018258 -0.060933 -0.164279
v -1.052487 -0.210090 -0.167973
v -1.054218 -0.191578 -0.188920
v -1.030928 -0.100608 -0.216514
v -1.018278 -0.078422 -0.201205
v -1.033258 -0.179915 -0.235356
v -0.963445 -0.021533 -0.030068
v -0.989947 -0.032737 -0.094618
v -0.984522 -0.044821 -0.155160
v -0.964549 -0.036519 -0.142543
v -1.024354 -0.207807 -0.226817
v -0.994505 -0.076785 -0.223869
v -0.983607 -0.061970 -0.203739
v -1.005982 -0.103655 -0.247758
v -1.030347 -0.159614 -0.244157
v -1.024585 -0.132680 -0.246563
v -1.019826 -0.113835 -0.241860
v -1.006932 -0.192070 -0.263087
v -1.004102 -0.165262 -0.274196
v -0.996930 -0.139701 -0.278088
v -0.985562 -0.114317 -0.275243
v -1.019565 -0.274419 -0.032151
v -1.005379 -0.276452 -0.098850
v -1.005025 -0.265057 -0.146874
v -0.987259 -0.255047 -0.209270
v -0.970540 -0.301755 -0.049488
v -0.968823 -0.296483 -0.103581
v -0.977156 -0.282070 -0.152814
v -0.948508 -0.289919 -0.177953
v -0.947271 -0.267243 -0.236118
v -0.916579 -0.325161 -0.030549
v -0.930736 -0.313080 -0.103824
v -0.912184 -0.304717 -0.177818
v -0.906460 -0.293813 -0.217184
v -0.900674 -0.325155 -0.090092
v -0.899500 -0.315710 -0.148226
v -0.872494 -0.336085 -0.057771
v -0.870831 -0.329055 -0.119521
v -0.867559 -0.317129 -0.179311
v -0.850011 -0.308569 -0.218869
v -0.828515 -0.346206 -0.030207
v -0.841796 -0.339022 -0.091007
v -0.825131 -0.332263 -0.148927
v -0.824175 -0.324107 -0.183709
v -0.797548 -0.344510 -0.090053
v -0.808275 -0.315528 -0.213837
v -0.951346 -0.025607 -0.089822
v -0.953527 -0.044291 -0.179110
v -1.000780 -0.238475 -0.220329
v -0.963496 -0.069903 -0.234981
v -0.917654 -0.021574 -0.082624
v -0.921771 -0.033718 -0.148873
v -0.924646 -0.051028 -0.210301
v -0.969961 -0.249006 -0.244515
v -0.889064 -0.027411 -0.121166
v -0.893130 -0.041577 -0.181246
v -0.892609 -0.059881 -0.236751
v -0.848419 -0.037241 -0.152925
v -0.862522 -0.052218 -0.210124
v -0.834360 -0.061603 -0.226188
v -0.804461 -0.059504 -0.200876
v -0.781414 -0.056003 -0.167060
v -0.772211 -0.084451 -0.240531
v -0.746074 -0.064092 -0.147857
v -0.746276 -0.084879 -0.214943
v -0.732197 -0.104239 -0.243555
v -0.915145 -0.265557 -0.270198
v -0.875487 -0.282608 -0.265111
v -0.826076 -0.291246 -0.267826
v -0.788106 -0.304866 -0.244139
v -0.987550 -0.220808 -0.261363
v -0.990103 -0.202296 -0.275137
v -0.980436 -0.096209 -0.261518
v -0.962597 -0.089351 -0.265630
v -0.974195 -0.173154 -0.300995
v -0.970723 -0.195078 -0.298023
v -0.968472 -0.148637 -0.303851
v -0.961314 -0.129024 -0.301311
v -0.937110 -0.091110 -0.280450
v -0.926226 -0.076971 -0.263500
v -0.952503 -0.235825 -0.280042
v -0.947408 -0.218995 -0.301336
v -0.945231 -0.120833 -0.305335
v -0.936256 -0.177894 -0.327100
v -0.935371 -0.157693 -0.326805
v -0.913714 -0.109668 -0.308401
v -0.925008 -0.140856 -0.326870
v -0.937928 -0.257414 -0.263658
v -0.897953 -0.094847 -0.295588
v -0.884026 -0.085511 -0.283681
v -0.915681 -0.240340 -0.302132
v -0.922683 -0.201973 -0.326365
v -0.906293 -0.122967 -0.321382
v -0.905771 -0.162770 -0.337017
v -0.866971 -0.066132 -0.247875
v -0.891468 -0.234026 -0.320207
v -0.877739 -0.109425 -0.313337
v -0.849917 -0.100047 -0.302066
v -0.884709 -0.217818 -0.333296
v -0.880958 -0.195967 -0.341512
v -0.869356 -0.142717 -0.337282
v -0.856478 -0.127778 -0.329657
v -0.839914 -0.082828 -0.273292
v -0.882311 -0.257750 -0.299342
v -0.832861 -0.116766 -0.317808
v -0.862695 -0.173553 -0.344919
v -0.807256 -0.079805 -0.254024
v -0.855860 -0.264796 -0.300322
v -0.815116 -0.102682 -0.296409
v -0.833662 -0.248084 -0.323083
v -0.845944 -0.228544 -0.335007
v -0.840271 -0.206775 -0.343765
v -0.821473 -0.184505 -0.345982
v -0.813598 -0.159663 -0.341091
v -0.822739 -0.135718 -0.330954
v -0.783901 -0.099723 -0.276370
v -0.825527 -0.268821 -0.301473
v -0.785591 -0.119745 -0.305693
v -0.807704 -0.236116 -0.332804
v -0.797182 -0.219805 -0.338553
v -0.786589 -0.145500 -0.328190
v -0.796883 -0.289411 -0.273414
v -0.736825 -0.135618 -0.291468
v -0.743780 -0.121864 -0.281231
v -0.782783 -0.242931 -0.325609
v -0.765504 -0.167756 -0.330577
v -0.763178 -0.139619 -0.312134
v -0.783117 -0.349905 -0.030885
v -0.768891 -0.337275 -0.143237
v -0.782778 -0.329982 -0.174047
v -0.741814 -0.349671 -0.030690
v -0.741434 -0.345352 -0.087092
v -0.730350 -0.338040 -0.124630
v -0.747803 -0.326173 -0.179538
v -0.734377 -0.312969 -0.213899
v -0.707781 -0.343429 -0.061013
v -0.705447 -0.325553 -0.158281
v -0.654068 -0.325718 -0.102553
v -0.647562 -0.330217 -0.064466
v -0.716698 -0.071716 -0.120757
v -0.718021 -0.087976 -0.183786
v -0.763003 -0.300795 -0.249086
v -0.706957 -0.101983 -0.207391
v -0.683486 -0.078931 -0.027992
v -0.693600 -0.078383 -0.086698
v -0.689670 -0.095152 -0.153093
v -0.692872 -0.115498 -0.214949
v -0.650021 -0.103135 -0.042980
v -0.652472 -0.106844 -0.091006
v -0.649326 -0.117440 -0.129614
v -0.701656 -0.316039 -0.184816
v -0.671094 -0.116472 -0.180929
v -0.701635 -0.299798 -0.222788
v -0.684717 -0.283171 -0.236258
v -0.671730 -0.157340 -0.246622
v -0.664936 -0.142139 -0.218662
v -0.606124 -0.138469 -0.043077
v -0.616904 -0.166119 -0.167497
v -0.641450 -0.287542 -0.190513
v -0.640500 -0.175242 -0.217517
v -0.606679 -0.144619 -0.083621
v -0.606270 -0.160630 -0.134981
v -0.637622 -0.308610 -0.147001
v -0.641420 -0.298915 -0.170520
v -0.619474 -0.182306 -0.191472
v -0.619875 -0.329024 -0.064328
v -0.579753 -0.155248 -0.044495
v -0.578082 -0.162005 -0.077161
v -0.615186 -0.319562 -0.108524
v -0.582923 -0.171081 -0.120150
v -0.614879 -0.308573 -0.138939
v -0.612346 -0.294149 -0.166776
v -0.588517 -0.188033 -0.162691
v -0.590772 -0.199933 -0.175387
v -0.588535 -0.336592 -0.043893
v -0.546972 -0.167308 -0.045957
v -0.588715 -0.332222 -0.074576
v -0.556928 -0.175362 -0.099703
v -0.550758 -0.171159 -0.077096
v -0.586680 -0.325832 -0.104049
v -0.594681 -0.317474 -0.120328
v -0.582945 -0.314240 -0.137650
v -0.549972 -0.187583 -0.132520
v -0.583282 -0.298849 -0.164844
v -0.559332 -0.197071 -0.158073
v -0.525947 -0.181680 -0.106214
v -0.504994 -0.347598 -0.133356
v -0.556052 -0.310840 -0.163628
v -0.533863 -0.216228 -0.177893
v -0.526954 -0.204104 -0.161338
v -0.517115 -0.215899 -0.178017
v -0.779863 -0.273387 -0.296007
v -0.738410 -0.267985 -0.289833
v -0.745199 -0.258084 -0.301782
v -0.748764 -0.232584 -0.318789
v -0.754118 -0.178787 -0.328675
v -0.720668 -0.159193 -0.298651
v -0.736016 -0.287498 -0.263886
v -0.712376 -0.272660 -0.271266
v -0.701864 -0.149940 -0.274625
v -0.705551 -0.134933 -0.262041
v -0.713107 -0.252427 -0.289945
v -0.670458 -0.185830 -0.264365
v -0.687935 -0.167258 -0.273291
v -0.676363 -0.267592 -0.247600
v -0.658794 -0.174689 -0.243144
v -0.467039 -0.380328 -0.044871
v -0.405646 -0.397022 -0.068252
v -0.365057 -0.412968 -0.013244
v -0.333787 -0.420023 -0.043748
v -0.354955 -0.406986 -0.098248
v -0.290653 -0.428446 -0.070937
v -0.439444 -0.182242 -0.032241
v -0.455642 -0.379857 -0.077234
v -0.442798 -0.189180 -0.090547
v -0.470161 -0.367719 -0.109118
v -0.446340 -0.200865 -0.138405
v -0.471716 -0.351729 -0.155528
v -0.506629 -0.331666 -0.166979
v -0.515580 -0.313236 -0.185805
v -0.443101 -0.213137 -0.165386
v -0.485442 -0.235115 -0.199271
v -0.456922 -0.223123 -0.185103
v -0.458246 -0.332338 -0.195235
v -0.490847 -0.306171 -0.204419
v -0.429176 -0.241158 -0.204262
v -0.455561 -0.320392 -0.207959
v -0.355259 -0.196628 -0.015190
v -0.362087 -0.200755 -0.075867
v -0.426012 -0.375094 -0.133952
v -0.414859 -0.360271 -0.178962
v -0.359139 -0.220288 -0.152254
v -0.408611 -0.312779 -0.223539
v -0.372724 -0.267933 -0.221748
v -0.316825 -0.206189 -0.045441
v -0.356286 -0.210069 -0.117343
v -0.347516 -0.232014 -0.173918
v -0.351530 -0.368973 -0.198238
v -0.358404 -0.242966 -0.196117
v -0.388108 -0.341251 -0.213029
v -0.422326 -0.286298 -0.223805
v -0.319735 -0.263742 -0.214281
v -0.345278 -0.390605 -0.160461
v -0.373354 -0.321389 -0.229263
v -0.373115 -0.295814 -0.232097
v -0.319633 -0.405736 -0.138224
v -0.278031 -0.233996 -0.143650
v -0.325745 -0.386335 -0.181876
v -0.322845 -0.361191 -0.217410
v -0.326875 -0.342899 -0.230910
v -0.330535 -0.275269 -0.226340
v -0.243438 -0.226527 -0.074085
v -0.258843 -0.228386 -0.104526
v -0.249412 -0.253990 -0.176990
v -0.265343 -0.260831 -0.195538
v -0.273795 -0.286127 -0.227440
v -0.356397 -0.315696 -0.237079
v -0.355080 -0.301281 -0.238335
v -0.345215 -0.287717 -0.235837
v -0.268139 -0.342396 -0.239678
v -0.277885 -0.320208 -0.241753
v -0.221120 -0.449329 -0.016121
v -0.250138 -0.432962 -0.103847
v -0.204268 -0.449972 -0.061653
v -0.103912 -0.471306 -0.047632
v -0.222281 -0.284356 -0.213275
v -0.180595 -0.239213 -0.043793
v -0.226932 -0.420317 -0.161461
v -0.189365 -0.260871 -0.156590
v -0.217297 -0.412311 -0.184087
v -0.211631 -0.403142 -0.200850
v -0.250569 -0.379974 -0.217816
v -0.247697 -0.364842 -0.231063
v -0.150974 -0.256502 -0.104136
v -0.216716 -0.431608 -0.135228
v -0.171188 -0.257835 -0.131600
v -0.163880 -0.287262 -0.194265
v -0.173428 -0.313638 -0.226966
v -0.104406 -0.264865 -0.076293
v -0.137653 -0.283597 -0.173493
v -0.173862 -0.395665 -0.216344
v -0.180342 -0.377556 -0.230113
v -0.154107 -0.454573 -0.097268
v -0.141372 -0.309152 -0.212093
v -0.084558 -0.267685 -0.045745
v -0.104646 -0.453396 -0.133764
v -0.076082 -0.289547 -0.141315
v -0.125462 -0.439375 -0.162787
v -0.096207 -0.436483 -0.177750
v -0.135127 -0.379558 -0.227107
v -0.128027 -0.357172 -0.229980
v -0.127813 -0.329552 -0.222938
v -0.058322 -0.285594 -0.104403
v -0.098920 -0.425194 -0.194123
v -0.029247 -0.342835 -0.199374
v -0.080878 -0.314242 -0.191333
v -0.084376 -0.412902 -0.208928
v -0.074136 -0.469559 -0.088381
v -0.016279 -0.312345 -0.143169
v -0.043404 -0.311046 -0.163055
v -0.058972 -0.401547 -0.214892
v -0.026467 -0.383484 -0.214524
v -0.027431 -0.361897 -0.210539
v -0.235814 -0.312001 -0.237747
v -0.177963 -0.344979 -0.240045
v -0.158236 -0.364897 -0.237090
v -0.150121 -0.336922 -0.234917
v -0.149203 -0.351833 -0.237184
v -0.927887 -0.017680 -0.027303
v -0.869998 -0.022692 -0.073262
v -0.840375 -0.024033 -0.032955
v -0.827749 -0.032562 -0.102441
v -0.783242 -0.038607 -0.059671
v -0.786238 -0.044772 -0.118134
v -0.729187 -0.059166 -0.072781
v -0.036743 -0.404593 0.212046
v -0.005285 -0.388853 0.210951
v -0.031989 -0.418748 0.203226
v -0.015371 -0.335593 0.183653
v -0.033145 -0.456893 0.150923
v -0.014256 -0.323722 0.164669
v -0.001371 -0.481273 0.077456
v 0.014685 -0.300441 0.042675
v -0.002251 -0.292772 -0.000000
v -0.001772 -0.371610 0.206311
v -0.021453 -0.449625 0.166045
v -0.013223 -0.466174 0.131553
v 0.034594 -0.325072 0.125040
v -0.002518 -0.475504 0.103107
v 0.023007 -0.309711 0.088056
v 0.023002 -0.488564 0.044507
v 0.012470 -0.489231 0.015888
v -0.006478 -0.404246 0.207993
v -0.007782 -0.434800 0.186029
v 0.013120 -0.421605 0.194061
v 0.016192 -0.392940 0.200480
v 0.015840 -0.364243 0.192926
v 0.080273 -0.369181 0.164111
v 0.060876 -0.352313 0.155551
v 0.040590 -0.303805 0.014713
v 0.081533 -0.409764 0.182047
v 0.028791 -0.449880 0.167688
v 0.055047 -0.441247 0.174555
v 0.051479 -0.468625 0.134618
v 0.071018 -0.343442 0.135799
v 0.060611 -0.324133 0.102095
v 0.070122 -0.317075 0.072098
v 0.066314 -0.310506 0.044182
v 0.076841 -0.426260 0.179899
v 0.086503 -0.393913 0.177536
v 0.047946 -0.478431 0.109216
v 0.083198 -0.479691 0.107398
v 0.092158 -0.329432 0.099548
v 0.124952 -0.311986 0.013723
v 0.097427 -0.456939 0.149654
v 0.100964 -0.442480 0.161425
v 0.105313 -0.415583 0.168840
v 0.102447 -0.388729 0.166302
v 0.111816 -0.370814 0.151715
v 0.112476 -0.344971 0.123003
v 0.099395 -0.489205 0.074528
v 0.126126 -0.322845 0.073066
v 0.139886 -0.315841 0.042048
v 0.119039 -0.497133 0.015085
v 0.142854 -0.397084 0.156973
v 0.112559 -0.467606 0.131109
v 0.139475 -0.359956 0.137284
v 0.196675 -0.340049 0.102252
v 0.192808 -0.327462 0.068638
v 0.119570 -0.494622 0.043373
v 0.198409 -0.321298 0.015329
v 0.160264 -0.442304 0.145747
v 0.157044 -0.427191 0.153856
v 0.162258 -0.380632 0.150157
v 0.176700 -0.473438 0.106906
v 0.171910 -0.458127 0.130724
v 0.206860 -0.355048 0.126190
v 0.182235 -0.479258 0.093529
v 0.197464 -0.333443 0.085819
v 0.202902 -0.324555 0.043085
v 0.187777 -0.427537 0.152440
v 0.190226 -0.405328 0.155749
v 0.186182 -0.444605 0.142549
v 0.227019 -0.372472 0.144328
v 0.204189 -0.485539 0.073158
v 0.196653 -0.491554 0.045912
v 0.198667 -0.494931 0.015394
v 0.222159 -0.433999 0.153012
v 0.274312 -0.397379 0.157555
v 0.209767 -0.463161 0.125458
v 0.215634 -0.450156 0.141159
v 0.207917 -0.475058 0.103955
v 0.277416 -0.348652 0.093369
v 0.282590 -0.425998 0.162848
v 0.299647 -0.386898 0.149340
v 0.239039 -0.469722 0.125262
v 0.283058 -0.371374 0.135719
v 0.238355 -0.480610 0.103201
v 0.319749 -0.365800 0.115908
v 0.229429 -0.489344 0.071334
v 0.297814 -0.346356 0.070861
v 0.236628 -0.496539 0.044099
v 0.297666 -0.341692 0.044301
v 0.236738 -0.499344 0.014618
v 0.317194 -0.342919 0.014737
v 0.321488 -0.478877 0.146973
v 0.330638 -0.463548 0.159463
v 0.324948 -0.504337 0.107080
v 0.369772 -0.369143 0.097078
v 0.334033 -0.519893 0.066313
v 0.323074 -0.511862 0.085538
v 0.322387 -0.522142 0.028111
v 0.380922 -0.452241 0.166936
v 0.387982 -0.428520 0.163615
v 0.393253 -0.408952 0.151793
v 0.368936 -0.504531 0.130174
v 0.396108 -0.394464 0.135016
v 0.418275 -0.374310 0.073456
v 0.388283 -0.361769 0.044347
v 0.433552 -0.370501 0.014906
v 0.430515 -0.488422 0.159338
v 0.399750 -0.499264 0.146735
v 0.428323 -0.529637 0.107200
v 0.469442 -0.402848 0.116102
v 0.427612 -0.537382 0.086046
v 0.423642 -0.545538 0.041675
v 0.420449 -0.546852 0.014535
v 0.496932 -0.401692 0.093540
v 0.449003 -0.547630 0.063771
v 0.501791 -0.392211 0.045206
v 0.465726 -0.472484 0.163963
v 0.501879 -0.453981 0.157662
v 0.487049 -0.433353 0.148952
v 0.480529 -0.530178 0.126187
v 0.471121 -0.515228 0.144198
v 0.502341 -0.424469 0.133921
v 0.546282 -0.411078 0.072268
v 0.529288 -0.397955 0.015064
v 0.566845 -0.517174 0.149220
v 0.555078 -0.493895 0.156065
v 0.578450 -0.461969 0.142140
v 0.538096 -0.551374 0.101450
v 0.526351 -0.558805 0.075071
v 0.536052 -0.567513 0.043790
v 0.559872 -0.574400 0.011869
v 0.567753 -0.476556 0.152476
v 0.551141 -0.530193 0.138313
v 0.574983 -0.446065 0.126476
v 0.600852 -0.442063 0.104099
v 0.614725 -0.437223 0.080323
v 0.590952 -0.547756 0.120314
v 0.654818 -0.440408 0.014824
v 0.614745 -0.506369 0.147281
v 0.606223 -0.534715 0.133750
v 0.607333 -0.520143 0.143014
v 0.623766 -0.465470 0.122821
v 0.629053 -0.562823 0.098872
v 0.630314 -0.572684 0.072154
v 0.631412 -0.436042 0.052919
v 0.617363 -0.494373 0.145746
v 0.627882 -0.514977 0.139543
v 0.636925 -0.487290 0.133095
v 0.666974 -0.582432 0.044599
v 0.666602 -0.585821 0.015734
v 0.665539 -0.521510 0.128867
v 0.667827 -0.559333 0.104771
v 0.692043 -0.492307 0.110664
v 0.694484 -0.481576 0.096638
v 0.701108 -0.473453 0.073084
v 0.661386 -0.446133 0.042054
v 0.696883 -0.545263 0.114808
v 0.703665 -0.514376 0.117267
v 0.704708 -0.578962 0.066318
v 0.720476 -0.574261 0.075207
v 0.747424 -0.482660 0.014756
v 0.703495 -0.531310 0.117905
v 0.708825 -0.555512 0.100953
v 0.719429 -0.534528 0.107772
v 0.721973 -0.509239 0.102600
v 0.750359 -0.506819 0.081100
v 0.758339 -0.500120 0.063517
v 0.763141 -0.495445 0.043151
v 0.754503 -0.559149 0.084940
v 0.761467 -0.528766 0.087757
v 0.742035 -0.586523 0.036336
v 0.750905 -0.582480 0.046211
v 0.748378 -0.589299 0.013783
v 0.761055 -0.545517 0.088516
v 0.764144 -0.567518 0.068281
v 0.775476 -0.548493 0.074806
v 0.776606 -0.524301 0.069789
v 0.790637 -0.517961 0.046139
v 0.789126 -0.582474 0.011505
v 0.802411 -0.516503 0.016289
v 0.797833 -0.511334 0.008779
v 0.785201 -0.566675 0.059099
v 0.792408 -0.553233 0.062685
v 0.794135 -0.537177 0.060268
v 0.793320 -0.573419 0.039700
v 0.804914 -0.556436 0.046295
v 0.805914 -0.535414 0.041608
v 0.810138 -0.571314 0.029460
v 0.817106 -0.559705 0.031723
v 0.818264 -0.545669 0.030567
v 0.812065 -0.574150 0.011589
v 0.821821 -0.560644 0.011861
v 0.821213 -0.542901 0.012277
v 0.014685 -0.300441 -0.042675
v -0.049597 -0.427078 -0.196413
v -0.029462 -0.418594 -0.203091
v -0.008127 -0.338818 -0.183445
v 0.012839 -0.489352 -0.014724
v 0.023003 -0.488564 -0.044507
v 0.020721 -0.306651 -0.075025
v -0.002518 -0.475504 -0.103107
v 0.022889 -0.315039 -0.108882
v -0.026795 -0.460083 -0.145184
v -0.019274 -0.449798 -0.165915
v 0.011911 -0.337087 -0.167319
v -0.009046 -0.404292 -0.208729
v 0.043129 -0.304279 -0.015261
v 0.016105 -0.483431 -0.074484
v 0.077553 -0.370385 -0.166356
v -0.008875 -0.433795 -0.187293
v 0.010911 -0.420434 -0.194929
v 0.018823 -0.394287 -0.199040
v 0.014676 -0.365442 -0.194311
v -0.001141 -0.388845 -0.208956
v 0.000745 -0.372796 -0.205465
v 0.066314 -0.310506 -0.044182
v 0.070122 -0.317075 -0.072098
v 0.057895 -0.322178 -0.098539
v 0.054487 -0.468497 -0.134697
v 0.071019 -0.343442 -0.135799
v 0.039261 -0.450406 -0.166694
v 0.057461 -0.441055 -0.174270
v 0.122753 -0.311788 -0.013449
v 0.045864 -0.477859 -0.110986
v 0.084839 -0.479507 -0.107696
v 0.085959 -0.329845 -0.103200
v 0.080310 -0.359016 -0.153295
v 0.077226 -0.426464 -0.179663
v 0.084320 -0.410124 -0.180822
v 0.086594 -0.393872 -0.177467
v 0.119737 -0.497077 -0.015789
v 0.139041 -0.315389 -0.039293
v 0.098196 -0.489091 -0.074976
v 0.148800 -0.336137 -0.102325
v 0.115100 -0.343912 -0.120831
v 0.094772 -0.456832 -0.150326
v 0.090066 -0.437936 -0.167551
v 0.102558 -0.414659 -0.170494
v 0.102447 -0.388729 -0.166302
v 0.108767 -0.368471 -0.150736
v 0.186496 -0.319534 -0.014030
v 0.117954 -0.494580 -0.043877
v 0.152703 -0.321815 -0.063840
v 0.111807 -0.465601 -0.134925
v 0.139772 -0.360456 -0.137631
v 0.134204 -0.445043 -0.150424
v 0.128061 -0.420587 -0.161174
v 0.133111 -0.395833 -0.159095
v 0.153465 -0.377618 -0.149405
v 0.202903 -0.324555 -0.043085
v 0.198588 -0.333569 -0.085802
v 0.237511 -0.335123 -0.071875
v 0.179221 -0.476743 -0.100540
v 0.174774 -0.458186 -0.129944
v 0.175603 -0.444318 -0.142364
v 0.170787 -0.427622 -0.152181
v 0.162669 -0.401681 -0.155746
v 0.197685 -0.494828 -0.016113
v 0.196464 -0.491522 -0.046104
v 0.203782 -0.485077 -0.075299
v 0.218620 -0.344598 -0.105675
v 0.263174 -0.378318 -0.147098
v 0.249898 -0.365386 -0.134081
v 0.210256 -0.408611 -0.156841
v 0.266590 -0.395265 -0.156913
v 0.302528 -0.339848 -0.016277
v 0.207917 -0.475058 -0.103955
v 0.302731 -0.353637 -0.094507
v 0.209767 -0.463161 -0.125458
v 0.223051 -0.452118 -0.141138
v 0.221009 -0.433393 -0.153110
v 0.239436 -0.499673 -0.014984
v 0.234132 -0.495289 -0.048551
v 0.311478 -0.344382 -0.044282
v 0.237169 -0.489199 -0.078688
v 0.238356 -0.480610 -0.103201
v 0.310148 -0.363741 -0.115161
v 0.239962 -0.470185 -0.124834
v 0.305471 -0.373789 -0.133224
v 0.320515 -0.460954 -0.159212
v 0.326488 -0.438244 -0.165766
v 0.319733 -0.518232 -0.055399
v 0.323400 -0.511931 -0.085599
v 0.370742 -0.362666 -0.073019
v 0.324947 -0.504337 -0.107080
v 0.313211 -0.477112 -0.145974
v 0.359895 -0.532568 -0.014209
v 0.367889 -0.504273 -0.130167
v 0.396109 -0.394464 -0.135016
v 0.387197 -0.428324 -0.163615
v 0.391588 -0.408536 -0.151793
v 0.433607 -0.370432 -0.013985
v 0.433651 -0.373106 -0.044339
v 0.425383 -0.390988 -0.116518
v 0.431368 -0.384486 -0.097032
v 0.384582 -0.495444 -0.147258
v 0.423642 -0.545538 -0.041675
v 0.435518 -0.544485 -0.065816
v 0.428097 -0.537549 -0.085873
v 0.428324 -0.529637 -0.107200
v 0.401899 -0.481594 -0.159786
v 0.409490 -0.459021 -0.166348
v 0.491404 -0.393889 -0.071033
v 0.474265 -0.558097 -0.014943
v 0.468268 -0.527562 -0.126831
v 0.468885 -0.514598 -0.144456
v 0.513100 -0.428004 -0.134025
v 0.483707 -0.500625 -0.156251
v 0.477297 -0.474527 -0.163199
v 0.499389 -0.453342 -0.157827
v 0.568198 -0.410044 -0.015274
v 0.569724 -0.413258 -0.043669
v 0.505565 -0.413304 -0.113619
v 0.521667 -0.409306 -0.092783
v 0.535371 -0.567396 -0.043789
v 0.527099 -0.558881 -0.075177
v 0.538096 -0.551374 -0.101450
v 0.519203 -0.442582 -0.147567
v 0.614504 -0.437227 -0.080501
v 0.622455 -0.434868 -0.063180
v 0.601000 -0.442127 -0.104097
v 0.548864 -0.542056 -0.122877
v 0.551900 -0.530427 -0.138159
v 0.562137 -0.496539 -0.155103
v 0.567630 -0.476729 -0.152483
v 0.565358 -0.575069 -0.011558
v 0.598487 -0.470637 -0.140081
v 0.616572 -0.463577 -0.125310
v 0.577353 -0.518885 -0.147531
v 0.630312 -0.572684 -0.072154
v 0.629204 -0.562660 -0.099361
v 0.600900 -0.549850 -0.117558
v 0.612320 -0.536095 -0.132263
v 0.614064 -0.507508 -0.147292
v 0.617090 -0.494352 -0.145846
v 0.663514 -0.585547 -0.015884
v 0.666974 -0.582432 -0.044599
v 0.662456 -0.558230 -0.106745
v 0.631370 -0.514767 -0.137854
v 0.635616 -0.487310 -0.133624
v 0.666153 -0.445243 -0.014735
v 0.660410 -0.445749 -0.042239
v 0.701108 -0.473453 -0.073084
v 0.693825 -0.493244 -0.110333
v 0.698935 -0.483956 -0.096675
v 0.695730 -0.545709 -0.114993
v 0.745514 -0.481632 -0.014401
v 0.703132 -0.578700 -0.067151
v 0.721100 -0.573270 -0.076412
v 0.702767 -0.531177 -0.118630
v 0.704029 -0.514345 -0.117042
v 0.763141 -0.495445 -0.043151
v 0.752102 -0.507841 -0.080544
v 0.759693 -0.501077 -0.063811
v 0.708825 -0.555512 -0.100953
v 0.720419 -0.534915 -0.107113
v 0.721973 -0.509239 -0.102600
v 0.747719 -0.589399 -0.013261
v 0.741271 -0.586468 -0.037036
v 0.750985 -0.582235 -0.046646
v 0.754435 -0.559100 -0.085031
v 0.761210 -0.545476 -0.088839
v 0.761854 -0.528720 -0.087398
v 0.790093 -0.582093 -0.012050
v 0.802627 -0.516713 -0.015873
v 0.798039 -0.511391 -0.008123
v 0.790637 -0.517961 -0.046139
v 0.764144 -0.567518 -0.068281
v 0.775476 -0.548493 -0.074806
v 0.776606 -0.524301 -0.069790
v 0.793320 -0.573419 -0.039700
v 0.804914 -0.556436 -0.046295
v 0.805914 -0.535414 -0.041608
v 0.785201 -0.566675 -0.059099
v 0.792408 -0.553233 -0.062685
v 0.794135 -0.537177 -0.060268
v 0.812065 -0.574150 -0.011589
v 0.821821 -0.560644 -0.011861
v 0.821213 -0.542901 -0.012277
v 0.810138 -0.571314 -0.029460
v 0.817106 -0.559705 -0.031723
v 0.818264 -0.545669 -0.030567
v -0.770656 -0.210517 0.333858
v -0.763237 -0.220630 0.330634
v -0.766409 -0.193479 0.334256
v -0.737295 -0.184385 0.318081
v -0.730499 -0.243580 0.304679
v -0.713364 -0.183044 0.303932
v -0.704331 -0.256329 0.279151
v -0.685545 -0.184192 0.279459
v -0.687993 -0.262922 0.260944
v -0.668507 -0.270362 0.235365
v -0.614640 -0.194669 0.194203
v -0.612665 -0.287162 0.174401
v -0.583134 -0.201901 0.174194
v -0.584159 -0.293839 0.169629
v -0.559873 -0.208117 0.172206
v -0.549082 -0.300316 0.179924
v -0.479068 -0.306344 0.207975
v -0.450349 -0.253675 0.213293
v -0.445808 -0.303632 0.218319
v -0.428069 -0.295937 0.221936
v -0.431730 -0.268209 0.218553
v -0.423557 -0.279709 0.222713
v -0.422583 -0.288252 0.223462
v -0.647406 -0.277310 -0.208914
v -0.638450 -0.190349 -0.223385
v -0.610763 -0.287706 -0.173714
v -0.621874 -0.193116 -0.201618
v -0.562889 -0.207507 -0.171921
v -0.581396 -0.294500 -0.169401
v -0.763202 -0.220707 -0.330586
v -0.771576 -0.200146 -0.336225
v -0.770657 -0.210515 -0.334093
v -0.755172 -0.188035 -0.330159
v -0.737061 -0.184326 -0.317914
v -0.766409 -0.193479 -0.334086
v -0.727645 -0.245216 -0.302398
v -0.713922 -0.183072 -0.304397
v -0.692145 -0.183848 -0.286453
v -0.658022 -0.187194 -0.248429
v -0.542461 -0.301394 -0.182399
v -0.517485 -0.304414 -0.192062
v -0.461979 -0.305503 -0.213544
v -0.450814 -0.253248 -0.213005
v -0.440009 -0.301633 -0.219402
v -0.431705 -0.268235 -0.218818
v -0.423487 -0.280493 -0.223113
v -0.428063 -0.295934 -0.221933
v -0.117693 -0.318106 -0.190400
v -0.091860 -0.330706 -0.181061
v -0.044177 -0.172590 -0.147273
v -0.075893 -0.338493 -0.156611
v -0.075893 -0.338493 -0.126389
v -0.040661 -0.174300 -0.141110
v -0.091860 -0.330706 -0.101939
v -0.117693 -0.318106 -0.092600
v -0.143527 -0.305506 -0.101939
v -0.046747 -0.171298 -0.134963
v -0.159493 -0.297719 -0.126389
v -0.159493 -0.297719 -0.156611
v -0.143527 -0.305506 -0.181061
v -0.051623 -0.168892 -0.144079
v -0.117692 -0.318101 0.092600
v -0.091858 -0.330701 0.101939
v -0.075892 -0.338488 0.126389
v -0.041626 -0.173818 0.137781
v -0.075892 -0.338488 0.156611
v -0.091858 -0.330701 0.181061
v -0.117692 -0.318101 0.190400
v -0.043190 -0.173021 0.147134
v -0.143526 -0.305501 0.181061
v -0.159492 -0.297714 0.156611
v -0.050940 -0.169281 0.144826
v -0.159492 -0.297714 0.126389
v -0.049603 -0.169908 0.136317
v -0.143526 -0.305501 0.101939
v 0.003743 -0.361970 -0.191000
v 0.031954 -0.375730 -0.180802
v 0.083837 -0.202968 -0.143372
v 0.049389 -0.384234 -0.154102
v 0.087268 -0.204617 -0.135620
v 0.049389 -0.384234 -0.121098
v 0.031954 -0.375730 -0.094398
v 0.003743 -0.361970 -0.084200
v -0.024468 -0.348211 -0.094398
v 0.080393 -0.201293 -0.131585
v -0.041904 -0.339707 -0.121098
v -0.041904 -0.339707 -0.154102
v 0.076208 -0.199256 -0.137210
v -0.024468 -0.348211 -0.180802
v 0.078603 -0.200439 -0.142454
v 0.003772 -0.361851 0.084200
v 0.081803 -0.201866 0.131600
v 0.031984 -0.375611 0.094398
v 0.049419 -0.384114 0.121098
v 0.086523 -0.204145 0.134274
v 0.049419 -0.384114 0.154102
v 0.031984 -0.375611 0.180802
v 0.086252 -0.204023 0.141193
v 0.003772 -0.361851 0.191000
v -0.024439 -0.348092 0.180802
v 0.080424 -0.201170 0.143613
v -0.041874 -0.339588 0.154102
v -0.041874 -0.339588 0.121098
v -0.024439 -0.348092 0.094398
v 0.076092 -0.198995 0.136144
v 0.129643 -0.390509 -0.189800
v 0.209927 -0.221595 -0.139513
v 0.159280 -0.404965 -0.179086
v 0.177597 -0.413898 -0.151036
v 0.177597 -0.413898 -0.116364
v 0.217072 -0.224992 -0.136277
v 0.159280 -0.404965 -0.088314
v 0.214788 -0.223981 -0.128846
v 0.129643 -0.390509 -0.077600
v 0.100005 -0.376054 -0.088314
v 0.209573 -0.221414 -0.127928
v 0.081688 -0.367120 -0.116364
v 0.081688 -0.367120 -0.151036
v 0.206056 -0.219703 -0.134090
v 0.100005 -0.376054 -0.179086
v 0.129687 -0.390333 0.077600
v 0.209914 -0.221382 0.127682
v 0.159324 -0.404788 0.088314
v 0.177641 -0.413722 0.116364
v 0.216383 -0.224538 0.130374
v 0.177641 -0.413722 0.151036
v 0.159324 -0.404788 0.179086
v 0.216112 -0.224414 0.137292
v 0.129687 -0.390333 0.189800
v 0.100049 -0.375878 0.179086
v 0.209917 -0.221378 0.139717
v 0.081732 -0.366944 0.151036
v 0.081732 -0.366944 0.116364
v 0.206173 -0.219569 0.133700
v 0.100049 -0.375878 0.088314
v 0.262439 -0.401703 -0.181400
v 0.334832 -0.245598 -0.135437
v 0.289699 -0.414999 -0.171545
v 0.306547 -0.423216 -0.145745
v 0.306547 -0.423216 -0.113855
v 0.343617 -0.249844 -0.131257
v 0.289699 -0.414999 -0.088055
v 0.262439 -0.401703 -0.078200
v 0.339235 -0.247768 -0.123787
v 0.235179 -0.388407 -0.088055
v 0.218331 -0.380190 -0.113855
v 0.333140 -0.244788 -0.126475
v 0.218331 -0.380190 -0.145745
v 0.235179 -0.388407 -0.171545
v 0.262427 -0.401751 0.078200
v 0.289687 -0.415047 0.088055
v 0.337330 -0.246831 0.123271
v 0.306535 -0.423264 0.113855
v 0.306535 -0.423264 0.145745
v 0.343524 -0.249908 0.129800
v 0.289687 -0.415047 0.171545
v 0.262427 -0.401751 0.181400
v 0.339529 -0.247976 0.135613
v 0.235167 -0.388456 0.171545
v 0.332430 -0.244463 0.132381
v 0.218319 -0.380238 0.145745
v 0.218319 -0.380238 0.113855
v 0.235167 -0.388456 0.088055
v 0.391508 -0.427842 -0.173000
v 0.457328 -0.285215 -0.131537
v 0.416391 -0.439978 -0.164005
v 0.431770 -0.447479 -0.140455
v 0.465053 -0.289011 -0.129226
v 0.431770 -0.447479 -0.111345
v 0.416391 -0.439978 -0.087795
v 0.391508 -0.427842 -0.078800
v 0.463383 -0.288147 -0.120268
v 0.366626 -0.415706 -0.087795
v 0.351247 -0.408205 -0.111345
v 0.455634 -0.284409 -0.122575
v 0.351247 -0.408205 -0.140455
v 0.366626 -0.415706 -0.164005
v 0.391509 -0.427838 0.078800
v 0.416392 -0.439974 0.087795
v 0.431771 -0.447474 0.111345
v 0.464240 -0.288569 0.120960
v 0.431771 -0.447474 0.140455
v 0.416392 -0.439974 0.164005
v 0.391509 -0.427838 0.173000
v 0.463384 -0.288143 0.131532
v 0.366627 -0.415702 0.164005
v 0.351248 -0.408201 0.140455
v 0.455635 -0.284405 0.129225
v 0.351248 -0.408201 0.111345
v 0.366627 -0.415702 0.087795
v 0.456039 -0.284617 0.121941
v 0.517874 -0.464825 -0.164600
v 0.576752 -0.335514 -0.127185
v 0.540380 -0.475802 -0.156464
v 0.554289 -0.482585 -0.135164
v 0.584734 -0.339422 -0.125720
v 0.554289 -0.482585 -0.108836
v 0.540380 -0.475802 -0.087536
v 0.584431 -0.339275 -0.118042
v 0.517874 -0.464825 -0.079400
v 0.495369 -0.453848 -0.087536
v 0.481460 -0.447064 -0.108836
v 0.576286 -0.335225 -0.117067
v 0.481460 -0.447064 -0.135164
v 0.495369 -0.453848 -0.156464
v 0.517819 -0.465047 0.079400
v 0.540325 -0.476024 0.087536
v 0.580637 -0.337596 0.115474
v 0.554234 -0.482808 0.108836
v 0.554234 -0.482808 0.135164
v 0.585566 -0.340089 0.122000
v 0.540325 -0.476024 0.156464
v 0.580623 -0.337627 0.128535
v 0.517819 -0.465047 0.164600
v 0.495314 -0.454070 0.156464
v 0.481404 -0.447286 0.135164
v 0.481404 -0.447286 0.108836
v 0.574392 -0.334622 0.122000
v 0.495314 -0.454070 0.087536
v 0.640010 -0.518773 -0.156200
v 0.695684 -0.404626 -0.124100
v 0.660139 -0.528590 -0.148924
v 0.672579 -0.534657 -0.129874
v 0.700402 -0.406915 -0.121428
v 0.672579 -0.534657 -0.106326
v 0.660139 -0.528590 -0.087276
v 0.700135 -0.406778 -0.114508
v 0.640010 -0.518773 -0.080000
v 0.619882 -0.508956 -0.087276
v 0.694303 -0.403935 -0.112085
v 0.607442 -0.502888 -0.106326
v 0.607442 -0.502888 -0.129874
v 0.619882 -0.508956 -0.148924
v 0.689969 -0.401757 -0.119557
v 0.640462 -0.516960 0.080000
v 0.693128 -0.401302 0.112462
v 0.660591 -0.526778 0.087276
v 0.673030 -0.532845 0.106326
v 0.700856 -0.405094 0.114774
v 0.673030 -0.532845 0.129874
v 0.660591 -0.526778 0.148924
v 0.640462 -0.516960 0.156200
v 0.699189 -0.404221 0.123730
v 0.620334 -0.507143 0.148924
v 0.607894 -0.501076 0.129874
v 0.691436 -0.400492 0.121426
v 0.607894 -0.501076 0.106326
v 0.620334 -0.507143 0.087276
vn -0.9063 -0.3908 0.1607
vn -0.9085 -0.3896 -0.1513
vn -0.7158 -0.5425 0.4398
vn -0.7519 -0.6409 0.1546
vn -0.7515 -0.6417 -0.1535
vn -0.7179 -0.5429 -0.4357
vn -0.4774 -0.4590 0.7493
vn -0.4328 -0.8084 0.3991
vn -0.5742 -0.6433 0.5063
vn -0.6409 -0.3747 0.6700
vn -0.5585 -0.8180 0.1377
vn -0.5475 -0.8246 -0.1426
vn -0.5319 -0.7551 -0.3834
vn -0.5697 -0.6451 -0.5093
vn -0.6348 -0.3797 -0.6730
vn -0.3253 -0.5371 0.7782
vn -0.3180 -0.3710 0.8725
vn -0.3287 -0.6974 0.6368
vn -0.2878 -0.9472 0.1411
vn -0.2955 -0.9446 -0.1428
vn -0.3253 -0.8442 -0.4260
vn -0.3259 -0.6876 -0.6488
vn -0.1265 -0.3412 0.9315
vn -0.0568 -0.7281 0.6831
vn -0.1692 -0.5678 0.8056
vn -0.1628 -0.8678 0.4695
vn -0.1305 -0.9781 0.1619
vn -0.1260 -0.9794 -0.1581
vn -0.1551 -0.8694 -0.4691
vn -0.4785 -0.4591 -0.7485
vn -0.3436 -0.4765 -0.8092
vn -0.0567 -0.7309 -0.6801
vn -0.1629 -0.5672 -0.8073
vn -0.1668 -0.3494 -0.9220
vn 0.0857 -0.3047 0.9486
vn 0.0458 -0.5475 0.8356
vn 0.0515 -0.8768 0.4780
vn 0.2012 -0.7167 0.6678
vn 0.0305 -0.9865 0.1608
vn 0.0306 -0.9865 -0.1610
vn 0.0536 -0.8804 -0.4713
vn 0.2093 -0.7119 -0.6704
vn 0.2843 -0.5438 0.7896
vn 0.2191 -0.3989 0.8904
vn 0.2959 -0.8563 0.4233
vn 0.2055 -0.9679 0.1444
vn 0.2050 -0.9683 -0.1428
vn 0.2970 -0.8534 -0.4283
vn 0.4103 -0.4084 0.8154
vn 0.4619 -0.6677 0.5838
vn 0.5144 -0.5131 0.6871
vn 0.5189 -0.8403 0.1571
vn 0.6407 -0.7157 0.2781
vn 0.5297 -0.8341 -0.1539
vn 0.5737 -0.6806 -0.4557
vn 0.4830 -0.6160 -0.6222
vn 0.5469 -0.2695 0.7926
vn 0.6984 -0.5587 0.4474
vn 0.6687 -0.4512 0.5910
vn 0.7199 -0.6383 -0.2727
vn 0.6677 -0.4663 -0.5803
vn 0.8528 -0.2908 0.4337
vn 0.7901 -0.5985 0.1324
vn 0.8934 -0.4025 0.1996
vn 0.8390 -0.5256 -0.1411
vn 0.8453 -0.3615 -0.3934
vn 0.0530 -0.5756 -0.8160
vn 0.0341 -0.3577 -0.9332
vn 0.2721 -0.5401 -0.7964
vn 0.2186 -0.3784 -0.8995
vn 0.0966 -0.3009 -0.9487
vn 0.4079 -0.4221 -0.8096
vn 0.5340 -0.3948 -0.7476
vn -0.2735 -0.9373 0.2161
vn -0.2211 -0.8515 0.4754
vn -0.2568 -0.9003 0.3513
vn -0.2456 -0.9543 0.1701
vn -0.2445 -0.9678 0.0600
vn -0.2284 -0.7107 0.6654
vn -0.2288 -0.8206 0.5238
vn -0.2392 -0.9363 0.2571
vn -0.2189 -0.9089 0.3550
vn -0.1546 -0.9773 0.1447
vn -0.2310 -0.5330 0.8140
vn -0.2519 -0.6539 0.7134
vn -0.1531 -0.9566 0.2479
vn -0.1494 -0.9877 0.0450
vn -0.1529 -0.8780 0.4536
vn -0.2002 -0.7633 0.6143
vn -0.1314 -0.9383 0.3199
vn -0.2332 -0.5334 0.8131
vn -0.1039 -0.9685 0.2265
vn -0.1036 -0.9870 0.1232
vn -0.1040 -0.9939 0.0373
vn -0.9002 -0.1143 0.4203
vn -0.8776 0.1412 0.4582
vn -0.9376 -0.2506 0.2412
vn -0.9922 -0.0219 0.1226
vn -0.9816 0.1212 0.1474
vn -0.9240 0.3478 0.1590
vn -0.9398 -0.2477 -0.2352
vn -0.9922 -0.0263 -0.1216
vn -0.9543 0.1978 -0.2238
vn -0.9188 0.3566 -0.1693
vn -0.8872 -0.1866 -0.4219
vn -0.8840 -0.0296 -0.4666
vn -0.8747 0.1390 -0.4643
vn -0.6608 -0.0694 0.7474
vn -0.6668 0.2082 0.7155
vn -0.7724 -0.2709 0.5745
vn -0.7818 -0.0199 0.6232
vn -0.7666 0.3753 0.5210
vn -0.7237 0.5691 0.3904
vn -0.7839 0.5968 0.1715
vn -0.7991 0.5765 -0.1703
vn -0.7676 -0.2717 -0.5805
vn -0.7846 0.3637 -0.5021
vn -0.7112 0.5238 -0.4688
vn -0.5273 -0.2211 0.8204
vn -0.4707 -0.0243 0.8820
vn -0.4967 0.1347 0.8574
vn -0.5110 0.3292 0.7941
vn -0.3920 0.4851 0.7817
vn -0.6284 0.5424 0.5576
vn -0.5591 0.7193 0.4122
vn -0.6029 0.7781 0.1763
vn -0.6466 0.7480 -0.1496
vn -0.5910 0.4176 -0.6901
vn -0.6036 0.6941 -0.3923
vn -0.2632 -0.0607 0.9628
vn -0.2951 0.1193 0.9480
vn -0.2833 0.2745 0.9189
vn -0.3689 -0.2241 0.9021
vn -0.2015 0.6431 0.7388
vn -0.4469 0.6270 0.6381
vn -0.4010 0.7524 0.5226
vn -0.4662 0.8544 0.2294
vn -0.5991 0.7947 -0.0979
vn -0.6190 0.7639 0.1826
vn -0.6962 0.4846 -0.5296
vn -0.6620 0.6596 -0.3559
vn -0.7767 -0.2616 0.5729
vn -0.1789 -0.2062 0.9620
vn -0.0441 -0.0217 0.9988
vn -0.0462 0.0975 0.9942
vn -0.1393 0.2978 0.9444
vn -0.1416 0.4900 0.8601
vn -0.2271 0.8021 0.5523
vn -0.3770 0.8479 0.3727
vn -0.7348 0.6719 -0.0930
vn -0.8668 0.4858 -0.1125
vn -0.9038 0.2763 0.3269
vn -0.8555 -0.1116 0.5057
vn -0.8677 0.0156 0.4968
vn -0.8478 0.1125 0.5182
vn -0.7875 -0.2022 0.5822
vn -0.7866 -0.1125 0.6071
vn -0.8129 -0.0023 0.5825
vn -0.7928 -0.2868 0.5378
vn -0.7210 -0.2088 0.6607
vn -0.7193 -0.1130 0.6855
vn -0.7507 -0.0380 0.6596
vn -0.7654 0.0744 0.6393
vn -0.7198 0.1368 0.6806
vn -0.7367 -0.3467 0.5806
vn -0.7107 -0.3050 0.6340
vn -0.6353 -0.2674 0.7244
vn -0.6571 -0.1503 0.7387
vn -0.6817 0.0023 0.7316
vn -0.6565 0.1486 0.7395
vn -0.6395 -0.3485 0.6853
vn -0.7836 0.2172 0.5821
vn -0.7830 0.3366 0.5231
vn -0.7076 0.2609 0.6567
vn -0.6955 0.4169 0.5852
vn -0.6252 0.2708 0.7320
vn -0.6240 0.3859 0.6795
vn -0.7060 0.3354 0.6238
vn -0.6917 0.4967 0.5243
vn -0.6697 0.5504 0.4985
vn -0.6605 -0.0732 -0.7473
vn -0.6730 0.1300 -0.7282
vn -0.6275 0.2705 -0.7301
vn -0.8381 -0.4833 0.2532
vn -0.8292 -0.5455 0.1219
vn -0.8458 -0.5004 0.1851
vn -0.8837 -0.4592 0.0907
vn -0.8389 -0.5432 0.0340
vn -0.5231 -0.2259 -0.8218
vn -0.4604 -0.0344 -0.8870
vn -0.4699 0.1012 -0.8769
vn -0.8019 -0.4820 0.3531
vn -0.7898 -0.5399 0.2912
vn -0.7647 -0.6045 0.2231
vn -0.7693 -0.6260 0.1274
vn -0.7644 -0.6448 -0.0003
vn -0.3524 -0.2320 -0.9066
vn -0.6192 0.1255 -0.7751
vn -0.6167 0.3559 -0.7022
vn -0.8191 -0.4384 0.3700
vn -0.8026 -0.4199 0.4237
vn -0.2666 -0.0963 -0.9590
vn -0.4613 -0.0871 -0.8830
vn -0.8147 -0.5133 0.2697
vn -0.8122 -0.5649 0.1454
vn -0.6840 -0.7004 0.2039
vn -0.6893 -0.7072 0.1569
vn -0.7207 -0.6877 0.0881
vn -0.7070 -0.7072 0.0039
vn -0.8165 0.0412 -0.5758
vn -0.9573 0.1429 -0.2515
vn -0.9687 -0.1412 0.2043
vn -0.8586 -0.2864 0.4252
vn -0.0978 -0.2049 -0.9739
vn -0.1944 -0.0687 -0.9785
vn -0.8014 -0.3980 -0.4465
vn -0.9424 -0.3328 -0.0342
vn -0.9346 -0.3137 0.1677
vn -0.7329 -0.6797 0.0279
vn -0.6081 -0.7756 0.1695
vn -0.6332 -0.7689 0.0887
vn -0.6531 -0.7572 -0.0042
vn -0.9814 -0.0030 0.1918
vn -0.9839 -0.1198 0.1323
vn -0.9915 0.0695 0.1097
vn -0.9822 -0.1739 0.0708
vn -0.9983 -0.0350 0.0465
vn -0.9954 -0.0958 -0.0014
vn -0.9981 0.0557 0.0250
vn -0.9165 -0.0406 0.3980
vn -0.9178 0.0783 0.3893
vn -0.9171 -0.2575 0.3044
vn -0.9223 -0.1875 0.3380
vn -0.9203 -0.1172 0.3732
vn -0.9515 -0.0445 0.3046
vn -0.9519 0.0462 0.3028
vn -0.9450 0.1446 0.2934
vn -0.9144 -0.3226 0.2447
vn -0.9597 -0.1303 0.2490
vn -0.8990 -0.3894 0.2006
vn -0.9569 -0.2249 0.1837
vn -0.9674 0.1565 0.1990
vn -0.9233 -0.3611 0.1308
vn -0.9512 -0.3007 0.0687
vn -0.9824 0.1712 0.0751
vn -0.9087 -0.4164 0.0307
vn -0.9687 -0.2483 -0.0041
vn -0.8562 -0.2632 0.4445
vn -0.8541 -0.1930 0.4830
vn -0.8558 -0.3578 0.3737
vn -0.9117 0.2131 0.3513
vn -0.8454 -0.4321 0.3139
vn -0.7940 -0.3710 0.4815
vn -0.8562 0.1934 0.4790
vn -0.9357 0.2670 0.2307
vn -0.9514 0.2810 0.1258
vn -0.9212 0.3710 0.1176
vn -0.9693 0.2460 -0.0041
vn -0.9476 0.3193 0.0030
vn -0.9114 0.4100 0.0345
vn -0.8470 0.2858 0.4482
vn -0.8462 0.3782 0.3755
vn -0.8985 0.3195 0.3009
vn -0.8409 0.4528 0.2963
vn -0.8396 0.4950 0.2239
vn -0.9014 0.3790 0.2095
vn -0.8799 0.4588 0.1240
vn -0.8258 0.5434 0.1507
vn -0.8524 0.5208 0.0476
vn -0.7736 0.4159 0.4780
vn -0.7714 0.5323 0.3487
vn -0.7622 0.5893 0.2680
vn -0.7616 0.6233 0.1772
vn -0.7941 0.6049 0.0596
vn -0.6861 0.5879 0.4285
vn -0.7666 0.4842 0.4217
vn -0.6900 0.6362 0.3452
vn -0.6931 0.6799 0.2393
vn -0.6881 0.7102 0.1489
vn -0.7320 0.6780 0.0661
vn -0.6326 0.7180 0.2905
vn -0.6111 0.7673 0.1944
vn -0.6662 0.7428 0.0666
vn -0.6089 0.7908 0.0621
vn 0.0198 -0.1328 0.9909
vn 0.0257 0.2633 0.9644
vn 0.0221 0.4620 0.8866
vn 0.0310 0.6301 0.7759
vn -0.1529 0.6691 0.7273
vn -0.3123 0.7698 0.5567
vn -0.6904 -0.1755 0.7018
vn -0.6165 0.5331 0.5794
vn -0.7593 0.3542 0.5460
vn -0.7620 -0.0687 0.6440
vn 0.2381 -0.1467 0.9601
vn 0.1075 -0.0147 0.9941
vn 0.1590 0.1119 0.9809
vn 0.1789 0.2823 0.9425
vn 0.3631 -0.2346 0.9018
vn 0.1875 0.4901 0.8513
vn 0.0528 0.5682 0.8212
vn -0.1361 0.4385 0.8883
vn -0.5723 -0.1869 0.7985
vn -0.3851 0.4303 0.8164
vn -0.5687 0.4023 0.7174
vn -0.6465 -0.0057 0.7629
vn 0.3432 0.0124 0.9392
vn 0.3783 0.2275 0.8973
vn 0.3223 0.4376 0.8394
vn 0.2522 0.3622 0.8973
vn -0.1325 0.0171 0.9910
vn -0.4028 -0.3163 0.8589
vn 0.2107 0.0876 0.9736
vn 0.1180 -0.0771 0.9900
vn -0.3765 0.1247 0.9180
vn 0.5720 -0.0434 0.8191
vn 0.5958 0.1829 0.7821
vn 0.4981 0.3490 0.7938
vn -0.2781 -0.4355 0.8562
vn 0.7209 -0.1987 0.6640
vn 0.5866 0.1864 0.7882
vn 0.5082 0.3706 0.7774
vn 0.3734 0.1212 0.9197
vn -0.1547 -0.3544 0.9222
vn -0.2455 -0.4275 0.8700
vn -0.0557 -0.3083 0.9497
vn 0.6972 -0.4415 -0.5648
vn 0.7479 0.0354 0.6629
vn 0.8674 -0.0879 0.4897
vn 0.7138 -0.0224 0.7000
vn -0.1367 -0.5190 0.8438
vn 0.9630 -0.2165 0.1606
vn 0.9607 -0.1248 0.2478
vn 0.8240 -0.2886 0.4875
vn 0.3756 -0.1638 0.9122
vn 0.0655 -0.3153 0.9467
vn 0.9609 -0.2535 -0.1117
vn 0.9677 -0.2477 -0.0459
vn 0.8997 -0.4044 0.1644
vn 0.8472 -0.4235 -0.3207
vn 0.7643 -0.6444 -0.0233
vn -0.1851 -0.5343 0.8248
vn -0.0888 -0.6025 0.7931
vn 0.5602 -0.4033 0.7235
vn 0.2723 -0.4876 0.8295
vn 0.0383 -0.5120 0.8581
vn 0.6960 -0.6321 0.3405
vn 0.5005 -0.6407 0.5822
vn 0.2769 -0.6471 0.7103
vn 0.5908 -0.7744 0.2264
vn 0.3749 -0.8320 0.4090
vn -0.0788 -0.5740 0.8151
vn 0.0366 -0.6775 0.7346
vn 0.1228 -0.7889 0.6021
vn 0.1049 -0.8659 0.4892
vn 0.0039 -0.4760 0.8794
vn -0.0282 -0.6407 0.7673
vn 0.0418 -0.8716 0.4884
vn -0.5737 -0.1487 0.8055
vn -0.5999 -0.0490 0.7985
vn -0.5970 0.0510 0.8006
vn -0.5653 0.1603 0.8092
vn -0.5545 -0.3447 0.7574
vn -0.4813 -0.0006 0.8765
vn -0.4760 -0.3280 0.8160
vn -0.5368 -0.2332 0.8109
vn -0.4014 -0.2262 0.8875
vn -0.4356 -0.1185 0.8923
vn -0.4612 0.1153 0.8798
vn -0.3797 -0.3735 0.8464
vn -0.3071 -0.3053 0.9014
vn -0.3458 -0.0407 0.9374
vn -0.3466 0.0819 0.9344
vn -0.2725 -0.1506 0.9503
vn -0.2346 -0.0371 0.9714
vn -0.2354 0.0736 0.9691
vn -0.1931 -0.2391 0.9516
vn -0.1453 -0.1065 0.9836
vn -0.1465 0.0422 0.9883
vn -0.2024 -0.3980 0.8948
vn -0.0705 -0.2385 0.9686
vn -0.0738 -0.0404 0.9965
vn -0.0718 0.1451 0.9868
vn -0.1187 -0.4645 0.8776
vn -0.0754 -0.3444 0.9358
vn -0.0360 -0.1465 0.9886
vn -0.0404 0.0389 0.9984
vn -0.5520 0.3975 0.7330
vn -0.5369 0.4954 0.6829
vn -0.6130 0.5026 0.6096
vn -0.6019 0.6134 0.5114
vn -0.5442 0.2632 0.7966
vn -0.4825 0.3469 0.8043
vn -0.4594 0.4989 0.7349
vn -0.4554 0.5746 0.6800
vn -0.5411 0.5708 0.6176
vn -0.5274 0.6386 0.5603
vn -0.4342 0.2232 0.8727
vn -0.4363 0.4239 0.7937
vn -0.3740 0.5600 0.7393
vn -0.4529 0.6414 0.6193
vn -0.3681 0.7131 0.5966
vn -0.4514 0.7081 0.5430
vn -0.3580 0.2207 0.9072
vn -0.3644 0.3497 0.8631
vn -0.3602 0.4723 0.8045
vn -0.3664 0.6462 0.6694
vn -0.3576 0.7780 0.5165
vn -0.2370 0.1822 0.9543
vn -0.2849 0.3053 0.9086
vn -0.2743 0.5324 0.8008
vn -0.2895 0.6206 0.7288
vn -0.2042 0.6457 0.7358
vn -0.2509 0.7175 0.6498
vn -0.2844 0.7821 0.5545
vn -0.1501 0.2625 0.9532
vn -0.2378 0.4008 0.8848
vn -0.2053 0.4949 0.8443
vn -0.2003 0.7853 0.5858
vn -0.1229 0.4291 0.8949
vn -0.1564 0.5678 0.8082
vn -0.1119 0.6508 0.7510
vn -0.1242 0.7264 0.6760
vn -0.0440 0.3462 0.9371
vn -0.0019 0.4796 0.8775
vn -0.0484 0.5909 0.8053
vn -0.0155 0.6782 0.7347
vn -0.0119 0.7442 0.6679
vn -0.0681 0.7986 0.5980
vn -0.1226 0.8528 0.5077
vn -0.0344 0.8651 0.5005
vn -0.1678 -0.2190 -0.9612
vn -0.3376 -0.3249 -0.8834
vn -0.5006 -0.6602 -0.5599
vn -0.6021 -0.7933 -0.0897
vn -0.5613 -0.8276 0.0065
vn -0.5930 -0.7815 0.1939
vn -0.5356 -0.8382 0.1024
vn -0.5628 -0.8266 0.0005
vn -0.1264 -0.3711 -0.9199
vn -0.4448 -0.6142 -0.6519
vn -0.5367 -0.6743 -0.5072
vn -0.5758 -0.8174 0.0169
vn -0.5094 -0.8419 0.1783
vn -0.4633 -0.8844 0.0568
vn 0.3296 -0.4392 -0.8358
vn 0.1685 -0.6824 -0.7113
vn 0.1775 -0.3727 -0.9108
vn -0.1721 -0.7343 -0.6566
vn -0.4299 -0.7350 -0.5245
vn -0.4307 -0.8968 -0.1016
vn -0.5357 -0.8378 -0.1055
vn -0.4363 -0.8847 0.1642
vn -0.3964 -0.9099 0.1220
vn -0.3705 -0.9288 0.0105
vn 0.4609 -0.5878 -0.6649
vn 0.3047 -0.8681 -0.3918
vn -0.0385 -0.9259 -0.3758
vn -0.2048 -0.9786 -0.0184
vn -0.2808 -0.9366 0.2095
vn -0.3220 -0.9283 0.1861
vn -0.3590 -0.9160 0.1790
vn 0.6249 -0.7108 -0.3228
vn 0.4991 -0.8662 -0.0259
vn 0.1607 -0.9856 -0.0521
vn -0.1899 -0.9533 0.2349
vn -0.1221 -0.9800 0.1574
vn -0.2802 -0.9524 0.1199
vn -0.2538 -0.9666 0.0351
vn 0.2477 -0.9172 0.3121
vn 0.0486 -0.9649 0.2579
vn -0.1640 -0.9791 0.1204
vn -0.1830 -0.9829 -0.0181
vn 0.0072 -0.9009 0.4339
vn -0.0410 -0.9285 0.3691
vn -0.1132 -0.9719 0.2064
vn -0.0622 -0.9974 0.0355
vn 0.0040 -0.9231 0.3844
vn -0.0720 -0.9528 0.2950
vn 0.0063 -0.9807 0.1955
vn -0.0370 -0.9935 0.1075
vn -0.6035 0.6958 0.3894
vn -0.5296 0.7022 0.4759
vn -0.5154 0.7657 0.3849
vn -0.4421 0.7746 0.4523
vn -0.5450 0.7832 0.2993
vn -0.5420 0.8339 0.1044
vn -0.5607 0.8279 -0.0125
vn -0.4501 0.8542 0.2602
vn -0.5012 0.8450 0.1865
vn -0.4615 0.8852 0.0584
vn -0.4501 0.8280 0.3345
vn -0.3669 0.9223 0.1216
vn -0.3757 0.9266 -0.0129
vn -0.3721 0.8449 0.3844
vn -0.3485 0.8824 0.3160
vn -0.3506 0.9115 0.2149
vn -0.3059 0.9514 0.0351
vn -0.2789 0.8515 0.4441
vn -0.2662 0.9146 0.3045
vn -0.2342 0.9486 0.2131
vn -0.2599 0.9584 0.1181
vn -0.1994 0.8543 0.4801
vn -0.1850 0.9229 0.3376
vn -0.1524 0.9806 0.1232
vn -0.1857 0.9825 0.0126
vn -0.1041 0.9202 0.3773
vn -0.1235 0.9628 0.2404
vn -0.0561 0.9971 0.0524
vn -0.0002 0.9522 0.3054
vn -0.0112 0.9811 0.1934
vn 0.0417 -0.5864 0.8089
vn 0.0815 -0.6600 0.7469
vn 0.0561 -0.7355 0.6752
vn 0.0920 -0.7969 0.5970
vn 0.1534 -0.5754 0.8034
vn 0.1531 -0.7139 0.6833
vn 0.1221 -0.8530 0.5074
vn 0.2060 -0.4965 0.8433
vn 0.2523 -0.6329 0.7319
vn 0.2049 -0.7830 0.5873
vn 0.2711 -0.5377 0.7983
vn 0.2782 -0.7043 0.6531
vn 0.2816 -0.7810 0.5574
vn 0.3528 -0.4803 0.8030
vn 0.3521 -0.5914 0.7255
vn 0.3567 -0.6945 0.6248
vn 0.3449 -0.7792 0.5232
vn 0.4101 -0.6313 0.6582
vn 0.4204 -0.5544 0.7183
vn 0.3542 -0.6922 0.6288
vn 0.4788 -0.4472 0.7555
vn 0.3828 -0.5354 0.7528
vn 0.3931 -0.5958 0.7004
vn 0.1553 -0.6573 0.7374
vn 0.2431 -0.5693 0.7853
vn 0.1673 -0.5612 0.8106
vn 0.0662 -0.2244 0.9722
vn 0.0444 -0.0686 0.9967
vn 0.0455 0.0767 0.9960
vn 0.0770 -0.3426 0.9363
vn 0.1460 -0.0669 0.9870
vn 0.1451 0.0686 0.9870
vn 0.1151 -0.4587 0.8811
vn 0.1917 -0.2401 0.9516
vn 0.2297 -0.4037 0.8856
vn 0.2662 -0.1574 0.9510
vn 0.2814 -0.0425 0.9587
vn 0.2803 0.0384 0.9591
vn 0.2633 0.1584 0.9516
vn 0.3204 -0.3396 0.8843
vn 0.3969 -0.2721 0.8766
vn 0.3851 -0.1965 0.9017
vn 0.7601 0.2108 0.6146
vn 0.7738 0.1580 0.6134
vn 0.4190 -0.4339 0.7976
vn 0.4633 -0.3526 0.8130
vn 0.7713 0.2591 0.5814
vn 0.4705 -0.3465 0.8115
vn 0.7045 0.4101 0.5792
vn 0.4012 -0.4277 0.8100
vn 0.0137 0.2359 0.9717
vn 0.0824 0.3469 0.9343
vn 0.0355 0.6064 0.7944
vn 0.1606 0.2259 0.9608
vn 0.1177 0.4599 0.8801
vn 0.1324 0.5457 0.8275
vn 0.0261 0.6181 0.7856
vn 0.0362 0.8088 0.5869
vn 0.2003 0.3233 0.9249
vn 0.2189 0.4287 0.8765
vn 0.1276 0.4664 0.8753
vn -0.0456 0.7464 0.6639
vn -0.0181 0.8204 0.5714
vn 0.3078 0.3019 0.9023
vn 0.2686 0.3740 0.8877
vn 0.3460 0.3876 0.8544
vn -0.0569 0.4650 0.8835
vn -0.2550 0.6696 0.6976
vn -0.2661 0.8168 0.5119
vn -0.1204 0.9059 0.4060
vn 0.7924 0.0613 0.6069
vn 0.8000 0.0187 0.5997
vn 0.2685 0.3676 0.8904
vn 0.0475 0.2114 0.9763
vn -0.2708 0.3153 0.9095
vn -0.4619 0.3165 0.8285
vn -0.4615 0.4835 0.7438
vn 0.7666 -0.2000 0.6102
vn -0.3663 -0.1785 0.9132
vn -0.3888 0.1595 0.9074
vn 0.3290 0.2586 0.9082
vn 0.0719 -0.1103 0.9913
vn -0.2985 -0.1142 0.9476
vn 0.3192 0.1973 0.9269
vn 0.2504 -0.2398 0.9380
vn 0.2020 -0.0389 0.9786
vn -0.1061 -0.3991 0.9108
vn -0.1774 -0.3954 0.9012
vn -0.1606 -0.3053 0.9386
vn -0.0914 -0.5789 0.8103
vn -0.1889 -0.3079 0.9325
vn -0.1661 0.0662 0.9839
vn 0.1550 -0.4624 0.8730
vn -0.0216 -0.5574 0.8300
vn 0.1633 -0.8970 0.4108
vn 0.0684 0.8607 0.5045
vn 0.0788 0.8604 0.5035
vn -0.4472 0.7330 0.5126
vn -0.3842 0.8541 0.3507
vn -0.4721 0.5800 0.6638
vn -0.2313 0.9563 0.1790
vn -0.4201 0.7790 0.4655
vn -0.3534 0.8873 0.2962
vn -0.3505 0.9270 0.1334
vn -0.2578 0.9659 0.0222
vn -0.2656 0.4059 0.8745
vn -0.3751 0.6306 0.6794
vn -0.2372 0.8447 0.4798
vn -0.2140 0.9756 0.0487
vn -0.1604 0.9762 -0.1458
vn -0.2080 0.6725 0.7103
vn -0.1731 0.9530 0.2486
vn 0.0393 -0.9518 0.3043
vn 0.0586 -0.9972 0.0465
vn 0.1090 -0.9198 0.3769
vn 0.1253 -0.9579 0.2585
vn 0.1040 -0.9795 0.1723
vn 0.2063 -0.8551 0.4757
vn 0.1924 -0.8996 0.3921
vn 0.2209 -0.9220 0.3179
vn 0.2283 -0.9503 0.2119
vn 0.1662 -0.9791 0.1171
vn 0.1936 -0.9811 -0.0000
vn 0.2907 -0.8465 0.4460
vn 0.2840 -0.9182 0.2762
vn 0.2577 -0.9589 0.1188
vn 0.2772 -0.9608 -0.0000
vn 0.3272 -0.8636 0.3836
vn 0.2289 -0.9448 0.2343
vn 0.2100 -0.9617 0.1759
vn 0.1865 -0.9790 0.0823
vn 0.2826 -0.7657 0.5778
vn 0.3216 -0.8351 0.4462
vn 0.2611 -0.8932 0.3662
vn 0.1917 -0.9815 0.0001
vn 0.2039 -0.8391 0.5043
vn 0.1632 -0.8505 0.5001
vn 0.0690 -0.8482 0.5251
vn 0.0462 -0.9309 0.3624
vn -0.0271 -0.9881 0.1515
vn -0.2498 -0.9606 0.1221
vn -0.2643 -0.9642 0.0230
vn -0.0469 -0.9989 -0.0041
vn 0.0466 -0.7625 0.6453
vn -0.1979 -0.7659 0.6118
vn -0.0335 -0.8329 0.5525
vn -0.2555 -0.8027 0.5388
vn -0.1145 -0.8364 0.5360
vn -0.1694 -0.8787 0.4464
vn -0.2152 -0.9261 0.3098
vn -0.2249 -0.9476 0.2270
vn 0.4769 0.8368 -0.2688
vn 0.5399 0.8416 0.0165
vn 0.0150 0.9165 0.3998
vn 0.0572 0.9936 0.0974
vn 0.0268 0.9996 0.0015
vn 0.1286 0.9186 0.3737
vn 0.1150 0.9557 0.2711
vn 0.1384 0.9903 0.0111
vn 0.2207 0.9265 0.3049
vn 0.1411 0.9701 0.1973
vn 0.1813 0.9770 0.1123
vn 0.2454 0.9694 -0.0085
vn 0.0657 0.9328 0.3543
vn 0.1641 0.9363 0.3105
vn 0.2869 0.9450 0.1570
vn 0.3030 0.9507 0.0660
vn -0.0452 0.9867 0.1563
vn 0.0960 0.9766 0.1923
vn 0.2774 0.9223 0.2689
vn 0.2969 0.9237 0.2422
vn 0.3907 0.9037 0.1753
vn -0.1060 0.9932 -0.0485
vn 0.1360 0.9890 0.0585
vn 0.3053 0.9402 0.1510
vn 0.4643 0.8837 0.0585
vn 0.3890 0.9194 0.0585
vn -0.0641 0.9689 -0.2391
vn 0.1214 0.9851 -0.1217
vn 0.2771 0.9608 -0.0126
vn 0.4237 0.8893 0.1721
vn 0.5162 0.8434 0.1492
vn -0.1060 0.9328 -0.3444
vn 0.0995 0.9325 -0.3472
vn 0.3488 0.9060 -0.2397
vn 0.5195 0.8498 0.0889
vn 0.5410 0.8392 0.0558
vn 0.0590 -0.5119 0.8570
vn -0.0300 -0.5678 0.8226
vn -0.1565 -0.4954 0.8544
vn -0.1364 -0.3926 0.9096
vn -0.2098 -0.5874 0.7816
vn -0.1552 -0.3084 0.9385
vn -0.1953 -0.5249 0.8285
vn -0.1919 -0.6327 0.7502
vn -0.1652 -0.4212 0.8918
vn -0.1028 -0.4209 0.9013
vn -0.1256 -0.5425 0.8306
vn -0.1200 -0.6399 0.7591
vn -0.0778 -0.3332 0.9396
vn -0.0238 -0.5669 0.8235
vn -0.0197 -0.4062 0.9136
vn -0.0285 -0.4833 0.8750
vn -0.0438 -0.6507 0.7581
vn -0.0052 -0.3213 0.9470
vn 0.0235 -0.6484 0.7610
vn 0.2767 -0.3529 0.8938
vn 0.1618 -0.3998 0.9022
vn -0.0112 -0.2962 0.9551
vn -0.1350 -0.2134 0.9676
vn -0.4170 0.5216 0.7443
vn -0.1259 -0.1058 0.9864
vn -0.5851 0.3984 0.7064
vn -0.5259 0.4674 0.7106
vn -0.0976 -0.1794 0.9789
vn -0.0654 0.0007 0.9979
vn -0.6517 0.2977 0.6976
vn -0.0717 -0.2648 0.9616
vn -0.0284 -0.0939 0.9952
vn -0.0495 0.1382 0.9892
vn -0.0545 0.2657 0.9625
vn -0.0097 -0.2044 0.9788
vn 0.0279 -0.0356 0.9990
vn 0.0112 0.0383 0.9992
vn -0.0037 0.2093 0.9778
vn -0.0206 0.3273 0.9447
vn -0.0950 -0.2968 0.9502
vn -0.0112 -0.7441 0.6680
vn 0.0600 -0.9391 0.3384
vn -0.0461 0.0708 0.9964
vn 0.0169 -0.8107 0.5853
vn -0.0067 -0.9463 0.3231
vn 0.0087 -0.6273 0.7787
vn -0.0121 -0.3130 0.9497
vn -0.1681 -0.9433 0.2863
vn 0.0840 -0.3035 0.9491
vn 0.0794 0.0720 0.9942
vn 0.1117 -0.8199 0.5615
vn 0.1034 -0.8597 0.5002
vn -0.2518 -0.9088 0.3328
vn 0.1113 -0.6205 0.7763
vn -0.2968 -0.8239 0.4829
vn 0.1608 -0.7252 0.6695
vn -0.4474 -0.6879 0.5715
vn 0.1207 -0.4559 0.8818
vn 0.1900 -0.6087 0.7703
vn 0.2521 -0.3292 0.9100
vn 0.2019 0.0614 0.9775
vn 0.2549 -0.7449 0.6166
vn -0.7172 0.1709 0.6756
vn 0.2140 -0.8411 0.4968
vn -0.7353 0.1050 0.6696
vn -0.7146 -0.0069 0.6995
vn 0.0683 0.1082 0.9918
vn 0.3698 -0.5503 0.7486
vn -0.0477 0.4177 0.9073
vn 0.3247 -0.8339 0.4464
vn -0.0522 0.3911 0.9189
vn 0.3237 -0.6794 0.6585
vn 0.2546 -0.3026 0.9185
vn 0.4156 -0.2398 0.8774
vn 0.4455 0.0868 0.8911
vn 0.4466 -0.7017 0.5551
vn 0.5332 -0.4720 0.7020
vn 0.0147 0.4259 0.9047
vn 0.0574 0.4520 0.8902
vn 0.4063 -0.7619 0.5044
vn 0.4526 -0.5583 0.6954
vn -0.1182 0.4529 0.8837
vn -0.0542 0.7050 0.7071
vn -0.1155 0.8408 0.5289
vn -0.0838 0.9640 0.2524
vn -0.0912 0.9951 0.0383
vn -0.0365 0.9857 -0.1643
vn 0.0157 0.4140 0.9102
vn 0.0081 0.8882 0.4593
vn 0.0406 0.9675 0.2496
vn 0.0158 0.9993 0.0327
vn 0.0588 0.7178 0.6938
vn 0.1000 0.9788 -0.1785
vn 0.1230 0.4801 0.8686
vn 0.2256 0.6950 0.6827
vn 0.1316 0.8558 0.5004
vn 0.1351 0.9898 0.0463
vn 0.2329 0.4062 0.8836
vn 0.1984 0.9482 0.2481
vn 0.3067 0.8210 0.4816
vn 0.2554 0.9660 0.0410
vn 0.2170 0.9603 -0.1751
vn 0.4273 0.3805 0.8202
vn 0.4517 0.5676 0.6883
vn 0.5655 0.6979 0.4394
vn 0.4331 0.8548 0.2860
vn 0.5412 0.7855 -0.3002
vn 0.4212 0.8880 -0.1848
vn -0.1508 -0.6914 0.7065
vn -0.2773 -0.8637 0.4210
vn -0.2005 -0.7160 0.6687
vn -0.2245 -0.7737 0.5924
vn -0.2734 -0.9524 0.1348
vn -0.2760 -0.9600 0.0473
vn -0.2288 -0.8354 0.4997
vn -0.2238 -0.9269 0.3011
vn -0.2642 -0.9385 0.2223
vn -0.1807 -0.8985 0.4000
vn -0.1774 -0.9676 0.1796
vn -0.1877 -0.9815 0.0384
vn -0.1030 -0.7191 0.6873
vn -0.1270 -0.7815 0.6108
vn -0.1282 -0.8419 0.5241
vn -0.1269 -0.9167 0.3789
vn -0.0465 -0.8317 0.5532
vn -0.1894 -0.9365 0.2951
vn -0.1958 -0.9671 0.1626
vn -0.2275 -0.9719 0.0600
vn -0.0284 -0.7631 0.6457
vn -0.1360 -0.9036 0.4063
vn -0.1134 -0.8548 0.5065
vn 0.4600 0.7179 -0.5225
vn 0.3967 0.7723 -0.4962
vn 0.5003 0.8608 0.0933
vn 0.5030 0.8634 0.0401
vn 0.5239 0.8444 0.1114
vn 0.5179 0.8554 0.0002
vn -0.0982 0.8078 -0.5812
vn 0.0294 0.7690 -0.6386
vn -0.0449 0.9990 0.0084
vn 0.1688 0.9733 -0.1556
vn 0.1792 0.9782 -0.1054
vn 0.3119 0.9458 0.0908
vn 0.2910 0.9327 0.2129
vn 0.3387 0.9237 0.1793
vn 0.3115 0.9502 -0.0000
vn 0.0536 0.9042 -0.4237
vn 0.0051 0.9987 0.0499
vn 0.0457 0.9730 0.2261
vn -0.0111 0.9828 0.1843
vn 0.0105 0.9976 0.0680
vn 0.0682 0.7444 -0.6643
vn -0.0707 0.9906 0.1175
vn 0.0929 0.9113 -0.4011
vn 0.0178 0.9992 -0.0357
vn -0.1020 0.9803 0.1692
vn -0.1088 0.9923 0.0589
vn 0.1578 0.7407 -0.6531
vn -0.0458 0.9788 0.1996
vn 0.2311 0.7529 -0.6162
vn 0.1784 0.9496 -0.2577
vn -0.0237 0.9727 0.2307
vn -0.0284 0.9897 0.1400
vn -0.0330 0.9984 0.0458
vn 0.4027 0.7061 -0.5824
vn 0.4591 0.8264 -0.3261
vn 0.0800 0.9780 0.1924
vn -0.0346 0.8878 -0.4590
vn 0.1633 0.8064 -0.5684
vn -0.0302 0.9321 -0.3609
vn 0.0237 0.7525 -0.6582
vn -0.0104 0.8279 -0.5607
vn 0.0759 0.9245 -0.3737
vn 0.0795 0.7009 -0.7088
vn 0.0972 0.8165 -0.5690
vn 0.2601 0.7566 -0.6000
vn 0.2635 0.8721 -0.4122
vn 0.1885 0.7168 -0.6713
vn 0.3311 0.6694 -0.6651
vn 0.4369 0.7197 -0.5396
vn 0.0680 -0.3816 0.9218
vn 0.0553 -0.4863 0.8720
vn 0.0989 -0.5474 0.8310
vn 0.0764 -0.6433 0.7618
vn 0.1450 -0.3321 0.9320
vn 0.1566 -0.4233 0.8924
vn 0.1566 -0.6735 0.7224
vn 0.1596 -0.5832 0.7965
vn 0.1985 -0.5182 0.8319
vn 0.2566 -0.4741 0.8422
vn 0.6075 0.3105 0.7311
vn 0.2723 -0.5853 0.7637
vn 0.3255 -0.5224 0.7881
vn 0.5483 0.3917 0.7389
vn 0.0462 -0.1476 0.9880
vn 0.0478 0.1387 0.9892
vn 0.0436 -0.2657 0.9631
vn 0.0669 0.2570 0.9641
vn 0.1130 -0.1266 0.9855
vn 0.1440 0.0425 0.9887
vn 0.1085 0.1322 0.9853
vn 0.1110 -0.2406 0.9642
vn 0.1561 -0.0475 0.9866
vn 0.1584 0.2108 0.9646
vn 0.1717 0.2982 0.9389
vn 0.7024 0.0468 0.7102
vn 0.5607 -0.4893 0.6680
vn 0.2199 0.1301 0.9668
vn 0.4982 -0.5460 0.6736
vn 0.2479 0.0404 0.9680
vn 0.2794 0.2175 0.9352
vn 0.2512 0.2885 0.9239
vn 0.4300 -0.5860 0.6868
vn 0.3263 0.1341 0.9357
vn 0.3859 0.3040 0.8710
vn 0.4259 0.2179 0.8781
vn 0.7386 0.1095 0.6652
vn 0.0615 0.3370 0.9395
vn 0.5398 -0.7298 0.4194
vn 0.8433 -0.4065 0.3515
vn 0.6005 -0.6930 0.3990
vn 0.7858 -0.5591 0.2645
vn 0.1971 0.2889 0.9369
vn 0.4333 0.0932 0.8964
vn 0.7132 -0.3869 0.5846
vn 0.8875 -0.3917 0.2429
vn 0.6960 -0.3581 0.6224
vn 0.0970 0.4351 0.8952
vn 0.9142 0.1862 0.3601
vn 0.9490 -0.2866 0.1315
vn 0.9910 0.1070 0.0805
vn 0.1921 0.4492 0.8725
vn 0.2690 0.5256 0.8071
vn 0.9869 -0.1612 0.0064
vn 0.9753 0.1753 -0.1340
vn 0.1499 0.3787 0.9133
vn 0.1571 0.5326 0.8317
vn 0.1996 0.4754 0.8568
vn 0.2497 0.3728 0.8937
vn 0.2530 0.5209 0.8152
vn 0.2476 0.6094 0.7532
vn 0.3012 0.4434 0.8442
vn 0.3468 0.3844 0.8555
vn 0.3456 0.5607 0.7525
vn 0.4099 0.4775 0.7772
vn 0.5835 0.4678 0.6638
vn 0.5213 0.8519 0.0496
vn 0.7836 0.5378 0.3111
vn 0.8317 0.5533 0.0470
vn 0.8156 0.5489 -0.1833
vn 0.0136 -0.7193 0.6946
vn 0.0461 -0.7734 0.6323
vn -0.0439 -0.8226 0.5670
vn 0.1027 -0.7219 0.6844
vn 0.0184 -0.7405 0.6718
vn -0.1482 -0.7652 0.6265
vn -0.2228 -0.7842 0.5791
vn -0.0737 -0.7102 0.7001
vn 0.1058 -0.6949 0.7113
vn -0.0039 -0.6526 0.7577
vn -0.1475 -0.6341 0.7591
vn 0.2179 -0.6505 0.7276
vn 0.1946 -0.6591 0.7265
vn -0.0839 -0.5334 0.8417
vn 0.0864 -0.5577 0.8255
vn 0.2395 -0.6296 0.7391
vn -0.1333 -0.3051 0.9429
vn -0.0186 -0.3539 0.9351
vn 0.0351 -0.3204 0.9466
vn 0.2480 -0.5781 0.7774
vn 0.1462 -0.5098 0.8478
vn -0.2572 -0.1965 0.9462
vn -0.1371 -0.0958 0.9859
vn -0.0578 -0.1601 0.9854
vn 0.0735 -0.3774 0.9231
vn 0.6016 0.2784 0.7487
vn 0.7890 0.0581 0.6116
vn 0.9217 -0.1200 0.3688
vn 0.6967 0.5973 -0.3972
vn 0.7125 0.5561 -0.4280
vn 0.5483 0.6130 -0.5689
vn 0.2513 0.9656 0.0663
vn 0.0622 0.9669 0.2475
vn 0.0623 0.9882 0.1397
vn 0.0621 0.9969 0.0484
vn 0.4612 0.4482 0.7658
vn 0.6639 0.4759 0.5769
vn 0.9396 0.3415 0.0249
vn 0.8911 0.2819 -0.3555
vn 0.5543 0.7427 0.3758
vn 0.6078 0.7881 0.0974
vn 0.3572 0.8491 0.3892
vn 0.3625 0.8991 0.2454
vn 0.1497 0.9237 0.3526
vn 0.1051 0.9351 0.3385
vn 0.3449 0.6734 0.6539
vn 0.2550 0.7609 0.5967
vn 0.3131 0.7907 0.5261
vn 0.1628 0.9311 0.3265
vn 0.1493 0.9730 0.1760
vn 0.1658 0.9848 0.0512
vn 0.2272 0.6668 0.7098
vn 0.2458 0.8399 0.4839
vn 0.2089 0.8902 0.4049
vn 0.2548 0.7458 0.6155
vn 0.2366 0.9225 0.3051
vn 0.3039 0.7714 0.5591
vn 0.2538 0.9420 0.2198
vn 0.2804 0.9507 0.1322
vn 0.3089 0.9497 0.0516
vn 0.3159 0.6630 0.6787
vn 0.3669 0.6823 0.6323
vn 0.3120 0.8555 0.4132
vn 0.3579 0.8695 0.3404
vn 0.4471 0.7076 0.5472
vn 0.3638 0.7732 0.5194
vn 0.4245 0.7912 0.4403
vn 0.3927 0.8857 0.2477
vn 0.4293 0.8900 0.1538
vn -0.3254 -0.5372 0.7782
vn -0.3182 -0.3711 0.8724
vn -0.1354 -0.3418 0.9300
vn -0.0596 -0.7307 0.6801
vn -0.1637 -0.5658 0.8081
vn -0.9060 -0.3915 0.1605
vn -0.9088 -0.3887 -0.1517
vn -0.7158 -0.5424 0.4397
vn -0.7179 -0.5430 -0.4357
vn -0.6348 -0.3796 -0.6730
vn -0.3288 -0.6974 0.6368
vn -0.3259 -0.6876 -0.6489
vn -0.3435 -0.4764 -0.8093
vn -0.0542 -0.7281 -0.6834
vn -0.1677 -0.5690 -0.8051
vn -0.1533 -0.3409 -0.9275
vn 0.0196 -0.3547 0.9348
vn 0.0511 -0.5753 0.8164
vn 0.0891 -0.2655 0.9600
vn 0.2705 -0.5397 0.7972
vn 0.1966 -0.3678 0.9089
vn 0.3940 -0.4141 0.8205
vn 0.5337 -0.3999 0.7452
vn 0.0514 -0.8814 0.4696
vn 0.2021 -0.7188 0.6652
vn 0.0535 -0.8759 -0.4794
vn 0.2082 -0.7112 -0.6715
vn 0.0476 -0.5485 -0.8348
vn 0.0919 -0.2976 -0.9502
vn 0.2986 -0.8547 0.4246
vn 0.2057 -0.9680 0.1435
vn 0.2046 -0.9682 -0.1437
vn 0.2969 -0.8529 -0.4295
vn 0.2844 -0.5341 -0.7961
vn 0.2385 -0.3941 -0.8876
vn 0.4735 -0.6287 0.6169
vn 0.5383 -0.8303 0.1444
vn 0.6255 -0.7248 0.2888
vn 0.5265 -0.8344 -0.1632
vn 0.5829 -0.6744 -0.4533
vn 0.4841 -0.6126 -0.6248
vn 0.4792 -0.3811 -0.7906
vn 0.6494 -0.5123 0.5619
vn 0.7517 -0.5407 0.3776
vn 0.7070 -0.6708 -0.2240
vn 0.8017 -0.4133 -0.4319
vn 0.6704 -0.4487 -0.5910
vn 0.8435 -0.3534 0.4046
vn 0.8391 -0.5289 0.1269
vn 0.7931 -0.5922 -0.1425
vn 0.8989 -0.3943 -0.1911
vn -0.2793 -0.9383 -0.2038
vn -0.2646 -0.9031 -0.3382
vn -0.2500 -0.8107 -0.5294
vn -0.2441 -0.9678 -0.0611
vn -0.2449 -0.9514 -0.1865
vn -0.2346 -0.9181 -0.3196
vn -0.2530 -0.6916 -0.6765
vn -0.1895 -0.9073 -0.3754
vn -0.2354 -0.8289 -0.5075
vn -0.1521 -0.9872 -0.0489
vn -0.1590 -0.9764 -0.1465
vn -0.1542 -0.9586 -0.2393
vn -0.2382 -0.5482 -0.8017
vn -0.1511 -0.8788 -0.4526
vn -0.2000 -0.7589 -0.6197
vn -0.1297 -0.9391 -0.3182
vn -0.2312 -0.5459 -0.8053
vn -0.1030 -0.9940 -0.0373
vn -0.1051 -0.9868 -0.1235
vn -0.1040 -0.9683 -0.2270
vn -0.8327 -0.5518 -0.0460
vn -0.8853 -0.4614 -0.0578
vn -0.8371 -0.5252 -0.1531
vn -0.6621 -0.0763 0.7455
vn -0.6206 0.1359 0.7723
vn -0.6594 0.3128 0.6836
vn -0.7862 -0.6108 -0.0940
vn -0.7549 -0.6319 -0.1757
vn -0.8410 -0.4936 -0.2217
vn -0.7707 -0.5901 -0.2405
vn -0.7945 -0.5203 -0.3132
vn -0.8014 -0.4477 -0.3966
vn -0.5274 -0.2214 0.8203
vn -0.4629 -0.0260 0.8861
vn -0.5288 0.3152 0.7881
vn -0.6037 0.3691 0.7066
vn -0.7009 -0.7054 -0.1054
vn -0.6865 -0.6971 -0.2067
vn -0.8117 -0.5661 -0.1439
vn -0.8175 -0.5109 -0.2657
vn -0.2729 -0.0793 0.9588
vn -0.3834 0.0775 0.9203
vn -0.3694 -0.2252 0.9016
vn -0.6115 0.1147 0.7829
vn -0.6825 0.4795 0.5516
vn -0.8361 -0.4205 -0.3523
vn -0.8652 -0.2862 -0.4117
vn -0.6241 -0.7620 -0.1728
vn -0.7264 -0.6870 -0.0185
vn -0.1835 -0.2069 0.9610
vn -0.1847 -0.0560 0.9812
vn -0.4710 -0.1167 0.8744
vn -0.8132 -0.3799 0.4409
vn -0.9431 -0.3307 0.0344
vn -0.9376 -0.3077 -0.1622
vn -0.8054 0.0386 0.5914
vn -0.9550 0.1520 0.2546
vn -0.9755 -0.1036 -0.1939
vn -0.9829 -0.1726 -0.0635
vn -0.9988 0.0021 -0.0482
vn -0.9882 0.1478 -0.0401
vn -0.9845 -0.1194 -0.1289
vn -0.9843 0.1451 -0.1006
vn -0.9823 -0.0053 -0.1871
vn -0.9342 -0.3554 -0.0320
vn -0.9074 -0.3984 -0.1335
vn -0.9497 -0.2911 -0.1153
vn -0.9606 -0.2256 -0.1624
vn -0.9736 0.1144 -0.1974
vn -0.9074 -0.3558 -0.2236
vn -0.9520 -0.2047 -0.2274
vn -0.9601 -0.1259 -0.2496
vn -0.9179 -0.2753 -0.2857
vn -0.9506 -0.0431 -0.3073
vn -0.9525 0.0437 -0.3015
vn -0.9405 0.1494 -0.3051
vn -0.9181 -0.1937 -0.3458
vn -0.9217 -0.1183 -0.3694
vn -0.9144 -0.0353 -0.4032
vn -0.8487 -0.4287 -0.3096
vn -0.8526 -0.3668 -0.3723
vn -0.8695 -0.2993 -0.3929
vn -0.9196 0.0875 -0.3829
vn -0.8662 0.0151 -0.4994
vn -0.8573 -0.2047 -0.4723
vn -0.8551 -0.1130 -0.5059
vn -0.8479 0.1128 -0.5180
vn -0.7958 -0.3691 -0.4800
vn -0.8078 -0.2911 -0.5126
vn -0.8582 0.1902 -0.4768
vn -0.9231 0.3794 -0.0628
vn -0.9513 0.2824 -0.1234
vn -0.9608 0.1962 -0.1960
vn -0.9050 0.3840 -0.1830
vn -0.9409 0.2417 -0.2371
vn -0.8833 0.4645 -0.0627
vn -0.8326 0.5519 -0.0468
vn -0.8376 0.5247 -0.1519
vn -0.9111 0.3172 -0.2632
vn -0.8480 0.4281 -0.3126
vn -0.9098 0.2286 -0.3463
vn -0.8367 0.3976 -0.3766
vn -0.8515 0.2619 -0.4543
vn -0.7613 0.6477 -0.0295
vn -0.7741 0.6196 -0.1297
vn -0.8414 0.4917 -0.2241
vn -0.7607 0.6036 -0.2387
vn -0.7999 0.5287 -0.2839
vn -0.7690 0.5284 -0.3597
vn -0.8557 0.3304 -0.3982
vn -0.7828 0.3433 -0.5191
vn -0.6740 0.7382 -0.0291
vn -0.7142 0.6896 -0.1202
vn -0.6915 0.6850 -0.2292
vn -0.6920 0.6394 -0.3351
vn -0.7698 0.4500 -0.4527
vn -0.7070 0.5618 -0.4296
vn -0.6355 0.7625 -0.1214
vn -0.6202 0.7441 -0.2483
vn -0.6481 0.5974 -0.4724
vn -0.6185 0.6835 -0.3876
vn -0.6582 0.5303 -0.5344
vn -0.9010 -0.1203 0.4168
vn -0.8709 0.1531 0.4671
vn -0.9405 -0.2421 0.2383
vn -0.9874 0.0480 0.1508
vn -0.9235 0.3438 0.1704
vn -0.9410 -0.2449 -0.2335
vn -0.9928 -0.0310 -0.1159
vn -0.9487 0.2100 -0.2365
vn -0.9273 0.3407 -0.1549
vn -0.8876 -0.1863 -0.4212
vn -0.8834 -0.0258 -0.4679
vn -0.8746 0.1427 -0.4634
vn -0.7725 -0.2709 0.5743
vn -0.7813 -0.0187 0.6238
vn -0.7896 0.3592 0.4974
vn -0.7006 0.5264 0.4818
vn -0.7995 0.5761 0.1702
vn -0.7858 0.5930 -0.1758
vn -0.7676 -0.2716 -0.5806
vn -0.7249 0.3958 -0.5638
vn -0.7340 0.5419 -0.4094
vn -0.6623 -0.0687 -0.7461
vn -0.6658 0.1924 -0.7209
vn -0.6015 0.6936 0.3965
vn -0.6464 0.7483 0.1492
vn -0.5993 0.7799 -0.1803
vn -0.5983 0.6011 -0.5299
vn -0.5571 0.7320 -0.3921
vn -0.5230 -0.2258 -0.8219
vn -0.4675 -0.0250 -0.8837
vn -0.4928 0.1417 -0.8585
vn -0.4995 0.3942 -0.7715
vn -0.6652 0.6588 0.3514
vn -0.7794 -0.2689 -0.5659
vn -0.5996 0.7942 0.0980
vn -0.6199 0.7633 -0.1819
vn -0.4636 0.8523 -0.2424
vn -0.4342 0.6952 -0.5728
vn -0.3480 -0.2304 -0.9088
vn -0.3025 0.1326 -0.9439
vn -0.2829 0.2778 -0.9180
vn -0.3472 0.4905 -0.7993
vn -0.2093 0.6534 -0.7275
vn -0.2600 -0.0779 -0.9625
vn -0.8658 0.4877 0.1117
vn -0.9035 0.2759 -0.3279
vn -0.7347 0.6715 0.0964
vn -0.6984 -0.1803 -0.6926
vn -0.3701 0.8440 -0.3883
vn -0.2205 0.8021 -0.5550
vn -0.1249 0.2901 -0.9488
vn -0.1343 0.4907 -0.8609
vn -0.0568 -0.1701 -0.9838
vn -0.0999 0.0469 -0.9939
vn -0.7864 -0.2022 -0.5837
vn -0.8109 -0.0024 -0.5852
vn -0.7870 -0.1135 -0.6064
vn -0.7346 -0.3179 -0.5994
vn -0.7492 -0.0391 -0.6612
vn -0.7667 0.0767 -0.6374
vn -0.7195 -0.2129 -0.6611
vn -0.7186 -0.1138 -0.6861
vn -0.7163 0.1154 -0.6882
vn -0.6632 -0.3332 -0.6702
vn -0.6334 -0.2727 -0.7242
vn -0.6548 -0.1532 -0.7401
vn -0.6812 0.0010 -0.7321
vn -0.6529 0.1514 -0.7422
vn -0.7849 0.2193 -0.5795
vn -0.7128 0.4622 -0.5275
vn -0.7228 0.2293 -0.6519
vn -0.7080 0.3499 -0.6135
vn -0.6434 0.4541 -0.6163
vn -0.6320 0.2768 -0.7238
vn -0.6214 0.3924 -0.6782
vn -0.5682 -0.8174 -0.0950
vn -0.5352 -0.8231 -0.1898
vn -0.5719 -0.8199 -0.0248
vn -0.0428 -0.1548 0.9870
vn -0.1827 -0.1973 0.9632
vn -0.4992 -0.6627 0.5583
vn -0.4655 -0.8833 -0.0563
vn -0.5145 -0.8392 -0.1763
vn -0.5923 -0.8053 0.0259
vn -0.5970 -0.7969 0.0927
vn 0.0080 -0.2359 0.9717
vn -0.1615 -0.3657 0.9166
vn -0.4498 -0.6008 0.6609
vn -0.5365 -0.6740 0.5078
vn -0.3952 -0.9102 -0.1236
vn -0.4351 -0.8851 -0.1652
vn -0.4314 -0.8965 0.1011
vn -0.5338 -0.8404 0.0938
vn 0.1667 -0.3772 0.9110
vn -0.1547 -0.7235 0.6728
vn -0.4343 -0.7304 0.5272
vn 0.3381 -0.4125 0.8459
vn 0.1763 -0.6565 0.7335
vn -0.3029 -0.9506 -0.0676
vn -0.3580 -0.9170 -0.1760
vn -0.3153 -0.9310 -0.1837
vn -0.2142 -0.9767 0.0121
vn 0.3029 -0.8515 0.4281
vn -0.0349 -0.9248 0.3788
vn 0.4665 -0.5794 0.6684
vn -0.2737 -0.9425 -0.1919
vn -0.1807 -0.9515 -0.2491
vn -0.1321 -0.9833 -0.1249
vn 0.1655 -0.9844 0.0604
vn 0.6225 -0.7105 0.3283
vn 0.4973 -0.8672 0.0261
vn -0.1815 -0.9773 -0.1096
vn 0.0475 -0.9672 -0.2497
vn 0.2491 -0.9147 -0.3182
vn -0.0559 -0.9981 -0.0259
vn -0.0574 -0.9934 -0.0992
vn -0.1390 -0.9707 -0.1960
vn -0.1124 -0.9559 -0.2715
vn -0.0650 -0.9370 -0.3433
vn 0.0051 -0.9008 -0.4341
vn 0.0980 -0.8740 -0.4759
vn 0.0114 -0.9813 -0.1921
vn -0.0005 -0.9530 -0.3031
vn 0.0060 -0.9223 -0.3865
vn -0.5298 0.7601 -0.3762
vn -0.5457 0.6887 -0.4774
vn -0.4402 0.7754 -0.4528
vn -0.3579 0.7756 -0.5200
vn -0.5399 0.8354 -0.1034
vn -0.5438 0.8173 -0.1906
vn -0.5353 0.7901 -0.2987
vn -0.4657 0.8832 -0.0559
vn -0.4475 0.8797 -0.1607
vn -0.4570 0.8568 -0.2389
vn -0.3602 0.9254 -0.1175
vn -0.4396 0.8398 -0.3185
vn -0.3398 0.9148 -0.2182
vn -0.3421 0.8869 -0.3105
vn -0.3712 0.8435 -0.3882
vn -0.2596 0.9650 -0.0369
vn -0.2595 0.9590 -0.1136
vn -0.2299 0.9495 -0.2135
vn -0.2635 0.9146 -0.3066
vn -0.2776 0.8514 -0.4450
vn -0.1461 0.9825 -0.1151
vn -0.1859 0.9224 -0.3384
vn -0.1988 0.8534 -0.4818
vn -0.0546 0.9975 -0.0441
vn -0.1127 0.9673 -0.2273
vn -0.0883 0.9218 -0.3774
vn -0.1200 0.8519 -0.5097
vn -0.0025 0.9807 -0.1956
vn 0.0041 0.9528 -0.3035
vn -0.0349 0.8682 -0.4950
vn -0.7633 0.3505 -0.5426
vn -0.7677 -0.0696 -0.6370
vn -0.6132 0.5345 -0.5817
vn -0.1504 0.6803 -0.7174
vn -0.3150 0.7722 -0.5517
vn -0.5710 -0.1993 -0.7964
vn 0.0223 0.4590 -0.8881
vn 0.0338 0.6240 -0.7807
vn 0.0316 0.0395 -0.9987
vn 0.0191 0.2499 -0.9681
vn -0.5781 0.3936 -0.7147
vn -0.6565 -0.0084 -0.7543
vn -0.3997 0.4192 -0.8152
vn 0.2657 0.3826 -0.8849
vn 0.0423 0.5699 -0.8206
vn -0.1364 0.4382 -0.8885
vn 0.2631 -0.1779 -0.9482
vn 0.2298 0.1639 -0.9593
vn 0.1828 0.2810 -0.9421
vn 0.1976 0.4821 -0.8535
vn 0.1170 -0.0288 -0.9927
vn 0.2440 0.1318 -0.9608
vn -0.1639 -0.0021 -0.9865
vn -0.3700 0.1449 -0.9176
vn -0.4537 -0.1189 -0.8832
vn -0.4141 -0.3183 -0.8527
vn 0.4995 -0.2307 -0.8351
vn 0.3401 0.0061 -0.9404
vn 0.4253 0.1769 -0.8876
vn 0.3732 0.3694 -0.8510
vn 0.6968 -0.4429 0.5642
vn 0.6160 0.1756 -0.7679
vn 0.4383 0.0690 -0.8962
vn 0.2249 0.0581 -0.9726
vn -0.0445 -0.3274 -0.9438
vn 0.7114 -0.2072 -0.6715
vn 0.5943 0.1769 -0.7846
vn 0.4708 0.3093 -0.8262
vn -0.1786 -0.4008 -0.8986
vn -0.3111 -0.4310 -0.8470
vn 0.5776 -0.0437 -0.8151
vn 0.5189 0.3267 -0.7899
vn 0.8485 -0.4220 0.3192
vn 0.7568 -0.6530 0.0293
vn 0.9609 -0.2532 0.1118
vn 0.9679 -0.2473 0.0455
vn 0.8942 -0.4135 -0.1717
vn 0.8208 -0.2932 -0.4902
vn 0.9605 -0.2246 -0.1642
vn 0.9621 -0.1226 -0.2437
vn 0.7328 -0.0730 -0.6765
vn 0.3829 -0.1901 -0.9040
vn 0.1050 -0.3120 -0.9443
vn 0.8713 -0.2226 -0.4374
vn 0.8610 -0.0694 -0.5038
vn 0.8174 0.1298 -0.5612
vn -0.1103 -0.5565 -0.8235
vn -0.1907 -0.4832 -0.8545
vn 0.7305 0.0485 -0.6812
vn -0.2707 -0.4707 -0.8398
vn 0.6041 -0.7732 -0.1930
vn 0.4685 -0.7808 -0.4134
vn 0.4941 -0.6292 -0.5999
vn 0.2589 -0.5500 -0.7940
vn 0.5764 -0.3897 -0.7183
vn 0.0384 -0.5438 -0.8383
vn -0.1550 -0.5427 -0.8255
vn 0.1156 -0.7946 -0.5961
vn 0.0562 -0.6840 -0.7273
vn -0.0134 -0.6564 -0.7543
vn -0.0553 -0.5970 -0.8003
vn 0.0519 -0.7429 -0.6674
vn 0.0016 -0.4797 -0.8774
vn -0.5739 -0.3427 -0.7438
vn -0.5718 -0.1536 -0.8059
vn -0.6008 -0.0500 -0.7978
vn -0.5976 0.0514 -0.8001
vn -0.5629 0.1678 -0.8093
vn -0.5045 -0.3193 -0.8022
vn -0.5315 -0.2366 -0.8133
vn -0.4802 -0.0027 -0.8772
vn -0.4279 -0.3788 -0.8206
vn -0.4129 -0.2782 -0.8673
vn -0.4320 -0.1203 -0.8938
vn -0.4628 0.1153 -0.8789
vn -0.3926 -0.1993 -0.8979
vn -0.3430 -0.3812 -0.8585
vn -0.3146 -0.2957 -0.9020
vn -0.3058 -0.0417 -0.9512
vn -0.3473 0.0772 -0.9346
vn -0.2631 -0.1585 -0.9517
vn -0.2157 0.0715 -0.9738
vn -0.2245 -0.4068 -0.8855
vn -0.2010 -0.3232 -0.9247
vn -0.1626 -0.2261 -0.9604
vn -0.1484 -0.0691 -0.9865
vn -0.1181 -0.4606 -0.8797
vn -0.0780 -0.3451 -0.9353
vn -0.0773 0.0361 -0.9964
vn -0.0730 0.1266 -0.9893
vn -0.0412 -0.2212 -0.9744
vn -0.0402 -0.0775 -0.9962
vn -0.5815 0.5301 -0.6171
vn -0.5691 0.6089 -0.5527
vn -0.5603 0.3740 -0.7391
vn -0.4685 0.6948 -0.5456
vn -0.4953 0.5958 -0.6322
vn -0.5194 0.4769 -0.7090
vn -0.5359 0.2673 -0.8009
vn -0.4733 0.3591 -0.8044
vn -0.4241 0.6429 -0.6378
vn -0.4291 0.5533 -0.7139
vn -0.4248 0.4327 -0.7952
vn -0.4107 0.1988 -0.8898
vn -0.3948 0.2738 -0.8770
vn -0.3642 0.6949 -0.6201
vn -0.3549 0.5911 -0.7243
vn -0.3534 0.4798 -0.8031
vn -0.3217 0.3407 -0.8834
vn -0.2831 0.7805 -0.5574
vn -0.2793 0.7041 -0.6528
vn -0.2546 0.6329 -0.7312
vn -0.2712 0.5377 -0.7983
vn -0.2627 0.1851 -0.9469
vn -0.2073 0.7828 -0.5868
vn -0.1497 0.7161 -0.6817
vn -0.2060 0.4965 -0.8433
vn -0.1873 0.2381 -0.9530
vn -0.2301 0.4037 -0.8855
vn -0.1115 0.7844 -0.6101
vn -0.1160 0.6509 -0.7502
vn -0.1156 0.4601 -0.8803
vn -0.1530 0.5730 -0.8052
vn -0.0771 0.3467 -0.9348
vn -0.0669 0.2268 -0.9716
vn -0.0174 0.7432 -0.6689
vn -0.0184 0.6784 -0.7345
vn -0.0496 0.5911 -0.8051
vn -0.0017 0.4768 -0.8790
vn -0.0063 0.8108 -0.5853
vn 0.0569 -0.9975 -0.0425
vn 0.0335 -0.8693 -0.4931
vn 0.1519 -0.9809 -0.1213
vn 0.1237 -0.9625 -0.2415
vn 0.1080 -0.9218 -0.3723
vn 0.0995 -0.8583 -0.5034
vn 0.2561 -0.9593 -0.1186
vn 0.2305 -0.9497 -0.2121
vn 0.2216 -0.9218 -0.3181
vn 0.1936 -0.8972 -0.3970
vn 0.1951 -0.8522 -0.4856
vn 0.2840 -0.9169 -0.2804
vn 0.2994 -0.8487 -0.4359
vn 0.1864 -0.9791 -0.0819
vn 0.1987 -0.9653 -0.1695
vn 0.2245 -0.9449 -0.2383
vn 0.2613 -0.8939 -0.3644
vn 0.3188 -0.7831 -0.5339
vn 0.3337 -0.8226 -0.4604
vn 0.2954 -0.7539 -0.5869
vn -0.2532 -0.9602 -0.1177
vn -0.0322 -0.9889 -0.1448
vn 0.0151 -0.9562 -0.2922
vn 0.0592 -0.9125 -0.4048
vn 0.1705 -0.8512 -0.4963
vn 0.0660 -0.8480 -0.5259
vn 0.2236 -0.8324 -0.5071
vn -0.3491 -0.9357 -0.0522
vn -0.2208 -0.9494 -0.2232
vn -0.2161 -0.9252 -0.3118
vn -0.1921 -0.8751 -0.4441
vn -0.1141 -0.8362 -0.5364
vn -0.2597 -0.8002 -0.5406
vn -0.2058 -0.7637 -0.6118
vn -0.0397 -0.8321 -0.5532
vn 0.0550 -0.7554 -0.6530
vn 0.1583 -0.6421 -0.7501
vn 0.5437 0.8389 -0.0246
vn 0.4766 0.8388 0.2633
vn 0.0362 0.9945 -0.0988
vn 0.1072 0.9784 -0.1765
vn 0.0315 0.9121 -0.4087
vn 0.0917 0.9945 -0.0512
vn 0.1523 0.9575 -0.2451
vn 0.1732 0.9263 -0.3347
vn 0.1080 0.9214 -0.3734
vn 0.0730 0.8593 -0.5063
vn 0.1770 0.9769 -0.1201
vn 0.1175 0.8865 -0.4476
vn 0.2785 0.9524 -0.1243
vn 0.2956 0.9247 -0.2401
vn 0.2436 0.9197 -0.3080
vn 0.1531 0.9381 -0.3108
vn 0.0284 0.9451 -0.3256
vn 0.3700 0.9278 -0.0479
vn 0.3792 0.9087 -0.1746
vn 0.2935 0.9152 -0.2762
vn 0.0888 0.9884 -0.1232
vn -0.0584 0.9843 -0.1663
vn 0.4593 0.8862 -0.0602
vn 0.2941 0.9415 -0.1645
vn -0.1077 0.9922 0.0621
vn 0.5137 0.8452 -0.1475
vn 0.4238 0.8893 -0.1721
vn 0.2748 0.9615 0.0063
vn 0.1220 0.9866 0.1081
vn -0.0809 0.9809 0.1768
vn 0.5406 0.8396 -0.0535
vn 0.5281 0.8469 -0.0625
vn 0.3476 0.9062 0.2407
vn 0.0262 0.9369 0.3485
vn -0.0959 0.9322 0.3490
vn 0.0998 -0.8026 -0.5881
vn 0.0768 -0.6604 -0.7469
vn 0.0392 -0.5897 -0.8067
vn 0.1253 -0.7252 -0.6771
vn 0.1566 -0.5690 -0.8073
vn 0.2076 -0.7860 -0.5823
vn 0.2027 -0.6451 -0.7367
vn 0.2771 -0.5329 -0.7995
vn 0.2053 -0.4949 -0.8443
vn 0.2509 -0.7166 -0.6508
vn 0.2938 -0.6221 -0.7257
vn 0.3571 -0.7068 -0.6107
vn 0.3595 -0.4742 -0.8037
vn 0.3842 -0.6387 -0.6667
vn 0.3971 -0.5651 -0.7232
vn 0.4552 -0.4933 -0.7412
vn 0.3783 -0.6327 -0.6757
vn 0.3800 -0.5331 -0.7559
vn 0.2414 -0.5799 -0.7781
vn 0.1229 -0.4291 -0.8949
vn 0.0411 -0.3454 -0.9376
vn 0.0369 -0.2294 -0.9726
vn 0.0412 -0.0737 -0.9964
vn 0.0413 0.0704 -0.9967
vn 0.1558 -0.2662 -0.9513
vn 0.1077 -0.1403 -0.9842
vn 0.1507 -0.0356 -0.9879
vn 0.1513 0.0691 -0.9861
vn 0.2378 -0.4008 -0.8848
vn 0.2386 -0.1656 -0.9569
vn 0.3624 -0.3515 -0.8632
vn 0.2856 -0.3015 -0.9097
vn 0.3430 -0.1202 -0.9316
vn 0.2782 -0.0368 -0.9598
vn 0.2843 0.0374 -0.9580
vn 0.2725 0.1188 -0.9548
vn 0.3969 -0.2356 -0.8871
vn 0.7753 0.1687 -0.6087
vn 0.4345 -0.4230 -0.7952
vn 0.4727 -0.3476 -0.8098
vn 0.7662 0.2660 -0.5850
vn 0.7700 0.2072 -0.6034
vn 0.7528 0.3046 -0.5835
vn 0.4027 -0.4294 -0.8083
vn 0.4781 -0.3465 -0.8071
vn 0.7027 0.4053 -0.5848
vn 0.0332 0.6085 -0.7928
vn 0.1203 0.4585 -0.8805
vn 0.0751 0.3394 -0.9377
vn 0.0621 0.2189 -0.9738
vn -0.0118 0.8141 -0.5805
vn 0.1172 0.5443 -0.8307
vn 0.0032 0.8587 -0.5125
vn 0.0373 0.6057 -0.7948
vn -0.0564 0.7411 -0.6690
vn 0.2163 0.4292 -0.8770
vn 0.1640 0.5049 -0.8474
vn 0.1787 0.2357 -0.9553
vn 0.1989 0.4047 -0.8926
vn -0.1197 0.9087 -0.3998
vn -0.2534 0.8221 -0.5099
vn -0.2728 0.6621 -0.6980
vn 0.0917 0.4046 -0.9099
vn -0.0529 0.4660 -0.8832
vn 0.2728 0.3836 -0.8823
vn 0.2562 0.2127 -0.9429
vn -0.3684 0.4268 -0.8259
vn -0.4693 0.4601 -0.7537
vn 0.3210 0.4042 -0.8565
vn 0.2474 0.3331 -0.9098
vn 0.0569 0.1922 -0.9797
vn -0.2351 0.2290 -0.9446
vn -0.4649 0.3004 -0.8329
vn 0.3435 0.3471 -0.8727
vn 0.1293 0.1167 -0.9847
vn 0.2821 -0.2462 -0.9273
vn 0.7715 -0.1973 -0.6048
vn 0.3320 0.2541 -0.9084
vn 0.0882 -0.1092 -0.9901
vn -0.2822 -0.1269 -0.9509
vn 0.8211 -0.0298 -0.5700
vn -0.3634 -0.1832 -0.9134
vn -0.3772 0.1060 -0.9201
vn -0.1993 -0.3463 -0.9167
vn 0.1822 -0.0390 -0.9825
vn -0.1011 -0.4112 -0.9059
vn -0.4065 0.4175 -0.8127
vn 0.1753 -0.9045 -0.3888
vn 0.3401 -0.7812 -0.5235
vn 0.0147 -0.5799 -0.8145
vn -0.1803 -0.3211 -0.9297
vn -0.1057 -0.5681 -0.8162
vn -0.1618 0.0631 -0.9848
vn -0.3856 0.8518 -0.3546
vn -0.4530 0.7289 -0.5133
vn -0.2296 0.9567 -0.1791
vn -0.4826 0.5829 -0.6537
vn -0.2509 0.9680 -0.0087
vn -0.3503 0.9272 -0.1328
vn -0.4190 0.7791 -0.4664
vn -0.3581 0.8862 -0.2940
vn -0.1597 0.9767 0.1431
vn -0.2144 0.9755 -0.0493
vn -0.3644 0.6322 -0.6837
vn -0.2367 0.8464 -0.4770
vn -0.2539 0.4019 -0.8798
vn -0.1740 0.9527 -0.2491
vn -0.2080 0.6846 -0.6986
vn -0.2830 -0.8613 -0.4220
vn -0.1553 -0.6926 -0.7044
vn -0.0637 -0.6026 -0.7955
vn -0.2573 -0.9651 -0.0490
vn -0.2797 -0.9502 -0.1374
vn -0.2649 -0.8037 -0.5328
vn -0.2057 -0.5844 -0.7850
vn -0.2637 -0.9386 -0.2226
vn -0.2279 -0.9247 -0.3050
vn -0.2130 -0.8635 -0.4571
vn -0.2060 -0.7245 -0.6578
vn -0.1781 -0.9692 -0.1701
vn -0.2175 -0.7901 -0.5730
vn -0.1943 -0.6410 -0.7425
vn -0.2324 -0.9707 -0.0606
vn -0.1674 -0.9257 -0.3392
vn -0.1291 -0.9056 -0.4040
vn -0.1363 -0.8372 -0.5296
vn -0.1243 -0.7819 -0.6109
vn -0.1031 -0.7202 -0.6861
vn -0.1978 -0.9660 -0.1667
vn -0.1864 -0.9352 -0.3012
vn -0.0892 -0.8822 -0.4623
vn -0.1329 -0.9001 -0.4150
vn -0.0579 -0.8325 -0.5510
vn -0.0303 -0.7633 -0.6453
vn -0.0578 -0.8418 -0.5367
vn 0.0064 -0.8122 -0.5833
vn 0.0139 -0.6909 -0.7228
vn 0.5240 0.8444 -0.1114
vn 0.5003 0.8608 -0.0933
vn 0.5031 0.8633 -0.0397
vn 0.4566 0.7153 0.5290
vn 0.3882 0.7818 0.4880
vn 0.2889 0.9333 -0.2133
vn 0.3375 0.9244 -0.1776
vn 0.3114 0.9459 -0.0908
vn 0.1686 0.9743 0.1492
vn -0.0509 0.9987 -0.0056
vn 0.1794 0.9769 0.1159
vn -0.1088 0.8004 0.5895
vn 0.0066 0.7686 0.6397
vn 0.0126 0.9980 -0.0626
vn 0.0388 0.9746 -0.2207
vn -0.0110 0.9828 -0.1845
vn 0.0053 0.9989 -0.0472
vn 0.0893 0.8973 0.4324
vn 0.0698 0.7679 0.6368
vn -0.0724 0.9907 -0.1153
vn 0.0434 0.8962 0.4415
vn -0.0882 0.9949 -0.0496
vn -0.1052 0.9794 -0.1724
vn 0.0056 0.9991 0.0422
vn 0.1375 0.7236 0.6764
vn -0.0530 0.9809 -0.1872
vn 0.0967 0.9214 0.3763
vn -0.0294 0.9904 -0.1352
vn -0.0218 0.9728 -0.2304
vn 0.0521 0.9906 -0.1263
vn 0.1934 0.9447 0.2649
vn 0.2362 0.7485 0.6197
vn 0.0160 0.9989 -0.0451
vn 0.3909 0.7138 0.5810
vn 0.4254 0.8673 0.2586
vn 0.0853 0.8210 0.5645
vn 0.0296 0.7563 0.6536
vn 0.0102 0.8361 0.5484
vn -0.0369 0.9330 0.3581
vn 0.0475 0.7179 0.6945
vn 0.0786 0.9223 0.3783
vn 0.1511 0.7220 0.6752
vn 0.1164 0.8272 0.5497
vn 0.2574 0.8790 0.4015
vn 0.2597 0.7439 0.6158
vn 0.4060 0.7211 0.5613
vn 0.0242 -0.5555 -0.8312
vn 0.0866 -0.4951 -0.8645
vn -0.1740 -0.4982 -0.8494
vn -0.1323 -0.4130 -0.9011
vn -0.1946 -0.5287 -0.8262
vn -0.1628 -0.3363 -0.9276
vn -0.1660 -0.4229 -0.8908
vn -0.1199 -0.6419 -0.7573
vn -0.1277 -0.5435 -0.8296
vn -0.0601 -0.5645 -0.8233
vn -0.0988 -0.4231 -0.9007
vn -0.0834 -0.3137 -0.9458
vn -0.0370 -0.6443 -0.7639
vn -0.0286 -0.4895 -0.8715
vn -0.0024 -0.3913 -0.9203
vn 0.1673 -0.3992 -0.9015
vn 0.2797 -0.3636 -0.8886
vn -0.0876 -0.3371 -0.9374
vn 0.0146 -0.3184 -0.9478
vn -0.1413 -0.2249 -0.9641
vn -0.4141 0.5242 -0.7441
vn -0.1522 -0.2391 -0.9590
vn -0.1215 -0.1182 -0.9855
vn -0.5259 0.4661 -0.7115
vn -0.5852 0.3971 -0.7070
vn -0.6175 0.3492 -0.7048
vn -0.0727 -0.1909 -0.9789
vn -0.0643 0.0023 -0.9979
vn -0.6510 0.3003 -0.6971
vn -0.0253 -0.2935 -0.9556
vn -0.0277 0.2668 -0.9634
vn -0.0258 -0.0991 -0.9947
vn -0.0445 0.1367 -0.9896
vn 0.0163 -0.0094 -0.9998
vn 0.0297 0.1667 -0.9856
vn -0.0032 -0.9450 -0.3270
vn -0.0155 -0.7470 -0.6647
vn -0.0682 -0.2999 -0.9515
vn -0.0042 -0.6142 -0.7891
vn -0.0353 0.0696 -0.9969
vn -0.1703 -0.9431 -0.2855
vn 0.0159 -0.8082 -0.5887
vn -0.2485 -0.9059 -0.3428
vn 0.1039 -0.8564 -0.5058
vn 0.1138 -0.8181 -0.5637
vn 0.0891 -0.6173 -0.7816
vn 0.0752 -0.2946 -0.9527
vn 0.0486 0.0728 -0.9962
vn -0.4474 -0.6899 -0.5691
vn 0.1358 -0.3950 -0.9086
vn -0.2982 -0.8216 -0.4859
vn 0.1614 -0.7162 -0.6790
vn 0.1582 0.0611 -0.9855
vn 0.0408 0.0870 -0.9954
vn -0.7298 0.1009 -0.6762
vn -0.0428 0.3754 -0.9259
vn 0.2183 -0.8421 -0.4932
vn -0.7145 0.1732 -0.6779
vn 0.2716 -0.7304 -0.6267
vn 0.1943 -0.6065 -0.7710
vn 0.2515 -0.3365 -0.9075
vn 0.3137 -0.6664 -0.6764
vn -0.0333 0.3861 -0.9219
vn 0.3262 -0.8341 -0.4449
vn 0.4425 -0.4193 -0.7927
vn 0.4234 0.0581 -0.9041
vn 0.1188 0.1752 -0.9773
vn 0.3022 -0.2663 -0.9153
vn 0.4674 -0.5448 -0.6962
vn 0.0187 0.4282 -0.9035
vn 0.0446 0.4190 -0.9069
vn 0.4107 -0.7529 -0.5142
vn 0.4692 -0.6625 -0.5839
vn 0.5470 0.0926 -0.8320
vn 0.4289 -0.2361 -0.8719
vn -0.0912 0.9951 -0.0383
vn -0.0842 0.9639 -0.2525
vn -0.1103 0.8459 -0.5218
vn -0.1359 0.4664 -0.8740
vn -0.0669 0.6975 -0.7135
vn -0.0362 0.9859 0.1634
vn -0.0373 0.4152 -0.9089
vn 0.0158 0.9993 -0.0327
vn 0.0410 0.9674 -0.2499
vn 0.0059 0.8911 -0.4537
vn 0.0391 0.7187 -0.6943
vn 0.0998 0.9789 0.1784
vn 0.0996 0.4835 -0.8696
vn 0.1351 0.9898 -0.0463
vn 0.2330 0.6920 -0.6833
vn 0.1327 0.8535 -0.5039
vn 0.1987 0.9482 -0.2480
vn 0.2363 0.4037 -0.8839
vn 0.2179 0.9602 0.1747
vn 0.2555 0.9659 -0.0405
vn 0.3099 0.8172 -0.4860
vn 0.5411 0.7870 0.2965
vn 0.4184 0.8897 0.1827
vn 0.5876 0.6710 -0.4521
vn 0.4310 0.8566 -0.2838
vn 0.4734 0.5626 -0.6777
vn 0.4015 0.4070 -0.8205
vn -0.2154 -0.8563 -0.4695
vn 0.0495 -0.7563 -0.6523
vn -0.1704 -0.8032 -0.5708
vn -0.1105 -0.7579 -0.6430
vn 0.0187 -0.7505 -0.6606
vn 0.1116 -0.7233 -0.6814
vn -0.1954 -0.6564 -0.7287
vn -0.0954 -0.6836 -0.7236
vn 0.1106 -0.7093 -0.6962
vn -0.0914 -0.4774 -0.8739
vn 0.0031 -0.6711 -0.7413
vn 0.0656 -0.5785 -0.8131
vn 0.1941 -0.6684 -0.7181
vn -0.2276 -0.4445 -0.8664
vn 0.1790 -0.6585 -0.7310
vn -0.1617 -0.2608 -0.9517
vn -0.0596 -0.3337 -0.9408
vn 0.0918 -0.4631 -0.8815
vn 0.1761 -0.5339 -0.8270
vn 0.2470 -0.6166 -0.7476
vn 0.2967 -0.5591 -0.7742
vn -0.1035 -0.1001 -0.9896
vn 0.0418 -0.3081 -0.9504
vn 0.2518 -0.5754 -0.7782
vn -0.0071 -0.1878 -0.9822
vn 0.0158 -0.3470 -0.9377
vn 0.1655 -0.5372 -0.8270
vn 0.3207 -0.5187 -0.7925
vn 0.4546 0.4863 -0.7462
vn 0.0608 0.9884 -0.1391
vn 0.0569 0.9686 -0.2419
vn 0.1003 0.9684 -0.2285
vn 0.2506 0.9661 -0.0618
vn 0.5943 0.6758 0.4359
vn 0.6033 0.2731 -0.7493
vn 0.7890 0.0581 -0.6116
vn 0.9217 -0.1200 -0.3688
vn 0.5902 0.6156 0.5223
vn 0.1122 0.9925 -0.0494
vn 0.1178 0.9391 -0.3227
vn 0.1581 0.9191 -0.3609
vn 0.3597 0.8482 -0.3889
vn 0.3614 0.8974 -0.2530
vn 0.5532 0.7432 -0.3762
vn 0.6027 0.7914 -0.1025
vn 0.4117 0.4746 -0.7780
vn 0.6536 0.4870 -0.5794
vn 0.9336 0.3581 -0.0113
vn 0.8623 0.3106 0.3999
vn 0.1503 0.9730 -0.1750
vn 0.1809 0.9299 -0.3202
vn 0.3141 0.7873 -0.5306
vn 0.2921 0.6741 -0.6785
vn 0.1954 0.9794 -0.0502
vn 0.2082 0.8897 -0.4062
vn 0.2249 0.6635 -0.7136
vn 0.2519 0.9415 -0.2239
vn 0.2665 0.9062 -0.3283
vn 0.2489 0.8417 -0.4793
vn 0.2544 0.7537 -0.6060
vn 0.3105 0.9498 -0.0369
vn 0.2804 0.9499 -0.1378
vn 0.3094 0.7697 -0.5584
vn 0.3319 0.6060 -0.7229
vn 0.2530 0.6052 -0.7548
vn 0.2898 0.6886 -0.6647
vn 0.3565 0.8705 -0.3394
vn 0.3137 0.8541 -0.4149
vn 0.3628 0.6814 -0.6357
vn 0.4272 0.8920 -0.1478
vn 0.3928 0.8855 -0.2481
vn 0.4246 0.7900 -0.4423
vn 0.4383 0.6688 -0.6006
vn 0.3688 0.7711 -0.5191
vn 0.4577 0.5756 -0.6777
vn 0.4169 0.4699 -0.7781
vn 0.3604 0.5440 -0.7578
vn 0.7382 0.4987 0.4543
vn 0.0259 -0.5848 -0.8108
vn 0.0535 -0.4806 -0.8753
vn 0.0601 -0.3354 -0.9402
vn 0.1079 -0.6539 -0.7489
vn 0.1042 -0.5469 -0.8307
vn 0.1658 -0.5778 -0.7991
vn 0.1099 -0.4168 -0.9023
vn 0.1579 -0.3652 -0.9174
vn 0.2118 -0.4912 -0.8449
vn 0.2750 -0.4870 -0.8290
vn 0.6103 0.3081 -0.7298
vn 0.5690 0.3692 -0.7348
vn 0.5488 0.3953 -0.7366
vn 0.0176 -0.2317 -0.9726
vn 0.0544 0.2737 -0.9603
vn 0.0461 -0.1390 -0.9892
vn 0.0419 0.0600 -0.9973
vn 0.1142 -0.2388 -0.9643
vn 0.1154 -0.1195 -0.9861
vn 0.1097 0.1997 -0.9737
vn 0.1573 -0.0043 -0.9875
vn 0.1277 0.1117 -0.9855
vn 0.1492 0.2656 -0.9525
vn 0.7018 0.0404 -0.7112
vn 0.5607 -0.4874 -0.6694
vn 0.2034 0.1611 -0.9657
vn 0.2556 0.2773 -0.9261
vn 0.4981 -0.5492 -0.6710
vn 0.2405 0.0485 -0.9694
vn 0.2961 0.2100 -0.9318
vn 0.4319 -0.5891 -0.6830
vn 0.3201 0.1217 -0.9396
vn 0.3955 0.2985 -0.8686
vn 0.1806 0.3319 -0.9259
vn 0.4383 0.1350 -0.8886
vn 0.7188 -0.3768 -0.5843
vn 0.8875 -0.3917 -0.2429
vn 0.6005 -0.6930 -0.3990
vn 0.7858 -0.5591 -0.2645
vn 0.0594 0.3386 -0.9390
vn 0.5394 -0.7330 -0.4144
vn 0.8431 -0.4039 -0.3550
vn 0.6652 0.4684 -0.5815
vn 0.7090 -0.3310 -0.6228
vn 0.7382 0.0978 -0.6674
vn 0.1429 0.4915 -0.8591
vn 0.2853 0.5091 -0.8120
vn 0.9869 -0.1612 -0.0064
vn 0.9770 0.1698 0.1291
vn 0.0996 0.4323 -0.8962
vn 0.9490 -0.2866 -0.1315
vn 0.9910 0.1070 -0.0805
vn 0.9232 0.1642 -0.3475
vn 0.1653 0.5346 -0.8288
vn 0.2177 0.5945 -0.7741
vn 0.1650 0.3613 -0.9177
vn 0.2012 0.4732 -0.8576
vn 0.2566 0.5198 -0.8148
vn 0.2547 0.3653 -0.8954
vn 0.3539 0.3779 -0.8555
vn 0.3050 0.4375 -0.8459
vn 0.5205 0.8524 -0.0508
vn 0.8097 0.5531 0.1959
vn 0.8322 0.5525 -0.0470
vn 0.7926 0.5370 -0.2886
vn -0.2236 -0.4492 0.8650
vn -0.1063 -0.8447 0.5247
vn -0.1459 -0.7390 0.6577
vn -0.0881 -0.9457 0.3130
vn -0.1094 -0.4727 0.8744
vn -0.1069 -0.7072 0.6989
vn -0.0937 -0.9081 0.4081
vn -0.0677 -0.9763 0.2054
vn -0.0528 -0.9935 0.1006
vn -0.0564 -0.9978 0.0338
vn -0.0730 -0.8447 0.5303
vn -0.0623 -0.9151 0.3983
vn -0.0367 -0.9867 0.1582
vn -0.1188 -0.5276 0.8411
vn -0.0606 -0.7527 0.6555
vn -0.0459 -0.9471 0.3176
vn -0.0251 -0.9716 0.2354
vn -0.0143 -0.9939 0.1089
vn -0.0147 -0.9995 0.0272
vn -0.0692 -0.4103 0.9093
vn -0.0400 -0.8643 0.5014
vn -0.0223 -0.9165 0.3994
vn -0.0366 -0.6426 0.7653
vn 0.0004 -0.9463 0.3232
vn -0.0003 -0.7836 0.6212
vn -0.0007 -0.6399 0.7684
vn 0.0024 -0.8730 0.4878
vn -0.0043 -0.9752 0.2212
vn 0.0046 -0.9881 0.1539
vn 0.0057 -0.3988 0.9170
vn 0.0253 -0.9190 0.3933
vn 0.0300 -0.9719 0.2336
vn 0.0244 -0.9947 0.1004
vn 0.0301 -0.9990 0.0336
vn 0.0712 -0.4201 0.9047
vn 0.0529 -0.7720 0.6334
vn 0.0486 -0.6409 0.7661
vn 0.0419 -0.8653 0.4995
vn 0.0452 -0.9429 0.3300
vn 0.0307 -0.9861 0.1630
vn 0.1157 -0.5549 0.8239
vn 0.0743 -0.8330 0.5483
vn 0.0889 -0.6728 0.7345
vn 0.0866 -0.9071 0.4118
vn 0.0529 -0.9896 0.1338
vn 0.0613 -0.9974 0.0375
vn 0.0722 -0.9600 0.2705
vn 0.1346 -0.4268 0.8943
vn 0.1185 -0.6893 0.7147
vn 0.0918 -0.9731 0.2112
vn 0.1003 -0.9867 0.1283
vn 0.1299 -0.8215 0.5552
vn 0.1196 -0.9391 0.3223
vn 0.1770 -0.6375 0.7498
vn 0.1456 -0.8640 0.4820
vn 0.1800 -0.7650 0.6184
vn 0.1397 -0.9606 0.2401
vn 0.1092 -0.9926 0.0524
vn 0.2002 -0.5774 0.7915
vn 0.1700 -0.9050 0.3899
vn 0.2332 -0.8365 0.4959
vn 0.1656 -0.9734 0.1581
vn 0.1503 -0.9871 0.0554
vn 0.2276 -0.6998 0.6771
vn 0.2049 -0.9385 0.2780
vn 0.2743 -0.8732 0.4027
vn 0.3162 -0.6698 0.6718
vn 0.2694 -0.9603 0.0718
vn 0.3628 -0.7414 0.5646
vn 0.2831 -0.9302 0.2334
vn 0.4216 -0.7699 0.4790
vn 0.3941 -0.8816 0.2598
vn 0.3973 -0.9125 0.0977
vn 0.5520 -0.7200 0.4205
vn 0.5577 -0.8129 0.1678
vn 0.7493 -0.6623 -0.0036
vn -0.0734 -0.2346 0.9693
vn 0.4238 -0.6207 0.6596
vn 0.4572 0.1253 0.8805
vn 0.5173 0.3094 0.7979
vn 0.5319 0.1937 0.8244
vn 0.4607 0.3977 0.7934
vn 0.2037 -0.5091 0.8363
vn -0.2580 -0.1536 0.9538
vn -0.2231 0.0760 0.9718
vn 0.0480 -0.4901 0.8704
vn -0.2035 0.0311 0.9786
vn -0.0327 -0.3116 0.9496
vn 0.1626 0.5395 0.8261
vn -0.0900 -0.4257 0.9004
vn -0.2051 -0.0649 0.9766
vn -0.1788 -0.2724 0.9454
vn -0.0973 -0.3459 0.9332
vn -0.1367 -0.1472 0.9796
vn -0.1884 0.0382 0.9813
vn -0.2133 -0.0863 0.9732
vn -0.2199 -0.2892 0.9317
vn -0.1486 -0.2812 0.9481
vn -0.1257 -0.3167 0.9402
vn -0.1833 0.5783 0.7950
vn -0.1079 -0.1117 0.9879
vn -0.0606 -0.2765 0.9591
vn -0.1742 -0.2128 0.9614
vn -0.1868 -0.1946 0.9629
vn -0.1728 0.0321 0.9844
vn -0.0671 -0.3300 0.9416
vn -0.2382 0.5710 0.7856
vn -0.1056 0.0277 0.9940
vn 0.5474 0.2326 0.8039
vn 0.5765 0.3409 0.7426
vn 0.4189 0.3235 0.8485
vn 0.2079 -0.6087 0.7657
vn 0.5066 0.3890 0.7694
vn 0.5529 0.4597 0.6950
vn 0.5967 0.5234 0.6083
vn 0.0340 -0.4797 0.8767
vn 0.1957 0.4899 0.8495
vn 0.3928 0.4844 0.7817
vn 0.3224 0.5926 0.7381
vn 0.4364 0.6342 0.6382
vn 0.4617 0.7283 0.5064
vn -0.1901 -0.4776 0.8578
vn -0.0018 0.5617 0.8273
vn 0.0467 0.6783 0.7333
vn 0.1705 0.7561 0.6318
vn 0.2434 0.8343 0.4947
vn -0.3111 -0.4505 0.8368
vn -0.0284 0.5839 0.8114
vn -0.0233 0.6733 0.7390
vn -0.0112 0.7590 0.6510
vn 0.0005 0.7855 0.6188
vn 0.0564 0.8717 0.4867
vn 0.4380 0.5668 0.6977
vn 0.4782 0.8066 0.3474
vn 0.4357 0.8983 0.0564
vn 0.5504 0.5314 0.6439
vn 0.4680 0.6116 0.6379
vn 0.5382 0.6333 0.5562
vn 0.5299 0.7208 0.4469
vn 0.5097 0.8213 0.2564
vn 0.5386 0.8298 0.1462
vn 0.5279 0.4478 0.7217
vn 0.6108 0.6395 0.4669
vn 0.5808 0.7319 0.3565
vn 0.6055 0.7507 0.2642
vn 0.6148 0.7886 0.0106
vn 0.5461 0.8375 -0.0164
vn 0.6110 0.4488 0.6522
vn 0.6211 0.5454 0.5628
vn 0.6633 0.5738 0.4804
vn 0.6569 0.6514 0.3797
vn 0.6761 0.6768 0.2913
vn 0.6200 0.7709 0.1461
vn 0.6835 0.7279 0.0552
vn 0.6479 0.6440 0.4067
vn 0.6567 0.6887 0.3073
vn 0.6806 0.7114 0.1752
vn 0.6165 0.5931 0.5178
vn 0.5365 0.7849 0.3100
vn 0.6538 0.7343 0.1826
vn 0.6625 0.7475 0.0484
vn 0.3124 0.8897 0.3329
vn 0.3109 0.9433 0.1164
vn 0.5287 0.8426 0.1026
vn 0.0797 0.9463 0.3134
vn 0.0936 0.9781 0.1860
vn 0.0721 0.9958 0.0563
vn -0.3009 0.5610 0.7712
vn 0.0216 -0.2084 0.9778
vn 0.0336 -0.0765 0.9965
vn -0.3726 0.5389 0.7555
vn 0.1018 -0.1554 0.9826
vn 0.1221 -0.0516 0.9912
vn -0.5525 0.3095 0.7739
vn -0.6138 0.1131 0.7813
vn -0.6056 -0.1079 0.7884
vn 0.1004 0.1509 0.9834
vn 0.0652 0.2481 0.9665
vn 0.1242 0.0532 0.9908
vn -0.0208 -0.0808 0.9965
vn -0.0281 -0.1164 0.9928
vn -0.0326 0.0951 0.9949
vn 0.0101 -0.2479 0.9687
vn -0.0278 -0.2961 0.9548
vn 0.0290 -0.3090 0.9506
vn 0.0009 0.1082 0.9941
vn 0.0559 -0.3401 0.9387
vn 0.0065 -0.1040 0.9946
vn 0.0245 0.1459 0.9890
vn 0.0944 -0.2736 0.9572
vn 0.0637 0.0008 0.9980
vn 0.0732 -0.1960 0.9779
vn 0.0763 0.2382 0.9682
vn 0.1293 -0.2940 0.9470
vn 0.1724 -0.1689 0.9704
vn 0.1942 -0.0560 0.9794
vn 0.1699 -0.0965 0.9807
vn -0.0294 0.4758 0.8791
vn -0.0014 0.8177 0.5757
vn -0.3605 -0.4262 0.8297
vn 0.0229 0.8615 0.5072
vn -0.4436 -0.3615 0.8201
vn 0.0392 0.4340 0.9001
vn 0.0287 0.5523 0.8331
vn 0.0296 0.6747 0.7375
vn 0.0652 0.3572 0.9318
vn 0.0587 0.8146 0.5770
vn 0.0930 0.5123 0.8537
vn 0.0972 0.6257 0.7740
vn 0.0604 0.7452 0.6641
vn 0.1209 0.2733 0.9543
vn 0.1122 0.3970 0.9109
vn 0.1148 0.7403 0.6624
vn 0.1036 0.8411 0.5308
vn 0.1543 0.4619 0.8734
vn 0.1477 0.6123 0.7767
vn 0.1526 0.7705 0.6189
vn 0.1261 0.8986 0.4203
vn 0.1841 0.1603 0.9697
vn 0.1685 0.2940 0.9408
vn 0.1896 0.7056 0.6828
vn 0.2024 0.8186 0.5375
vn 0.1721 0.8883 0.4258
vn 0.0370 0.9125 0.4074
vn 0.0158 0.9811 0.1929
vn -0.0392 0.9947 0.0951
vn -0.0000 1.0000 -0.0002
vn 0.0343 0.9567 0.2891
vn 0.0613 0.9931 0.1002
vn 0.0897 0.9782 0.1874
vn 0.1072 0.9484 0.2984
vn 0.1151 0.9913 0.0630
vn 0.2236 0.9724 0.0669
vn 0.1118 -0.1670 0.9796
vn 0.1846 -0.2644 0.9466
vn 0.1403 0.1185 0.9830
vn 0.2033 0.2223 0.9535
vn 0.2437 -0.2535 0.9361
vn 0.2632 -0.1590 0.9515
vn 0.1094 0.3188 0.9415
vn 0.2431 0.2226 0.9441
vn 0.2741 -0.1878 0.9432
vn 0.2882 0.2302 0.9295
vn 0.2855 -0.0440 0.9574
vn 0.1355 0.4082 0.9028
vn 0.3267 -0.0871 0.9411
vn 0.1486 -0.0481 0.9877
vn 0.2470 -0.0718 0.9664
vn 0.2122 -0.1677 0.9627
vn 0.1825 0.2978 0.9370
vn 0.1503 -0.1650 0.9748
vn 0.1083 -0.1145 0.9875
vn 0.0952 0.2362 0.9670
vn 0.2356 -0.2024 0.9506
vn 0.1966 -0.0840 0.9769
vn 0.0723 0.2639 0.9618
vn 0.0347 0.0304 0.9989
vn -0.0197 0.2324 0.9724
vn 0.2956 0.0125 0.9552
vn 0.0651 -0.0896 0.9938
vn 0.0669 0.1257 0.9898
vn -0.0124 0.2792 0.9602
vn -0.1180 0.0382 0.9923
vn -0.0772 -0.0081 0.9970
vn 0.0998 0.0584 0.9933
vn 0.1197 -0.1947 0.9735
vn -0.0385 0.0784 0.9962
vn -0.1450 -0.0206 0.9892
vn -0.1594 0.0465 0.9861
vn -0.0914 0.1407 0.9858
vn 0.0411 0.0625 0.9972
vn 0.0545 0.2408 0.9690
vn 0.2062 0.0557 0.9769
vn 0.2128 0.5262 0.8233
vn 0.2256 0.6475 0.7279
vn 0.2340 0.7547 0.6130
vn 0.1860 0.9344 0.3038
vn 0.2168 0.9555 0.2002
vn 0.2564 0.2709 0.9279
vn 0.2203 0.3768 0.8997
vn 0.2904 0.5823 0.7593
vn 0.2928 0.7189 0.6304
vn 0.2918 0.0674 0.9541
vn 0.2789 0.1729 0.9446
vn 0.3239 0.4179 0.8488
vn 0.2719 0.4767 0.8359
vn 0.2754 0.8353 0.4758
vn 0.2997 0.8809 0.3662
vn 0.3529 0.9329 0.0714
vn 0.3181 0.9154 0.2468
vn 0.3727 0.1991 0.9064
vn 0.3710 0.3221 0.8710
vn 0.3632 0.5698 0.7371
vn 0.3612 0.7129 0.6011
vn 0.3881 0.8440 0.3703
vn 0.3740 0.9006 0.2216
vn 0.3539 0.0958 0.9304
vn 0.4426 0.4710 0.7631
vn 0.4317 0.6064 0.6678
vn 0.4898 0.6579 0.5720
vn 0.4039 0.7620 0.5062
vn 0.4634 0.8035 0.3737
vn 0.2925 0.1719 0.9407
vn 0.3840 0.2825 0.8791
vn 0.3841 0.3893 0.8372
vn 0.4145 0.4769 0.7751
vn 0.5352 0.7425 0.4028
vn 0.4643 0.8563 0.2262
vn 0.4859 0.8709 0.0739
vn 0.1865 0.3387 0.9222
vn 0.4969 0.5516 0.6699
vn 0.5731 0.7910 0.2142
vn 0.0203 -0.0403 0.9990
vn -0.0744 -0.0531 0.9958
vn -0.1118 0.2198 0.9691
vn -0.0799 0.3109 0.9471
vn -0.0888 -0.0995 0.9911
vn -0.0769 -0.0226 0.9968
vn -0.0764 0.1023 0.9918
vn -0.0232 0.4653 0.8848
vn 0.0706 -0.1971 0.9778
vn -0.0042 -0.1276 0.9918
vn -0.0215 0.2308 0.9728
vn -0.0189 0.3616 0.9322
vn 0.1816 -0.4158 0.8911
vn 0.1450 -0.3023 0.9421
vn 0.0404 -0.0258 0.9989
vn 0.0466 0.1063 0.9932
vn 0.1484 -0.2505 0.9567
vn 0.0990 -0.1390 0.9853
vn 0.5375 0.4939 0.6835
vn 0.1537 -0.0200 0.9879
vn 0.1630 0.0971 0.9818
vn 0.2441 -0.4610 0.8532
vn 0.1910 -0.3621 0.9124
vn 0.2899 -0.5639 0.7733
vn 0.2643 -0.0825 0.9609
vn 0.2613 -0.2840 0.9225
vn 0.1455 0.6953 0.7039
vn 0.3490 -0.4174 0.8390
vn 0.3482 -0.1898 0.9180
vn 0.4160 -0.0244 0.9090
vn 0.4342 0.1169 0.8932
vn 0.0197 0.4772 0.8786
vn 0.2302 0.5391 0.8102
vn 0.3407 0.6205 0.7063
vn 0.4698 0.6674 0.5778
vn 0.5393 0.7161 0.4432
vn 0.5856 0.7634 0.2726
vn 0.5918 0.8024 0.0775
vn 0.0533 0.6502 0.7579
vn 0.1382 0.7128 0.6876
vn 0.2698 0.7408 0.6151
vn 0.3526 0.8102 0.4681
vn 0.4654 0.8368 0.2883
vn 0.4741 0.8765 0.0835
vn 0.0091 0.6049 0.7963
vn 0.1159 0.8315 0.5434
vn 0.1529 0.9066 0.3934
vn 0.2220 0.9409 0.2558
vn 0.2310 0.9701 0.0745
vn 0.0745 0.6719 0.7369
vn 0.0723 0.7784 0.6236
vn 0.1160 0.8540 0.5072
vn 0.1011 0.9053 0.4126
vn 0.6688 -0.0285 0.7429
vn 0.1382 0.9362 0.3231
vn 0.2057 0.9760 0.0717
vn 0.5810 -0.1844 0.7927
vn 0.1748 0.7638 0.6214
vn 0.2002 0.9066 0.3714
vn 0.4233 -0.2864 0.8595
vn 0.1811 0.9598 0.2144
vn 0.1625 -0.3106 0.9366
vn 0.2595 0.8192 0.5115
vn 0.3451 0.8548 0.3876
vn 0.3161 0.9205 0.2296
vn 0.3171 0.9451 0.0793
vn 0.4281 -0.3099 0.8489
vn 0.4191 -0.5564 0.7175
vn 0.4713 -0.1743 0.8646
vn 0.4693 0.2754 0.8390
vn 0.4800 -0.4395 0.7593
vn 0.5357 -0.0308 0.8438
vn 0.6202 0.1354 0.7727
vn 0.5069 0.4660 0.7252
vn 0.5674 0.5364 0.6248
vn 0.5388 -0.3402 0.7707
vn 0.6188 -0.1753 0.7657
vn 0.6087 0.2965 0.7359
vn 0.5129 -0.5714 0.6407
vn 0.5886 -0.4330 0.6827
vn 0.6269 -0.2979 0.7199
vn 0.6744 0.3885 0.6279
vn 0.6659 0.5919 0.4541
vn 0.6653 -0.0278 0.7460
vn 0.6834 -0.3519 0.6396
vn 0.7264 -0.2043 0.6562
vn 0.7820 0.1310 0.6094
vn 0.6699 -0.4907 0.5572
vn 0.7847 -0.2978 0.5436
vn 0.8333 0.2013 0.5149
vn 0.7997 0.3618 0.4791
vn 0.7442 -0.5493 0.3800
vn 0.8063 -0.3473 0.4788
vn 0.6948 0.6705 0.2602
vn 0.7346 0.6719 0.0943
vn 0.8026 -0.0757 0.5917
vn 0.8567 -0.2216 0.4658
vn 0.8899 -0.0254 0.4554
vn 0.8019 0.5012 0.3251
vn 0.8718 -0.3462 0.3466
vn 0.9554 -0.1125 0.2729
vn 0.9470 0.1369 0.2907
vn 0.8831 0.3578 0.3034
vn 0.8752 -0.4497 0.1786
vn 0.9732 -0.2081 0.0975
vn 0.9690 0.1952 0.1516
vn 0.9337 0.3471 0.0875
vn 0.8399 0.5323 0.1057
vn 0.9999 -0.0161 -0.0013
vn 0.4059 0.7159 0.5681
vn 0.4382 0.8686 0.2315
vn 0.5021 0.6505 0.5699
vn 0.5661 0.6929 0.4465
vn 0.5000 0.7728 0.3908
vn 0.4432 0.8935 0.0720
vn 0.5753 0.7794 0.2481
vn 0.5979 0.7969 0.0866
vn -0.1460 -0.8037 -0.5768
vn -0.2272 -0.4429 -0.8673
vn -0.0735 -0.9824 -0.1720
vn -0.0861 -0.9480 -0.3064
vn -0.1678 -0.6711 -0.7222
vn -0.0950 -0.9026 -0.4199
vn -0.1077 -0.7083 -0.6976
vn -0.1101 -0.4588 -0.8817
vn -0.0515 -0.9981 -0.0328
vn -0.0540 -0.9930 -0.1047
vn -0.0580 -0.9704 -0.2346
vn -0.0746 -0.8470 -0.5264
vn -0.0358 -0.9857 -0.1646
vn -0.0477 -0.9523 -0.3015
vn -0.0450 -0.9129 -0.4058
vn -0.0592 -0.7544 -0.6537
vn -0.1145 -0.5441 -0.8312
vn -0.0136 -0.9947 -0.1017
vn -0.0275 -0.9991 -0.0336
vn -0.0144 -0.9750 -0.2216
vn -0.0283 -0.8664 -0.4986
vn -0.0288 -0.6440 -0.7645
vn -0.0163 -0.9462 -0.3231
vn 0.0061 -0.9869 -0.1613
vn -0.0057 -0.9217 -0.3879
vn 0.0015 -0.8689 -0.4950
vn -0.0012 -0.7821 -0.6231
vn 0.0138 -0.9993 -0.0344
vn 0.0096 -0.6389 -0.7692
vn -0.0012 -0.4022 -0.9155
vn 0.0151 -0.9521 -0.3053
vn 0.0292 -0.9944 -0.1016
vn 0.0357 -0.9671 -0.2521
vn 0.0368 -0.9173 -0.3965
vn 0.0308 -0.9861 -0.1631
vn 0.0408 -0.8648 -0.5005
vn 0.0474 -0.7727 -0.6330
vn 0.0499 -0.6347 -0.7712
vn 0.0733 -0.3865 -0.9194
vn 0.0577 -0.9472 -0.3153
vn 0.1184 -0.5372 -0.8351
vn 0.0862 -0.9083 -0.4094
vn 0.0614 -0.7994 -0.5976
vn 0.0914 -0.6955 -0.7127
vn 0.0598 -0.9974 -0.0395
vn 0.0511 -0.9902 -0.1299
vn 0.0745 -0.8453 -0.5291
vn 0.1071 -0.4457 -0.8887
vn 0.1187 -0.6830 -0.7207
vn 0.0995 -0.9860 -0.1340
vn 0.0827 -0.9721 -0.2193
vn 0.1085 -0.9392 -0.3258
vn 0.1342 -0.8168 -0.5610
vn 0.1430 -0.8609 -0.4882
vn 0.1825 -0.7632 -0.6198
vn 0.1774 -0.6384 -0.7490
vn 0.1085 -0.9928 -0.0504
vn 0.1379 -0.9623 -0.2345
vn 0.1612 -0.9076 -0.3877
vn 0.2053 -0.5933 -0.7784
vn 0.1406 -0.9884 -0.0573
vn 0.1628 -0.9738 -0.1590
vn 0.2322 -0.8349 -0.4990
vn 0.2320 -0.6881 -0.6875
vn 0.1900 -0.9803 -0.0539
vn 0.2056 -0.9360 -0.2858
vn 0.2779 -0.8694 -0.4085
vn 0.2801 -0.9317 -0.2312
vn 0.3414 -0.7010 -0.6261
vn 0.2863 -0.9550 -0.0778
vn 0.4383 -0.7563 -0.4857
vn 0.3976 -0.9123 -0.0984
vn 0.3939 -0.8813 -0.2611
vn 0.5733 -0.8016 -0.1696
vn 0.5642 -0.7065 -0.4272
vn -0.2775 -0.1950 -0.9407
vn -0.1939 0.0273 -0.9806
vn -0.1121 -0.0703 -0.9912
vn -0.2560 -0.1513 -0.9548
vn -0.2238 0.0767 -0.9716
vn 0.0514 -0.4826 -0.8743
vn 0.1456 -0.5120 -0.8466
vn 0.3432 0.4260 -0.8371
vn -0.1819 0.0398 -0.9825
vn -0.1956 -0.0565 -0.9790
vn -0.1082 -0.3046 -0.9463
vn -0.0636 -0.4313 -0.9000
vn 0.1356 0.5304 -0.8368
vn -0.2365 -0.2415 -0.9411
vn -0.1356 -0.1453 -0.9800
vn -0.2229 -0.0866 -0.9710
vn -0.1952 -0.2957 -0.9351
vn -0.0949 -0.3480 -0.9327
vn -0.1099 0.6043 -0.7891
vn -0.1364 -0.1224 -0.9831
vn -0.1239 -0.2726 -0.9541
vn -0.1440 -0.2955 -0.9444
vn -0.1560 -0.2430 -0.9574
vn -0.1316 -0.0093 -0.9913
vn -0.0629 -0.0962 -0.9934
vn -0.0792 -0.2657 -0.9608
vn -0.1721 -0.1790 -0.9687
vn -0.1501 0.0481 -0.9875
vn -0.0824 -0.2416 -0.9669
vn 0.5287 0.3097 -0.7903
vn 0.5685 0.3893 -0.7247
vn 0.5295 0.1724 -0.8306
vn 0.5406 0.2788 -0.7937
vn 0.5807 0.5213 -0.6253
vn 0.5321 0.4302 -0.7293
vn 0.2005 -0.5999 -0.7745
vn 0.3868 0.4103 -0.8259
vn 0.4040 0.6640 -0.6292
vn 0.3091 0.6041 -0.7345
vn 0.1518 0.5151 -0.8436
vn -0.0046 -0.4614 -0.8872
vn 0.2463 0.8331 -0.4952
vn 0.0535 0.6812 -0.7301
vn 0.1597 0.7606 -0.6293
vn 0.0031 0.5825 -0.8128
vn -0.0260 0.4936 -0.8693
vn 0.0468 0.8717 -0.4878
vn 0.0016 0.7863 -0.6179
vn -0.0113 0.7576 -0.6526
vn -0.3085 -0.4428 -0.8419
vn 0.4456 0.8939 -0.0497
vn 0.4706 0.8108 -0.3481
vn 0.4718 0.3908 -0.7904
vn 0.5389 0.8290 -0.1494
vn 0.5065 0.8232 -0.2565
vn 0.5338 0.7127 -0.4551
vn 0.5579 0.5870 -0.5867
vn 0.4906 0.6923 -0.5291
vn 0.5296 0.4874 -0.6942
vn 0.6024 0.7561 -0.2558
vn 0.5667 0.7403 -0.3617
vn 0.6225 0.6292 -0.4654
vn 0.6816 0.7295 -0.0564
vn 0.6223 0.7694 -0.1439
vn 0.6653 0.6959 -0.2705
vn 0.6258 0.5418 -0.5611
vn 0.6114 0.4602 -0.6437
vn 0.6837 0.7123 -0.1585
vn 0.6582 0.6523 -0.3759
vn 0.6464 0.6415 -0.4131
vn 0.6241 0.5922 -0.5096
vn 0.6640 0.7461 -0.0504
vn 0.6536 0.7350 -0.1806
vn 0.5276 0.7922 -0.3066
vn 0.6552 0.6896 -0.3085
vn 0.5072 0.7081 -0.4914
vn 0.3125 0.9424 -0.1191
vn 0.5318 0.8406 -0.1032
vn 0.3168 0.8905 -0.3266
vn 0.0688 0.9957 -0.0615
vn 0.0972 0.9771 -0.1891
vn 0.0793 0.9455 -0.3158
vn 0.4580 0.1315 -0.8792
vn 0.4258 0.2145 -0.8790
vn 0.4308 -0.6202 -0.6556
vn 0.5181 0.2206 -0.8264
vn -0.0808 -0.4119 -0.9076
vn -0.0395 0.0613 -0.9973
vn -0.0142 -0.2737 -0.9617
vn -0.0315 -0.3053 -0.9517
vn -0.0290 -0.1103 -0.9935
vn -0.0151 0.0783 -0.9968
vn 0.0154 0.1197 -0.9927
vn 0.0074 -0.0445 -0.9990
vn 0.0250 -0.3049 -0.9521
vn 0.0459 -0.2284 -0.9725
vn 0.0137 -0.0958 -0.9953
vn 0.0919 -0.2728 -0.9577
vn 0.1049 -0.1516 -0.9829
vn 0.0950 -0.2073 -0.9737
vn 0.1233 -0.0464 -0.9913
vn 0.0710 0.0453 -0.9965
vn 0.0429 0.1242 -0.9913
vn 0.1625 -0.2501 -0.9545
vn 0.1443 0.1248 -0.9816
vn 0.1641 -0.1594 -0.9735
vn 0.1583 -0.2961 -0.9420
vn 0.1828 -0.1575 -0.9705
vn 0.1972 -0.0539 -0.9789
vn -0.0037 0.8181 -0.5750
vn -0.0221 0.6739 -0.7385
vn -0.0123 0.5132 -0.8582
vn -0.0254 0.5915 -0.8059
vn -0.0306 0.4389 -0.8980
vn 0.0233 0.8612 -0.5077
vn -0.3604 -0.4326 -0.8264
vn 0.0314 0.6786 -0.7338
vn 0.0418 0.4070 -0.9125
vn 0.0548 0.7868 -0.6148
vn 0.0444 0.5484 -0.8350
vn -0.5291 -0.2558 -0.8091
vn 0.0997 0.8438 -0.5274
vn 0.1363 0.7649 -0.6296
vn 0.0987 0.6122 -0.7845
vn 0.0998 0.7117 -0.6954
vn 0.0763 0.2475 -0.9659
vn 0.1151 0.3481 -0.9304
vn 0.1036 0.4739 -0.8745
vn 0.1238 0.0498 -0.9911
vn 0.1053 0.1483 -0.9833
vn 0.2070 0.9132 -0.3510
vn 0.1218 0.9016 -0.4150
vn 0.1489 0.6475 -0.7474
vn 0.1521 0.4598 -0.8749
vn 0.1796 0.5733 -0.7994
vn 0.1631 0.2632 -0.9509
vn 0.1843 0.8397 -0.5109
vn 0.1931 0.7048 -0.6826
vn 0.1878 0.0587 -0.9804
vn 0.1925 0.1573 -0.9686
vn -0.0390 0.9944 -0.0985
vn 0.0417 0.9822 -0.1829
vn 0.0361 0.9120 -0.4085
vn 0.0569 0.9938 -0.0954
vn 0.0321 0.9550 -0.2950
vn 0.1069 0.9917 -0.0715
vn 0.0872 0.9533 -0.2891
vn 0.1355 0.9755 -0.1732
vn 0.1598 0.9461 -0.2818
vn 0.2252 0.9723 -0.0626
vn -0.0187 -0.2063 -0.9783
vn -0.2991 0.5654 -0.7687
vn 0.0345 -0.2094 -0.9772
vn 0.0331 -0.0780 -0.9964
vn -0.3724 0.5389 -0.7556
vn -0.5516 0.3099 -0.7744
vn -0.6141 0.1143 -0.7809
vn -0.6025 -0.1034 -0.7914
vn 0.1034 0.3080 -0.9458
vn 0.2855 0.2459 -0.9263
vn 0.3007 -0.0500 -0.9524
vn 0.2447 0.2583 -0.9346
vn 0.2910 -0.1690 -0.9417
vn 0.2204 -0.2908 -0.9311
vn 0.2443 -0.2594 -0.9344
vn 0.1883 -0.1264 -0.9739
vn 0.2035 0.1925 -0.9600
vn 0.2662 -0.1649 -0.9497
vn 0.2867 -0.0521 -0.9566
vn 0.1574 -0.1735 -0.9722
vn 0.2110 -0.1471 -0.9663
vn 0.1633 0.2778 -0.9466
vn 0.2647 -0.2430 -0.9332
vn 0.0240 0.2541 -0.9669
vn 0.0964 0.0166 -0.9952
vn 0.1416 -0.1050 -0.9843
vn 0.1101 -0.1002 -0.9889
vn 0.0942 0.2359 -0.9672
vn 0.0121 0.0207 -0.9997
vn 0.2276 -0.0695 -0.9713
vn 0.3008 0.0194 -0.9535
vn 0.0688 0.1153 -0.9909
vn 0.0020 0.2963 -0.9551
vn -0.1150 0.1570 -0.9809
vn -0.1225 0.0383 -0.9917
vn -0.0097 -0.0128 -0.9999
vn 0.1578 0.1130 -0.9810
vn 0.0593 0.1116 -0.9920
vn -0.0482 0.0658 -0.9967
vn -0.1394 0.0495 -0.9890
vn -0.0783 0.1476 -0.9860
vn 0.0751 0.2511 -0.9650
vn 0.1273 -0.2235 -0.9663
vn -0.1586 -0.0039 -0.9873
vn 0.2371 0.9514 -0.1965
vn 0.2265 0.7860 -0.5753
vn 0.2487 0.6367 -0.7300
vn 0.2140 0.3661 -0.9056
vn 0.2278 0.4907 -0.8410
vn 0.2975 0.7137 -0.6342
vn 0.2852 0.5228 -0.8034
vn 0.2516 0.2733 -0.9284
vn 0.2857 0.0569 -0.9566
vn 0.3531 0.9333 -0.0655
vn 0.3095 0.8808 -0.3583
vn 0.2810 0.8380 -0.4678
vn 0.2825 0.1723 -0.9437
vn 0.3484 0.9094 -0.2272
vn 0.3632 0.7079 -0.6058
vn 0.3678 0.5681 -0.7362
vn 0.3280 0.4102 -0.8510
vn 0.3667 0.3144 -0.8756
vn 0.3527 0.0730 -0.9329
vn 0.4552 0.8871 -0.0764
vn 0.4302 0.8239 -0.3689
vn 0.4930 0.6657 -0.5602
vn 0.4005 0.7623 -0.5084
vn 0.4373 0.4562 -0.7750
vn 0.3165 0.1739 -0.9325
vn 0.3731 0.1997 -0.9060
vn 0.5709 0.8178 -0.0722
vn 0.4710 0.8534 -0.2235
vn 0.5237 0.7473 -0.4091
vn 0.4540 0.5892 -0.6684
vn 0.3824 0.3063 -0.8717
vn 0.4351 0.3396 -0.8339
vn 0.5737 0.7790 -0.2530
vn 0.3930 0.6039 -0.6934
vn 0.2042 0.3742 -0.9046
vn 0.3884 0.4779 -0.7878
vn -0.0690 0.3326 -0.9406
vn 0.0235 -0.0114 -0.9997
vn -0.0659 -0.0850 -0.9942
vn -0.1252 0.0956 -0.9875
vn -0.0985 0.2763 -0.9560
vn 0.1396 -0.4334 -0.8903
vn -0.0248 -0.0406 -0.9989
vn 0.0020 0.4463 -0.8949
vn -0.0528 -0.1116 -0.9923
vn -0.0772 -0.0193 -0.9968
vn 0.1399 -0.2769 -0.9507
vn -0.0085 0.4785 -0.8781
vn 0.0327 -0.1720 -0.9846
vn -0.0208 0.1047 -0.9943
vn -0.0148 0.2278 -0.9736
vn -0.0186 0.3652 -0.9307
vn 0.2040 -0.4544 -0.8671
vn 0.0296 -0.1579 -0.9870
vn 0.0426 -0.0240 -0.9988
vn 0.1630 -0.2713 -0.9486
vn 0.0895 -0.2472 -0.9648
vn 0.1115 -0.1388 -0.9840
vn 0.0780 0.1071 -0.9912
vn 0.4899 0.5138 -0.7043
vn 0.2922 -0.5567 -0.7776
vn 0.2383 -0.3409 -0.9094
vn 0.1579 -0.0239 -0.9872
vn 0.2754 0.6503 -0.7080
vn 0.2713 -0.4534 -0.8490
vn 0.2696 -0.1569 -0.9501
vn 0.3589 -0.4071 -0.8399
vn 0.4175 -0.0232 -0.9084
vn 0.2823 0.0822 -0.9558
vn 0.6075 0.7893 -0.0891
vn 0.4625 0.8380 -0.2895
vn 0.5808 0.7703 -0.2633
vn 0.5441 0.7159 -0.4376
vn 0.2119 0.5786 -0.7876
vn 0.4477 0.6820 -0.5783
vn 0.0887 0.5290 -0.8439
vn 0.4762 0.8744 -0.0927
vn 0.2839 0.8463 -0.4508
vn 0.4238 0.7750 -0.4688
vn 0.1285 0.7255 -0.6761
vn 0.2644 0.7428 -0.6151
vn 0.0558 0.6641 -0.7455
vn 0.2859 0.9547 -0.0826
vn 0.1390 0.9064 -0.3988
vn 0.2197 0.9419 -0.2540
vn 0.1138 0.8334 -0.5409
vn 0.0107 0.6049 -0.7962
vn 0.1278 0.9894 -0.0690
vn 0.1073 0.9222 -0.3715
vn 0.0690 0.7796 -0.6224
vn 0.1137 0.8526 -0.5100
vn 0.0740 0.6739 -0.7351
vn 0.2089 0.9750 -0.0754
vn 0.1728 0.9620 -0.2112
vn 0.1962 0.9101 -0.3650
vn 0.1802 0.7603 -0.6240
vn 0.2354 0.8453 -0.4796
vn 0.3165 0.9453 -0.0787
vn 0.3257 0.9150 -0.2382
vn 0.3394 0.8561 -0.3898
vn -0.1335 -0.2437 -0.9606
vn 0.3022 0.7673 -0.5657
vn 0.1221 -0.3281 -0.9367
vn 0.4073 -0.5052 -0.7608
vn 0.4009 -0.3116 -0.8615
vn 0.4516 -0.1780 -0.8743
vn 0.4468 0.1306 -0.8851
vn 0.4662 -0.5835 -0.6650
vn 0.5052 -0.4167 -0.7558
vn 0.4683 0.5664 -0.6781
vn 0.5241 -0.3216 -0.7886
vn 0.5367 -0.0341 -0.8431
vn 0.6202 0.1294 -0.7737
vn 0.4601 0.2907 -0.8389
vn 0.5126 0.4554 -0.7280
vn 0.5581 -0.5225 -0.6446
vn 0.6282 -0.3978 -0.6687
vn 0.6793 0.5494 -0.4866
vn 0.6457 -0.3089 -0.6984
vn 0.6727 0.3579 -0.6475
vn 0.6169 0.5015 -0.6066
vn 0.6264 -0.1695 -0.7608
vn 0.6099 0.2874 -0.7386
vn 0.7620 -0.5256 -0.3782
vn 0.8187 0.5640 -0.1080
vn 0.7961 -0.3120 -0.5185
vn 0.6891 0.6626 -0.2935
vn 0.6823 -0.4685 -0.5612
vn 0.8350 0.2006 -0.5123
vn 0.8000 0.3548 -0.4839
vn 0.7692 -0.1800 -0.6132
vn 0.7738 0.1454 -0.6165
vn 0.6619 -0.0235 -0.7492
vn 0.8935 -0.4202 -0.1582
vn 0.9749 -0.2000 -0.0974
vn 0.9698 0.1959 -0.1450
vn 0.9341 0.3456 -0.0893
vn 0.8721 -0.3471 -0.3450
vn 0.9449 -0.1660 -0.2821
vn 0.9543 -0.0222 -0.2979
vn 0.9450 0.1450 -0.2931
vn 0.8837 0.3567 -0.3029
vn 0.8066 0.4939 -0.3247
vn 0.8712 -0.2055 -0.4458
vn 0.8162 -0.0270 -0.5772
vn 0.4493 0.8528 -0.2662
vn 0.4072 0.7211 -0.5605
vn 0.5546 0.8283 -0.0793
vn 0.4399 0.8913 -0.1099
vn 0.5724 0.6841 -0.4521
vn 0.5006 0.7702 -0.3952
vn 0.5110 0.6452 -0.5680
vn 0.6808 0.7269 -0.0901
vn 0.5707 0.7831 -0.2471
vn 0.7823 0.1306 0.6090
vn 0.7932 0.0910 0.6022
vn 0.7377 0.3335 0.5870
vn 0.7124 0.3869 0.5855
vn 0.8198 -0.0367 0.5715
vn 0.6816 -0.3458 0.6449
vn 0.5330 -0.6278 0.5673
vn 0.3712 -0.7865 0.4936
vn 0.2746 0.6043 0.7480
vn 0.5652 0.5069 0.6508
vn -0.1493 0.5859 0.7965
vn -0.6200 0.3488 0.7028
vn -0.6828 0.2729 0.6778
vn -0.7057 0.2223 0.6727
vn -0.0886 -0.9519 0.2933
vn -0.6684 -0.2261 0.7086
vn 0.7840 0.1292 -0.6072
vn 0.7938 0.0938 -0.6009
vn 0.7948 0.0572 -0.6042
vn 0.7939 0.0207 -0.6078
vn 0.5071 -0.6717 -0.5401
vn 0.6728 -0.3712 -0.6399
vn 0.5682 0.4962 -0.6565
vn -0.1442 0.5795 -0.8021
vn 0.2954 0.6025 -0.7415
vn -0.7027 0.2210 -0.6763
vn -0.6816 0.2738 -0.6786
vn -0.0905 -0.9492 -0.3014
vn -0.6781 -0.1980 -0.7078
vn 0.6609 0.2085 0.7209
vn 0.5728 0.3683 0.7323
vn 0.4612 0.4750 0.7495
vn 0.7000 -0.1653 0.6947
vn 0.6992 -0.3941 0.5965
vn 0.4367 -0.5976 0.6724
vn 0.6588 0.2141 -0.7212
vn 0.6994 -0.1664 -0.6951
vn 0.7005 -0.3915 -0.5967
vn 0.4365 -0.5980 -0.6722
vn 0.4404 -0.6371 0.6326
vn -0.0816 0.6220 0.7788
vn 0.3985 -0.6448 0.6522
vn -0.2393 0.5916 0.7699
vn -0.4626 0.4708 0.7512
vn -0.5312 -0.2654 0.8046
vn 0.0099 0.5525 -0.8335
vn -0.1783 0.5963 -0.7827
vn -0.2393 0.5796 -0.7790
vn 0.3936 -0.6298 -0.6696
vn 0.4446 -0.6336 -0.6332
vn -0.2091 -0.4881 -0.8474
vn -0.4451 -0.3775 -0.8121
vn -0.2464 0.5898 -0.7690
vn -0.4626 0.4709 -0.7512
vn 0.5888 0.4035 0.7004
vn 0.6846 0.2135 0.6969
vn 0.4826 0.6188 0.6199
vn 0.1909 0.7089 0.6790
vn 0.2887 0.6741 0.6799
vn 0.0778 0.7707 0.6324
vn -0.0485 0.7373 0.6738
vn -0.1920 0.6841 0.7036
vn -0.2870 0.6518 0.7020
vn -0.4369 0.4371 0.7862
vn -0.1709 -0.2329 0.9574
vn -0.4321 0.1482 0.8895
vn 0.5930 0.3980 -0.7000
vn 0.6837 0.2123 -0.6982
vn 0.3761 0.6285 -0.6809
vn 0.2044 0.7282 -0.6541
vn 0.1276 0.7453 -0.6544
vn 0.6669 -0.0267 -0.7447
vn 0.4221 -0.2902 -0.8589
vn 0.5766 -0.1864 -0.7955
vn -0.1086 0.7791 -0.6174
vn -0.4525 0.4385 -0.7765
vn -0.2939 0.6569 -0.6944
vn -0.1994 0.6802 -0.7054
vn -0.3262 -0.0861 -0.9414
vn -0.6499 -0.0281 -0.7595
vn -0.1112 0.5321 -0.8393
vn 0.5263 -0.6385 -0.5616
vn -0.5899 0.4314 -0.6825
vn -0.8988 0.3678 -0.2385
vn -0.4547 -0.7858 -0.4192
vn -0.8898 0.3641 0.2752
vn -0.5956 0.4316 0.6775
vn -0.1148 0.5313 0.8393
vn -0.2201 -0.7985 0.5603
vn 0.3634 0.6341 0.6825
vn 0.6715 0.7016 0.2384
vn 0.7353 -0.5331 0.4184
vn 0.6648 0.6945 -0.2752
vn 0.3686 0.6366 -0.6775
vn 0.5264 -0.6378 -0.5622
vn -0.5899 0.4315 -0.6826
vn -0.8988 0.3678 -0.2384
vn -0.4544 -0.7861 -0.4191
vn -0.2205 -0.7982 0.5606
vn 0.7350 -0.5340 0.4179
vn 0.6648 0.6945 -0.2753
vn -0.1127 0.5315 -0.8395
vn 0.3602 -0.6519 -0.6672
vn -0.5927 0.4303 -0.6809
vn -0.8951 0.3661 -0.2543
vn -0.4218 -0.8042 -0.4187
vn -0.8935 0.3654 0.2610
vn -0.5919 0.4306 0.6814
vn -0.4077 -0.8092 0.4231
vn -0.1114 0.5317 0.8396
vn 0.3695 0.6340 0.6793
vn 0.3617 -0.6541 0.6643
vn 0.6663 0.6979 0.2626
vn 0.6663 0.6979 -0.2626
vn 0.8433 -0.5374 0.0002
vn 0.3695 0.6340 -0.6793
vn -0.1275 0.5254 -0.8412
vn -0.5950 0.4308 -0.6786
vn -0.8936 0.3650 -0.2612
vn -0.2530 -0.8051 -0.5364
vn -0.8957 0.3656 0.2531
vn -0.5791 0.4348 0.6896
vn -0.4330 -0.7823 0.4478
vn -0.0973 0.5318 0.8412
vn 0.3683 0.6355 0.6786
vn 0.6679 0.6969 0.2612
vn 0.5580 -0.6342 0.5352
vn 0.6696 0.6983 -0.2531
vn 0.3522 0.6327 -0.6896
vn 0.7134 -0.5384 -0.4485
vn -0.1110 0.5306 -0.8403
vn 0.5262 -0.6408 -0.5590
vn -0.5907 0.4296 -0.6830
vn -0.8990 0.3659 -0.2408
vn -0.4529 -0.7866 -0.4196
vn -0.8907 0.3626 0.2741
vn -0.5959 0.4297 0.6784
vn -0.1144 0.5299 0.8403
vn -0.2191 -0.8006 0.5577
vn 0.3649 0.6328 0.6830
vn 0.6724 0.6999 0.2408
vn 0.7340 -0.5346 0.4188
vn 0.6663 0.6935 -0.2741
vn 0.3696 0.6349 -0.6784
vn -0.1003 0.5374 -0.8374
vn 0.1549 -0.6655 -0.7301
vn -0.6020 0.4261 -0.6753
vn -0.8952 0.3653 -0.2553
vn -0.4089 -0.8240 -0.3923
vn -0.8938 0.3647 0.2610
vn -0.5970 0.4278 0.6787
vn -0.4028 -0.8191 0.4085
vn -0.1172 0.5307 0.8394
vn 0.3748 0.6349 0.6756
vn 0.3619 -0.6350 0.6825
vn 0.6695 0.6965 0.2580
vn 0.6671 0.6982 -0.2597
vn 0.3876 0.6340 -0.6692
vn 0.7796 -0.6006 -0.1772
vn -0.1204 0.5300 -0.8394
vn 0.3536 -0.6408 -0.6815
vn -0.5985 0.4270 -0.6779
vn -0.8937 0.3666 -0.2588
vn -0.8967 0.3620 0.2547
vn -0.4860 -0.8467 -0.2168
vn -0.6049 0.4269 0.6723
vn 0.1145 -0.7096 0.6952
vn -0.1127 0.5326 0.8388
vn 0.3608 0.6288 0.6888
vn 0.6610 0.6975 0.2766
vn 0.6669 0.6974 -0.2626
vn 0.8579 -0.5136 0.0180
vn 0.3698 0.6335 -0.6796
vn -0.1268 0.5250 -0.8416
vn -0.5951 0.4301 -0.6789
vn -0.8939 0.3643 -0.2613
vn -0.2519 -0.8060 -0.5357
vn -0.8959 0.3649 0.2535
vn -0.5799 0.4339 0.6895
vn -0.4336 -0.7822 0.4474
vn -0.0977 0.5312 0.8416
vn 0.3687 0.6349 0.6789
vn 0.6684 0.6964 0.2613
vn 0.5570 -0.6359 0.5342
vn 0.6700 0.6977 -0.2535
vn 0.3532 0.6323 -0.6895
vn 0.7135 -0.5385 -0.4482
vn -0.1296 0.5301 -0.8380
vn 0.3384 -0.6382 -0.6915
vn -0.6055 0.4247 -0.6731
vn -0.8933 0.3673 -0.2591
vn -0.9000 0.3617 0.2431
vn -0.4475 -0.8691 -0.2108
vn -0.6032 0.4312 0.6710
vn -0.2833 -0.7620 0.5824
vn -0.1048 0.5327 0.8398
vn 0.3739 0.6362 0.6749
vn 0.3790 -0.6540 0.6547
vn 0.6690 0.6975 0.2566
vn 0.6651 0.6981 -0.2651
vn 0.8394 -0.5433 -0.0119
vn 0.3675 0.6334 -0.6810
vn -0.1139 0.5332 -0.8383
vn -0.5837 0.4286 -0.6897
vn 0.1709 -0.7198 -0.6728
vn -0.8866 0.3696 -0.2782
vn -0.8966 0.3644 0.2517
vn -0.5495 -0.8347 -0.0360
vn -0.5952 0.4317 0.6778
vn -0.2646 -0.7709 0.5794
vn 0.3727 0.6358 0.6759
vn 0.3754 -0.6564 0.6544
vn 0.6684 0.6976 0.2579
vn 0.6649 0.6977 -0.2668
vn 0.8419 -0.5395 -0.0102
vn 0.3672 0.6330 -0.6815
vn -0.1096 0.5341 -0.8383
vn -0.6111 0.4290 -0.6652
vn -0.0978 -0.7158 -0.6914
vn -0.8991 0.3623 -0.2456
vn -0.8930 0.3686 0.2583
vn -0.5850 0.4328 0.6859
vn -0.4878 -0.8362 0.2509
vn -0.1068 0.5313 0.8404
vn 0.3676 0.6366 0.6780
vn 0.6667 0.6975 0.2628
vn 0.5512 -0.6236 0.5544
vn 0.6691 0.6995 -0.2510
vn 0.3693 0.6350 -0.6785
vn 0.7168 -0.5616 -0.4132
vn -0.0976 0.5378 -0.8374
vn -0.5997 0.4300 -0.6749
vn -0.0677 -0.7117 -0.6992
vn -0.8941 0.3663 -0.2577
vn -0.8858 0.3708 0.2791
vn -0.5680 -0.8225 0.0287
vn -0.5829 0.4295 0.6898
vn -0.1141 0.5342 0.8376
vn 0.3760 0.6367 0.6732
vn 0.1845 -0.6997 0.6902
vn 0.6693 0.6971 0.2573
vn 0.6659 0.6997 -0.2589
vn 0.3792 0.6348 -0.6732
vn 0.7924 -0.5759 -0.2011
vn -0.1165 0.5324 -0.8384
vn -0.6006 0.4310 -0.6734
vn -0.0798 -0.7380 -0.6700
vn -0.8942 0.3671 -0.2560
vn -0.8865 0.3714 0.2761
vn -0.5610 -0.8274 0.0271
vn -0.5851 0.4306 0.6872
vn -0.1137 0.5351 0.8371
vn 0.3545 0.6300 0.6910
vn 0.1473 -0.7385 0.6580
vn 0.6594 0.7019 0.2692
vn 0.8161 -0.5275 0.2362
vn 0.6642 0.6979 -0.2679
vn 0.3623 0.6357 -0.6816
vn 0.6882 -0.5860 -0.4278
vn -0.1095 0.5335 -0.8387
vn 0.5146 -0.6541 -0.5544
vn -0.5881 0.4333 -0.6829
vn -0.8927 0.3677 -0.2607
vn -0.4108 -0.8047 -0.4287
vn -0.8943 0.3685 0.2539
vn -0.5979 0.4301 0.6764
vn -0.4191 -0.8115 0.4072
vn -0.1205 0.5331 0.8374
vn 0.3617 0.6336 0.6839
vn 0.3386 -0.6607 0.6699
vn 0.6673 0.7041 0.2428
vn 0.8270 -0.5211 0.2111
vn 0.6618 0.6946 -0.2821
vn 0.3678 0.6378 -0.6767
vn -0.1212 0.5342 -0.8366
vn 0.3476 -0.6462 -0.6794
vn -0.5978 0.4313 -0.6757
vn -0.8944 0.3699 -0.2514
vn -0.4241 -0.8096 -0.4059
vn -0.8918 0.3688 0.2621
vn -0.5890 0.4348 0.6812
vn -0.4071 -0.8063 0.4292
vn -0.1102 0.5349 0.8377
vn 0.3730 0.6393 0.6724
vn 0.3743 -0.6400 0.6711
vn 0.6667 0.7001 0.2556
vn 0.6621 0.7007 -0.2656
vn 0.8412 -0.5406 -0.0144
vn 0.3654 0.6360 -0.6797
vn -0.1140 0.5363 -0.8363
vn -0.5935 0.4306 -0.6800
vn 0.1376 -0.7154 -0.6851
vn -0.8895 0.3699 -0.2684
vn -0.5088 -0.8414 0.1822
vn -0.8916 0.3714 0.2590
vn -0.6086 0.4259 0.6695
vn -0.1366 0.5323 0.8354
vn 0.3722 0.6390 0.6732
vn 0.3463 -0.6179 0.7059
vn 0.6662 0.7001 0.2571
vn 0.6574 0.7008 -0.2769
vn 0.8524 -0.5222 -0.0257
vn 0.3582 0.6322 -0.6871
vn -0.1397 0.5335 -0.8342
vn 0.3310 -0.6306 -0.7020
vn -0.6106 0.4266 -0.6672
vn -0.8910 0.3731 -0.2587
vn -0.8870 0.3722 0.2733
vn -0.5126 -0.8409 -0.1736
vn -0.5900 0.4316 0.6824
vn -0.1151 0.5381 0.8350
vn 0.3659 0.6372 0.6783
vn 0.1579 -0.6984 0.6980
vn 0.6612 0.7012 0.2665
vn 0.6608 0.7019 -0.2659
vn 0.8531 -0.5217 -0.0022
vn 0.3645 0.6372 -0.6791
vn -0.1120 0.5362 -0.8366
vn 0.3614 -0.6509 -0.6676
vn -0.5900 0.4359 -0.6796
vn -0.8945 0.3705 -0.2503
vn -0.4276 -0.7983 -0.4241
vn -0.8918 0.3698 0.2605
vn -0.5939 0.4363 0.6759
vn -0.1392 0.5265 0.8387
vn -0.2582 -0.8118 0.5238
vn 0.3496 0.6399 0.6844
vn 0.5491 -0.5786 0.6030
vn 0.6681 0.7013 0.2487
vn 0.6616 0.7019 -0.2639
vn 0.8319 -0.5544 -0.0219
vn 0.3656 0.6377 -0.6780
vn -0.7959 -0.2532 0.5500
vn -0.7905 -0.0188 0.6121
vn -0.7431 0.2307 0.6282
vn -0.6394 0.3903 0.6624
vn -0.7183 -0.2603 0.6452
vn -0.7220 -0.0514 0.6900
vn -0.6666 0.2174 0.7130
vn -0.5582 0.3833 0.7359
vn -0.7367 -0.4988 0.4565
vn -0.7211 -0.3753 0.5823
vn -0.5918 0.5390 0.5995
vn -0.4726 0.7232 0.5036
vn -0.6897 -0.6993 0.1880
vn -0.6898 -0.7174 0.0973
vn -0.7105 -0.7037 0.0011
vn -0.6841 -0.6719 0.2838
vn -0.5990 -0.8008 0.0012
vn -0.9243 0.0587 0.3772
vn -0.8949 0.2797 0.3476
vn -0.9482 -0.2058 0.2422
vn -0.8424 0.4865 0.2319
vn -0.9907 0.0346 0.1318
vn -0.9521 0.2745 0.1346
vn -0.7288 0.6660 0.1587
vn -0.9776 -0.1853 0.0997
vn -0.8603 0.4977 0.1107
vn -0.7333 0.6779 0.0524
vn -0.8897 -0.4566 0.0032
vn -0.9757 -0.2193 0.0023
vn -0.9993 0.0253 -0.0289
vn -0.9631 0.2689 0.0078
vn -0.8657 0.5006 -0.0003
vn -0.8803 0.0072 0.4743
vn -0.8328 0.2539 0.4919
vn -0.7130 0.4985 0.4930
vn -0.8943 -0.2666 0.3594
vn -0.8981 -0.0803 0.4324
vn -0.7482 0.5377 0.3886
vn -0.5869 0.7058 0.3967
vn -0.8226 -0.4829 0.3003
vn -0.9181 -0.0615 0.3916
vn -0.7628 0.5650 0.3145
vn -0.6349 0.7348 0.2385
vn -0.4460 0.8688 0.2152
vn -0.8109 -0.5468 0.2083
vn -0.9070 -0.3806 0.1801
vn -0.8477 -0.5197 0.1060
vn -0.5870 0.7971 0.1417
vn -0.4639 0.8791 0.1096
vn -0.9210 -0.3802 0.0848
vn -0.5851 0.8092 0.0538
vn -0.4662 0.8847 0.0017
vn -0.8357 -0.3661 0.4093
vn -0.4644 0.8319 0.3037
vn -0.7779 -0.6205 0.0991
vn -0.3110 0.9460 0.0916
vn -0.7849 -0.6196 0.0014
vn -0.3104 0.9505 0.0135
vn -0.3720 0.8460 0.3821
vn -0.7109 -0.6041 0.3601
vn -0.2993 0.9174 0.2623
vn -0.1761 0.9521 0.2499
vn -0.2500 0.9557 0.1552
vn -0.1620 0.9859 0.0412
vn -0.4553 -0.7934 0.4040
vn -0.2892 -0.8316 0.4741
vn -0.3684 -0.8414 0.3954
vn -0.2036 -0.8620 0.4642
vn -0.0815 -0.8788 0.4702
vn -0.1409 -0.9155 0.3769
vn -0.6130 -0.3455 0.7106
vn -0.6258 -0.0821 0.7756
vn -0.5748 0.1973 0.7942
vn -0.5024 0.3944 0.7694
vn -0.6049 -0.5751 0.5508
vn -0.4964 0.5306 0.6871
vn -0.3747 0.7210 0.5829
vn -0.2740 0.8500 0.4498
vn -0.4790 -0.1090 0.8710
vn -0.4364 0.1442 0.8881
vn -0.3247 0.3677 0.8714
vn -0.3986 0.5182 0.7567
vn -0.2076 0.6675 0.7151
vn -0.5286 -0.5456 0.6503
vn -0.2807 0.7316 0.6212
vn -0.1660 0.8466 0.5058
vn -0.5448 -0.7044 0.4550
vn -0.3463 -0.4013 0.8480
vn -0.4078 -0.2112 0.8883
vn -0.2308 0.1090 0.9669
vn -0.3899 -0.6562 0.6461
vn -0.4715 -0.4843 0.7370
vn -0.1792 0.5480 0.8171
vn -0.4657 -0.6981 0.5439
vn -0.0841 0.7989 0.5956
vn -0.0537 0.8955 0.4418
vn 0.0481 0.9180 0.3937
vn -0.1921 -0.1788 0.9649
vn -0.0621 0.3766 0.9243
vn 0.0357 0.5636 0.8253
vn -0.2849 -0.5985 0.7488
vn -0.0417 0.6889 0.7236
vn -0.3781 -0.7703 0.5135
vn 0.0383 0.8449 0.5335
vn -0.1530 -0.4606 0.8743
vn -0.0700 0.0855 0.9939
vn -0.2581 -0.7406 0.6204
vn 0.0992 0.7546 0.6487
vn 0.1435 0.8581 0.4929
vn 0.1932 0.9049 0.3793
vn -0.0355 -0.2272 0.9732
vn 0.0791 0.0296 0.9964
vn 0.1414 0.2807 0.9493
vn 0.1873 0.5212 0.8326
vn -0.1840 -0.7702 0.6106
vn -0.0898 -0.6499 0.7547
vn 0.1938 0.7197 0.6667
vn 0.2272 0.8339 0.5031
vn 0.0328 -0.5121 0.8583
vn 0.1309 -0.2930 0.9471
vn -0.0772 -0.7860 0.6133
vn 0.3581 0.5980 0.7170
vn 0.3080 0.7274 0.6132
vn 0.3498 0.7634 0.5430
vn 0.3036 0.8545 0.4215
vn 0.6452 -0.1538 0.7484
vn 0.3153 0.2506 0.9153
vn 0.3573 0.4326 0.8278
vn 0.0812 -0.7755 0.6262
vn 0.1118 -0.6336 0.7656
vn 0.2344 -0.4873 0.8412
vn 0.0169 -0.8536 0.5207
vn 0.4612 0.6319 0.6230
vn 0.3912 0.8227 0.4125
vn -0.5550 -0.7573 0.3443
vn -0.5854 -0.7743 0.2403
vn -0.5614 -0.8145 0.1464
vn -0.5687 -0.8188 0.0782
vn -0.4904 -0.8409 0.2288
vn -0.4403 -0.8871 0.1387
vn -0.4775 -0.8778 0.0375
vn -0.4266 -0.8638 0.2681
vn -0.4133 -0.9073 0.0779
vn -0.4160 -0.9094 0.0010
vn -0.3547 -0.8882 0.2921
vn -0.3238 -0.9254 0.1967
vn -0.3228 -0.9388 0.1204
vn -0.3183 -0.9472 0.0399
vn -0.2474 -0.9058 0.3440
vn -0.2426 -0.9343 0.2611
vn -0.2325 -0.9599 0.1565
vn -0.1976 -0.9772 0.0774
vn -0.2076 -0.9782 0.0064
vn -0.1286 -0.9546 0.2686
vn -0.1596 -0.9710 0.1778
vn -0.0658 -0.9369 0.3433
vn -0.0986 -0.9825 0.1582
vn -0.0693 -0.9909 0.1151
vn -0.0743 -0.9965 0.0392
vn -0.6366 -0.6556 0.4060
vn -0.2164 0.9167 0.3359
vn -0.0742 0.9743 0.2127
vn -0.0892 0.9877 0.1282
vn -0.0964 0.9320 0.3495
vn 0.0172 0.9627 0.2702
vn 0.0389 0.9848 0.1695
vn 0.1063 0.9445 0.3110
vn 0.1077 0.9726 0.2062
vn 0.1759 0.9548 0.2395
vn 0.2431 0.9295 0.2773
vn 0.3107 0.8958 0.3180
vn 0.3500 0.9112 0.2172
vn 0.4231 0.8610 0.2822
vn 0.0197 -0.9196 0.3925
vn 0.5489 -0.4518 0.7033
vn 0.2237 -0.6650 0.7126
vn 0.6996 0.2143 0.6817
vn 0.5001 0.2767 0.8206
vn 0.5187 0.4589 0.7214
vn 0.5113 0.6909 0.5110
vn 0.1227 -0.8851 0.4489
vn 0.3141 -0.5759 0.7548
vn 0.2084 -0.8175 0.5369
vn 0.3099 -0.7068 0.6360
vn 0.7352 0.2494 0.6303
vn 0.5994 0.5315 0.5985
vn 0.4492 -0.6185 0.6448
vn 0.6372 0.3636 0.6796
vn 0.2915 -0.8400 0.4577
vn 0.4074 -0.7196 0.5623
vn 0.5873 -0.5732 0.5714
vn 0.6729 0.5104 0.5354
vn 0.6291 0.6380 0.4441
vn 0.5604 -0.5776 0.5936
vn 0.7317 0.4509 0.5112
vn -0.0074 -0.9628 0.2702
vn 0.1529 -0.9241 0.3501
vn -0.0012 -0.9802 0.1980
vn 0.0970 -0.9694 0.2253
vn 0.0836 -0.9884 0.1264
vn 0.0190 -0.9968 0.0779
vn 0.2140 -0.9433 0.2540
vn 0.1678 -0.9690 0.1813
vn 0.1703 -0.9812 0.0911
vn 0.0689 -0.9972 0.0291
vn 0.1711 -0.9852 -0.0020
vn 0.1400 -0.9778 0.1559
vn 0.1242 -0.9896 0.0731
vn 0.1246 -0.9922 -0.0023
vn 0.4658 0.7970 0.3845
vn 0.4357 0.8825 0.1772
vn 0.5379 0.7639 0.3565
vn 0.5186 0.8247 0.2256
vn 0.5029 0.8556 0.1227
vn 0.5069 0.8609 0.0440
vn 0.2567 -0.9046 0.3402
vn 0.6031 0.7378 0.3030
vn 0.6215 0.7545 0.2108
vn 0.5959 0.7913 0.1371
vn 0.5979 0.7986 0.0681
vn 0.5956 0.8033 0.0004
vn 0.3517 -0.8339 0.4253
vn 0.4702 -0.7146 0.5179
vn 0.6881 0.6104 0.3923
vn 0.3948 -0.7523 0.5274
vn 0.6641 0.6275 0.4065
vn 0.6278 0.7192 0.2976
vn 0.1776 -0.9575 0.2272
vn 0.7719 0.3032 0.5589
vn 0.6247 -0.5727 0.5308
vn 0.2832 -0.8524 0.4395
vn 0.7013 0.4809 0.5262
vn 0.2161 -0.9116 0.3497
vn 0.6016 0.7702 0.2120
vn 0.5926 0.7973 0.1151
vn 0.5759 0.8175 0.0040
vn 0.5543 0.6178 0.5577
vn 0.0591 -0.8345 0.5479
vn 0.4687 0.7342 0.4912
vn -0.0238 -0.9602 0.2781
vn 0.0080 -0.9206 0.3904
vn 0.4563 0.8382 0.2988
vn 0.4364 0.8769 0.2015
vn -0.0557 -0.9894 0.1341
vn 0.4374 0.8942 0.0956
vn -0.0705 -0.9975 -0.0010
vn 0.4349 0.9005 0.0020
vn -0.2478 -0.7887 0.5627
vn 0.2268 0.8256 0.5167
vn -0.2111 -0.9132 0.3484
vn -0.2591 -0.8702 0.4191
vn 0.2044 0.9106 0.3593
vn -0.2573 -0.9253 0.2786
vn 0.2582 0.9322 0.2538
vn -0.2481 -0.9519 0.1799
vn 0.2277 0.9548 0.1912
vn -0.2561 -0.9626 0.0880
vn 0.2408 0.9652 0.1015
vn -0.2357 -0.9718 -0.0000
vn 0.2704 0.9628 -0.0000
vn -0.0351 0.7625 0.6460
vn -0.4629 -0.2400 0.8533
vn 0.0812 0.8560 0.5106
vn 0.1242 0.9548 0.2700
vn -0.3257 -0.9455 -0.0000
vn 0.1594 0.9872 0.0038
vn -0.2306 -0.2279 0.9460
vn -0.2022 0.1187 0.9721
vn -0.0431 0.4010 0.9151
vn -0.0241 0.0589 0.9980
vn -0.0751 -0.2707 0.9597
vn -0.3329 -0.9430 -0.0013
vn -0.3170 -0.9447 0.0841
vn -0.2856 -0.9491 0.1330
vn -0.2873 -0.9574 0.0298
vn -0.2611 -0.9424 0.2090
vn -0.2566 -0.9651 0.0526
vn -0.2402 -0.9629 0.1232
vn -0.3197 -0.8667 0.3830
vn -0.3318 -0.8043 0.4929
vn 0.1229 0.9348 0.3331
vn -0.3123 -0.9195 0.2386
vn -0.3139 -0.9345 0.1680
vn 0.1608 0.9825 0.0938
vn 0.1636 0.9862 0.0248
vn -0.3275 -0.6889 0.6466
vn -0.4996 -0.1889 0.8454
vn 0.0567 0.8155 0.5760
vn -0.3070 -0.9016 0.3048
vn 0.1505 0.9699 0.1914
vn -0.2612 -0.5716 0.7779
vn -0.3227 0.4153 0.8505
vn 0.0456 0.6896 0.7228
vn 0.1195 0.8846 0.4507
vn -0.2508 -0.2973 0.9213
vn -0.0244 0.4332 0.9010
vn -0.2769 -0.7727 0.5712
vn 0.1641 0.9197 0.3567
vn 0.1871 0.9714 0.1461
vn -0.1955 0.1363 0.9712
vn -0.0197 0.5330 0.8459
vn 0.0969 0.7231 0.6839
vn -0.2616 -0.8432 0.4696
vn 0.1183 0.7986 0.5901
vn 0.1864 0.9528 0.2397
vn 0.2108 0.9735 0.0881
vn 0.1974 0.9798 0.0309
vn -0.2461 -0.6257 0.7402
vn -0.2610 -0.8963 0.3584
vn 0.1731 0.8813 0.4397
vn -0.1887 -0.4998 0.8453
vn 0.0901 0.6088 0.7882
vn 0.2079 0.9111 0.3560
vn -0.2461 -0.9213 0.3012
vn 0.2162 0.9388 0.2680
vn -0.1854 -0.6782 0.7111
vn 0.1515 0.7430 0.6519
vn -0.1984 -0.7913 0.5783
vn 0.1902 0.8271 0.5290
vn 0.2273 0.9516 0.2069
vn 0.2362 0.9618 0.1384
vn 0.2366 0.9716 -0.0000
vn 0.1020 0.3734 0.9220
vn 0.0354 0.0315 0.9989
vn 0.0839 -0.2984 0.9507
vn 0.2209 0.0275 0.9749
vn 0.2458 0.3376 0.9086
vn -0.2145 -0.9553 0.2034
vn -0.2151 -0.9753 0.0501
vn -0.1942 -0.9681 0.1584
vn -0.1712 -0.9755 0.1385
vn -0.1621 -0.9832 0.0846
vn -0.1559 -0.9878 -0.0014
vn 0.1389 0.6094 0.7806
vn -0.2224 -0.8679 0.4441
vn 0.2301 0.8705 0.4350
vn -0.1051 -0.5303 0.8413
vn 0.2057 0.7390 0.6415
vn -0.2043 -0.9095 0.3620
vn 0.2606 0.9615 0.0871
vn 0.2029 0.5797 0.7891
vn -0.1772 -0.8698 0.4605
vn 0.2511 0.8070 0.5346
vn 0.2562 0.9153 0.3108
vn -0.1992 -0.9358 0.2907
vn 0.2674 0.9412 0.2067
vn -0.0918 -0.6850 0.7228
vn -0.0538 -0.5380 0.8412
vn -0.1414 -0.8050 0.5761
vn 0.2904 0.9450 0.1506
vn 0.2733 0.9619 -0.0000
vn 0.2612 0.6911 0.6740
vn 0.2757 0.8528 0.4435
vn 0.2829 0.8950 0.3448
vn 0.0780 -0.3835 0.9202
vn 0.2366 0.0176 0.9714
vn 0.2800 0.4707 0.8367
vn -0.1553 -0.9043 0.3976
vn -0.1116 -0.8620 0.4945
vn -0.1471 -0.9414 0.3037
vn 0.3081 0.9087 0.2817
vn -0.1582 -0.9605 0.2290
vn 0.3023 0.9499 0.0798
vn 0.2976 0.9547 -0.0000
vn -0.0389 -0.7454 0.6655
vn 0.3144 0.6089 0.7283
vn 0.2906 0.7496 0.5947
vn 0.3079 0.9284 0.2079
vn -0.0174 -0.5861 0.8100
vn 0.2349 0.3533 0.9056
vn 0.3183 0.8557 0.4080
vn -0.0468 0.9979 0.0446
vn 0.0325 0.9938 0.1061
vn 0.0536 0.9985 0.0103
vn 0.1545 0.9837 0.0917
vn 0.1510 0.9879 0.0339
vn 0.2267 0.9660 0.1247
vn 0.2788 0.9446 0.1730
vn 0.2463 0.9690 0.0219
vn 0.3346 0.9403 0.0625
vn 0.3132 0.9496 -0.0087
vn 0.3919 0.9152 0.0939
vn 0.4013 0.9158 -0.0177
vn -0.7455 -0.6613 -0.0829
vn -0.6817 -0.7079 -0.1849
vn -0.6519 -0.7524 -0.0937
vn -0.6759 -0.6625 -0.3229
vn -0.7313 0.6800 -0.0523
vn -0.9776 -0.1786 -0.1116
vn -0.9524 0.2735 -0.1350
vn -0.8595 0.4990 -0.1108
vn -0.9844 0.0472 -0.1693
vn -0.7219 0.6726 -0.1628
vn -0.9559 -0.1733 -0.2372
vn -0.8290 0.5059 -0.2383
vn -0.9292 0.0385 -0.3676
vn -0.8924 0.2594 -0.3693
vn -0.9177 -0.3880 -0.0852
vn -0.5819 0.8115 -0.0537
vn -0.8439 -0.5261 -0.1055
vn -0.4675 0.8773 -0.1085
vn -0.9094 -0.3757 -0.1785
vn -0.5856 0.7981 -0.1418
vn -0.8438 -0.4791 -0.2418
vn -0.7524 0.5802 -0.3118
vn -0.6160 0.7489 -0.2443
vn -0.4496 0.8645 -0.2248
vn -0.8949 -0.3079 -0.3231
vn -0.9164 -0.0576 -0.3962
vn -0.8487 0.3342 -0.4098
vn -0.7263 0.5534 -0.4077
vn -0.6157 0.7029 -0.3562
vn -0.8834 -0.2161 -0.4159
vn -0.8753 -0.0255 -0.4829
vn -0.8262 0.2525 -0.5036
vn -0.7453 0.4185 -0.5191
vn -0.3089 0.9490 -0.0629
vn -0.7837 -0.5999 -0.1611
vn -0.3643 0.9176 -0.1592
vn -0.7351 -0.6278 -0.2559
vn -0.4512 0.8353 -0.3141
vn -0.7865 -0.5223 -0.3297
vn -0.8272 -0.3952 -0.3995
vn -0.6521 0.5519 -0.5198
vn -0.5237 0.7357 -0.4294
vn -0.7985 -0.2634 -0.5413
vn -0.1552 0.9868 -0.0462
vn -0.2473 0.9564 -0.1550
vn -0.2934 0.9177 -0.2680
vn -0.1703 0.9620 -0.2137
vn -0.7288 -0.5053 -0.4621
vn -0.4405 0.7631 -0.4730
vn -0.3221 0.8692 -0.3750
vn -0.5782 0.5564 -0.5968
vn -0.7876 -0.0232 -0.6157
vn -0.7348 0.2440 -0.6329
vn -0.6520 0.4128 -0.6360
vn -0.7152 -0.3340 -0.6139
vn -0.7147 -0.0604 -0.6968
vn -0.6653 0.2241 -0.7121
vn -0.5335 0.4951 -0.6858
vn -0.5637 -0.8243 -0.0521
vn -0.5560 -0.8193 -0.1405
vn -0.5839 -0.7769 -0.2356
vn -0.5420 -0.7690 -0.3390
vn -0.4447 -0.8936 -0.0615
vn -0.4413 -0.8864 -0.1397
vn -0.4859 -0.8429 -0.2313
vn -0.4203 -0.8666 -0.2689
vn -0.4344 -0.8157 -0.3819
vn -0.3240 -0.9452 -0.0398
vn -0.3576 -0.9233 -0.1404
vn -0.3232 -0.9120 -0.2524
vn -0.3171 -0.8834 -0.3452
vn -0.2907 -0.9498 -0.1159
vn -0.2933 -0.9359 -0.1951
vn -0.2317 -0.9701 -0.0720
vn -0.2266 -0.9605 -0.1616
vn -0.2244 -0.9406 -0.2546
vn -0.1811 -0.9208 -0.3455
vn -0.1347 -0.9901 -0.0390
vn -0.1628 -0.9794 -0.1197
vn -0.1302 -0.9721 -0.1953
vn -0.1231 -0.9544 -0.2719
vn -0.0642 -0.9910 -0.1178
vn -0.0679 -0.9365 -0.3440
vn -0.1232 0.9833 -0.1341
vn -0.1674 0.9381 -0.3031
vn -0.6242 -0.6658 -0.4088
vn -0.2702 0.8463 -0.4590
vn -0.0303 0.9928 -0.1156
vn -0.0504 0.9740 -0.2211
vn -0.0972 0.9306 -0.3528
vn -0.5281 -0.7207 -0.4492
vn 0.0430 0.9839 -0.1737
vn 0.0200 0.9625 -0.2706
vn -0.0141 0.9153 -0.4026
vn 0.1417 0.9655 -0.2186
vn 0.0950 0.9460 -0.3101
vn 0.1712 0.9200 -0.3526
vn 0.2423 0.9225 -0.3004
vn 0.2865 0.9271 -0.2416
vn 0.3240 0.8608 -0.3924
vn 0.3737 0.9034 -0.2104
vn 0.3798 0.8668 -0.3231
vn 0.4455 0.7841 -0.4321
vn -0.3592 -0.7930 -0.4920
vn -0.2377 -0.8558 -0.4595
vn -0.1104 -0.8743 -0.4726
vn -0.0014 -0.9145 -0.4046
vn -0.6155 -0.5792 -0.5345
vn -0.6554 -0.4113 -0.6335
vn -0.4333 0.6769 -0.5951
vn -0.3390 0.7331 -0.5897
vn -0.6340 -0.0839 -0.7687
vn -0.6136 -0.3227 -0.7206
vn -0.5707 0.1917 -0.7984
vn -0.4917 0.4016 -0.7726
vn -0.2573 0.7456 -0.6147
vn -0.1479 0.8520 -0.5022
vn -0.5044 -0.6496 -0.5688
vn -0.4974 -0.5126 -0.6998
vn -0.3882 0.5266 -0.7563
vn -0.4504 -0.1354 -0.8825
vn -0.4402 0.1480 -0.8856
vn -0.2050 0.6692 -0.7143
vn -0.3289 0.3636 -0.8716
vn -0.4372 -0.7527 -0.4922
vn -0.0953 0.7721 -0.6284
vn -0.0134 0.8349 -0.5502
vn -0.3842 -0.6602 -0.6453
vn -0.3890 -0.3706 -0.8434
vn -0.1714 0.5555 -0.8137
vn -0.2248 0.1095 -0.9682
vn 0.0781 0.9000 -0.4289
vn -0.2929 -0.6075 -0.7383
vn -0.0361 0.6880 -0.7248
vn 0.0820 0.7823 -0.6175
vn -0.2493 -0.4314 -0.8670
vn -0.1907 -0.1678 -0.9672
vn -0.0601 0.3748 -0.9251
vn 0.0227 0.5614 -0.8272
vn 0.1403 0.8605 -0.4898
vn -0.2606 -0.7447 -0.6145
vn 0.1424 0.6847 -0.7148
vn -0.0697 0.0853 -0.9939
vn 0.2317 0.8733 -0.4284
vn -0.1839 -0.7688 -0.6124
vn 0.2116 0.7899 -0.5756
vn -0.0868 -0.6536 -0.7518
vn -0.1130 -0.4642 -0.8785
vn -0.0417 -0.2244 -0.9736
vn 0.0825 0.0308 -0.9961
vn 0.1454 0.2844 -0.9476
vn 0.1489 0.5280 -0.8361
vn 0.3105 0.8068 -0.5026
vn -0.0644 -0.7759 -0.6275
vn 0.3041 0.7007 -0.6454
vn 0.0354 -0.5099 -0.8595
vn 0.1356 -0.2721 -0.9527
vn 0.2876 0.4974 -0.8184
vn 0.0106 -0.8529 -0.5220
vn 0.4768 0.6086 -0.6343
vn 0.4308 0.7151 -0.5506
vn 0.1654 -0.5618 -0.8106
vn 0.3515 0.3083 -0.8840
vn 0.4153 0.5608 -0.7163
vn -0.0365 -0.9986 -0.0395
vn 0.0139 -0.9795 -0.2012
vn -0.0091 -0.9620 -0.2730
vn 0.0607 -0.9973 -0.0403
vn 0.0733 -0.9900 -0.1202
vn 0.1392 -0.9714 -0.1922
vn 0.0998 -0.9508 -0.2934
vn 0.1579 -0.9130 -0.3760
vn 0.1724 -0.9806 -0.0933
vn 0.2114 -0.9421 -0.2602
vn 0.1737 -0.9624 -0.2087
vn 0.1333 -0.9851 -0.1091
vn 0.4409 0.8805 -0.1739
vn 0.4454 0.8549 -0.2661
vn 0.1084 -0.8826 -0.4575
vn 0.4921 0.8044 -0.3327
vn 0.5115 0.8583 -0.0410
vn 0.5033 0.8556 -0.1211
vn 0.5205 0.8245 -0.2221
vn 0.5638 0.7263 -0.3932
vn 0.5952 0.8008 -0.0675
vn 0.5941 0.7932 -0.1340
vn 0.6203 0.7556 -0.2104
vn 0.2624 -0.9032 -0.3396
vn 0.6072 0.7360 -0.2995
vn 0.3185 -0.8366 -0.4457
vn 0.4346 -0.7331 -0.5232
vn 0.6846 0.4994 -0.5310
vn 0.6674 0.6145 -0.4207
vn 0.5845 0.8072 -0.0824
vn 0.6572 0.6378 -0.4016
vn 0.3446 -0.7904 -0.5065
vn 0.7546 0.4226 -0.5020
vn 0.5987 0.7817 -0.1744
vn 0.6181 0.7296 -0.2926
vn 0.2120 -0.9118 -0.3516
vn 0.2901 -0.8494 -0.4409
vn 0.6876 0.4951 -0.5311
vn -0.0494 -0.9901 -0.1311
vn 0.4392 0.8929 -0.0988
vn 0.4285 0.8823 -0.1946
vn -0.0292 -0.9596 -0.2798
vn 0.4463 0.8444 -0.2964
vn 0.0086 -0.9221 -0.3869
vn 0.0654 -0.8386 -0.5408
vn 0.4668 0.7300 -0.4991
vn 0.3042 -0.5188 -0.7989
vn -0.2562 -0.9626 -0.0880
vn 0.2402 0.9655 -0.1006
vn -0.2492 -0.9514 -0.1808
vn 0.2518 0.9335 -0.2552
vn 0.2293 0.9539 -0.1935
vn -0.2664 -0.9259 -0.2678
vn -0.2033 -0.9171 -0.3429
vn -0.2609 -0.8702 -0.4179
vn 0.2054 0.9091 -0.3624
vn -0.1891 -0.7750 -0.6030
vn 0.2241 0.8262 -0.5169
vn 0.1239 0.9543 -0.2718
vn -0.3387 -0.8828 -0.3255
vn -0.3544 -0.7649 -0.5379
vn -0.4096 -0.2279 -0.8833
vn 0.0830 0.8583 -0.5064
vn 0.0098 0.7923 -0.6100
vn 0.0961 -0.7640 -0.6380
vn 0.2813 -0.6905 -0.6664
vn 0.2812 -0.6019 -0.7474
vn 0.7028 0.2379 -0.6704
vn 0.4312 0.2193 -0.8752
vn 0.5429 0.4448 -0.7123
vn 0.2284 -0.8168 -0.5298
vn 0.4001 -0.6874 -0.6061
vn 0.5951 0.5345 -0.6002
vn 0.5567 0.6635 -0.4999
vn 0.7379 0.2447 -0.6290
vn 0.5865 -0.5748 -0.5706
vn 0.6530 0.4158 -0.6331
vn 0.8022 0.2392 -0.5471
vn 0.7423 0.3746 -0.5556
vn -0.3161 -0.9451 -0.0824
vn -0.2860 -0.9505 -0.1218
vn -0.2721 -0.9619 -0.0254
vn -0.2577 -0.9633 -0.0746
vn -0.2690 -0.9416 -0.2026
vn -0.2414 -0.9628 -0.1215
vn 0.1599 0.9847 -0.0694
vn -0.3129 -0.9343 -0.1708
vn 0.1513 0.9705 -0.1879
vn -0.3193 -0.9148 -0.2475
vn 0.1248 0.9359 -0.3295
vn -0.3186 -0.8640 -0.3898
vn -0.3464 -0.8007 -0.4887
vn -0.3536 -0.6741 -0.6486
vn 0.1059 0.8850 -0.4533
vn -0.4995 -0.1842 -0.8465
vn 0.0564 0.8086 -0.5857
vn -0.3022 -0.7156 -0.6297
vn -0.3983 0.3981 -0.8263
vn 0.0467 0.6876 -0.7246
vn -0.2652 -0.5554 -0.7882
vn 0.1911 0.9811 -0.0310
vn 0.1864 0.9717 -0.1454
vn -0.2923 -0.9081 -0.2999
vn -0.2873 -0.8312 -0.4760
vn 0.1670 0.9217 -0.3500
vn -0.2054 -0.2904 -0.9346
vn -0.0176 0.5391 -0.8421
vn 0.2115 0.9735 -0.0872
vn 0.1850 0.9538 -0.2366
vn 0.1635 0.8815 -0.4430
vn -0.2504 -0.7762 -0.5786
vn 0.1164 0.7920 -0.5993
vn -0.2520 -0.6049 -0.7553
vn -0.6104 0.1465 -0.7784
vn 0.1222 0.7355 -0.6665
vn -0.2619 -0.8939 -0.3638
vn -0.2654 -0.3501 -0.8983
vn -0.2213 0.1350 -0.9658
vn -0.2459 -0.9221 -0.2987
vn 0.2107 0.9280 -0.3074
vn -0.2285 -0.8566 -0.4626
vn -0.2084 -0.6787 -0.7043
vn -0.1861 -0.4854 -0.8542
vn 0.0672 0.6242 -0.7784
vn 0.2362 0.9618 -0.1384
vn 0.2263 0.9514 -0.2087
vn 0.2138 0.8760 -0.4324
vn 0.1820 0.8178 -0.5460
vn 0.1303 0.6097 -0.7819
vn -0.2297 -0.2332 -0.9449
vn -0.1899 0.0911 -0.9776
vn -0.0384 0.3962 -0.9174
vn -0.0713 -0.2765 -0.9584
vn -0.0037 0.0713 -0.9975
vn -0.2213 -0.9748 -0.0285
vn -0.2235 -0.9510 -0.2135
vn -0.2099 -0.9715 -0.1106
vn -0.1663 -0.9814 -0.0956
vn 0.1999 0.7352 -0.6477
vn 0.2606 0.9615 -0.0871
vn -0.2059 -0.9109 -0.3576
vn 0.2477 0.9014 -0.3552
vn -0.1875 -0.8688 -0.4582
vn -0.1565 -0.7916 -0.5907
vn -0.1669 -0.7003 -0.6941
vn -0.1099 -0.5268 -0.8429
vn 0.2683 0.9412 -0.2052
vn -0.1978 -0.9360 -0.2912
vn 0.2584 0.9271 -0.2716
vn 0.2473 0.8052 -0.5389
vn 0.2045 0.5802 -0.7884
vn 0.2907 0.9447 -0.1519
vn 0.2752 0.8581 -0.4335
vn -0.0697 -0.6717 -0.7375
vn -0.0513 -0.5325 -0.8449
vn -0.1816 -0.9614 -0.2067
vn 0.2638 0.6849 -0.6792
vn 0.3023 0.9499 -0.0798
vn -0.1481 -0.9431 -0.2977
vn 0.2997 0.8977 -0.3230
vn -0.1538 -0.9021 -0.4031
vn -0.1032 -0.8638 -0.4932
vn 0.0809 -0.3784 -0.9221
vn 0.2414 0.0151 -0.9703
vn 0.2833 0.4597 -0.8417
vn 0.3107 0.9250 -0.2189
vn -0.0928 -0.7897 -0.6065
vn 0.3173 0.6163 -0.7207
vn 0.2904 0.7460 -0.5993
vn -0.0306 -0.6219 -0.7825
vn -0.1378 -0.9703 -0.1987
vn 0.3371 0.8640 -0.3740
vn 0.3222 0.8330 -0.4499
vn 0.0677 -0.3741 -0.9249
vn 0.1776 0.0152 -0.9840
vn 0.2687 0.3629 -0.8922
vn 0.1070 0.3733 -0.9215
vn 0.0576 0.0467 -0.9972
vn 0.0904 -0.2996 -0.9498
vn 0.2524 0.3268 -0.9108
vn 0.2465 0.0175 -0.9690
vn -0.0401 0.9983 -0.0422
vn 0.0987 0.9910 -0.0900
vn 0.1640 0.9856 -0.0410
vn 0.1903 0.9726 -0.1333
vn 0.2798 0.9572 -0.0744
vn 0.2774 0.9485 -0.1529
vn 0.3890 0.9166 -0.0927
vn 0.0875 -0.3784 0.9215
vn 0.3075 -0.0061 0.9515
vn 0.0725 -0.6148 0.7853
vn 0.3530 0.7318 0.5830
vn -0.0870 -0.9094 0.4067
vn 0.3421 0.8192 0.4602
vn -0.1103 -0.9788 0.1727
vn 0.2570 0.9605 0.1069
vn 0.2826 0.9592 0.0003
vn 0.3717 0.3277 0.8686
vn -0.0347 -0.8471 0.5304
vn -0.0904 -0.9416 0.3244
vn 0.3184 0.8729 0.3696
vn -0.1067 -0.9645 0.2415
vn 0.2758 0.9348 0.2240
vn -0.0924 -0.9904 0.1030
vn -0.1060 -0.9939 0.0305
vn 0.2353 -0.3341 0.9127
vn 0.0265 -0.7346 0.6780
vn 0.1684 -0.4819 0.8599
vn 0.3742 -0.0007 0.9274
vn 0.3923 0.4804 0.7844
vn 0.3521 0.5725 0.7404
vn 0.3296 0.7355 0.5919
vn 0.1733 0.9837 0.0488
vn 0.3671 -0.0424 0.9292
vn 0.0326 -0.7874 0.6156
vn 0.1386 -0.6345 0.7604
vn 0.0009 -0.8985 0.4390
vn 0.2522 0.8207 0.5127
vn 0.2313 0.9098 0.3447
vn 0.1564 0.9549 0.2524
vn 0.1329 0.9783 0.1590
vn 0.2752 -0.3780 0.8840
vn 0.4149 0.2911 0.8621
vn -0.0517 -0.9565 0.2871
vn 0.0179 -0.9398 0.3414
vn 0.1344 0.9117 0.3882
vn 0.1027 0.9936 0.0462
vn 0.1146 -0.7668 0.6316
vn 0.2316 -0.5323 0.8143
vn 0.3641 -0.1090 0.9249
vn 0.3643 0.3741 0.8528
vn 0.2295 0.6235 0.7473
vn 0.1328 0.8197 0.5572
vn -0.0100 -0.9759 0.2178
vn 0.0854 0.9516 0.2954
vn 0.1003 0.9824 0.1577
vn -0.0199 -0.9988 0.0448
vn 0.1642 0.1758 0.9706
vn 0.0864 -0.8683 0.4885
vn 0.0774 0.6935 0.7163
vn 0.1008 0.8946 0.4354
vn 0.1278 0.9629 0.2377
vn -0.0049 -0.9907 0.1361
vn 0.1537 0.9873 0.0412
vn 0.1319 -0.5396 0.8315
vn 0.1314 -0.2534 0.9584
vn 0.0497 0.4210 0.9057
vn 0.0416 -0.8900 0.4540
vn 0.0641 -0.7603 0.6464
vn 0.0861 0.8144 0.5738
vn 0.0317 -0.9370 0.3479
vn 0.1150 0.9348 0.3362
vn 0.1578 0.9791 0.1284
vn -0.0156 -0.3173 0.9482
vn -0.0208 0.0313 0.9993
vn -0.0204 -0.6061 0.7951
vn 0.0493 0.6394 0.7673
vn -0.0544 -0.9593 0.2771
vn -0.0339 -0.9866 0.1593
vn -0.0453 -0.9977 0.0496
vn -0.1298 -0.3781 0.9166
vn 0.0238 0.3924 0.9195
vn -0.0947 -0.7993 0.5934
vn -0.1302 -0.6359 0.7607
vn -0.0820 -0.9072 0.4125
vn 0.1619 0.9288 0.3332
vn -0.0685 -0.0352 0.9970
vn 0.1123 0.6223 0.7747
vn -0.2178 -0.8192 0.5305
vn 0.1145 0.7701 0.6276
vn -0.2141 -0.8968 0.3872
vn 0.1769 0.8763 0.4482
vn -0.1869 -0.9468 0.2618
vn 0.1930 0.9562 0.2201
vn -0.1985 -0.9697 0.1427
vn 0.1917 0.9725 0.1325
vn -0.1879 -0.9813 0.0416
vn 0.2084 0.9770 0.0462
vn -0.2049 -0.6817 0.7024
vn -0.1332 -0.3999 0.9068
vn -0.2439 -0.8863 0.3938
vn 0.2174 0.9189 0.3291
vn -0.2446 -0.9493 0.1975
vn -0.2485 -0.9231 0.2935
vn -0.2559 -0.9637 0.0767
vn -0.0181 -0.0653 0.9977
vn 0.0796 0.3196 0.9442
vn 0.1542 0.6155 0.7729
vn -0.2078 -0.8323 0.5139
vn 0.1991 0.8020 0.5631
vn 0.2455 0.9433 0.2235
vn 0.2295 0.9652 0.1253
vn 0.2546 0.9660 0.0444
vn -0.0659 -0.4308 0.9000
vn -0.1541 -0.6945 0.7028
vn -0.1893 -0.8970 0.3995
vn 0.2483 0.8597 0.4463
vn -0.2033 -0.9355 0.2891
vn -0.2165 -0.9694 0.1155
vn -0.2163 -0.9759 0.0293
vn 0.2796 0.9074 0.3137
vn -0.1938 -0.9607 0.1990
vn 0.2805 0.9502 0.1361
vn 0.0466 -0.0704 0.9964
vn 0.1706 0.3593 0.9175
vn 0.1998 0.6053 0.7705
vn -0.1396 -0.8491 0.5094
vn -0.1045 -0.6929 0.7134
vn 0.2626 0.7455 0.6126
vn 0.3043 0.9212 0.2425
vn 0.2970 0.9539 0.0435
vn 0.0348 -0.4555 0.8896
vn 0.0857 -0.0875 0.9925
vn 0.2945 0.5799 0.7596
vn -0.1253 -0.9076 0.4007
vn -0.1486 -0.9489 0.2785
vn -0.1559 -0.9763 0.1502
vn -0.1435 -0.9883 0.0510
vn 0.2043 0.2816 0.9376
vn -0.0612 -0.7162 0.6952
vn 0.3025 0.7633 0.5709
vn 0.3369 0.8316 0.4414
vn 0.3516 0.8813 0.3158
vn -0.0463 -0.8127 0.5809
vn 0.3664 0.9293 0.0457
vn 0.2920 -0.1373 0.9465
vn 0.0869 -0.6228 0.7775
vn 0.1733 -0.4630 0.8693
vn 0.3634 0.6856 0.6308
vn -0.0511 -0.8939 0.4453
vn -0.0920 -0.9570 0.2751
vn 0.3513 0.9173 0.1874
vn 0.3558 0.2133 0.9099
vn 0.3117 -0.2324 0.9213
vn 0.3767 0.3943 0.8382
vn -0.0711 -0.9810 0.1803
vn -0.0749 -0.9953 0.0612
vn 0.2269 -0.1240 0.9660
vn 0.0510 -0.7938 0.6060
vn 0.4231 0.5584 0.7136
vn 0.4273 0.7366 0.5243
vn 0.4196 0.8460 0.3290
vn 0.3941 0.9015 0.1788
vn 0.2461 -0.5296 0.8118
vn 0.4434 0.2261 0.8674
vn -0.0003 -0.9422 0.3350
vn 0.1153 -0.8623 0.4931
vn 0.4548 0.8876 0.0736
vn 0.4073 -0.1685 0.8976
vn 0.2310 -0.6463 0.7272
vn 0.4490 -0.1684 0.8775
vn 0.5024 0.4215 0.7550
vn 0.5249 0.5838 0.6195
vn 0.5350 0.7326 0.4208
vn 0.5156 0.8195 0.2502
vn 0.3557 -0.6105 0.7076
vn 0.5883 0.2360 0.7735
vn 0.0668 -0.9761 0.2066
vn 0.1769 -0.9246 0.3374
vn 0.0774 -0.9938 0.0794
vn 0.5450 -0.2096 0.8118
vn 0.3349 -0.7414 0.5815
vn 0.5964 -0.2076 0.7753
vn 0.6627 0.4177 0.6216
vn 0.6613 0.6404 0.3905
vn 0.2542 -0.9607 0.1116
vn 0.7276 0.6626 0.1774
vn 0.6261 0.7761 0.0749
vn 0.4277 -0.6799 0.5957
vn 0.6498 -0.2362 0.7225
vn 0.7157 0.2509 0.6517
vn 0.4021 -0.8100 0.4268
vn 0.7237 -0.2645 0.6374
vn 0.7946 0.3703 0.4812
vn 0.5645 -0.7320 0.3814
vn 0.8355 -0.2853 0.4696
vn 0.8828 0.2359 0.4062
vn 0.5958 -0.7957 0.1090
vn 0.9506 -0.2934 0.1012
vn 0.9420 0.3148 0.1166
vn 0.2563 0.9610 -0.1040
vn -0.0050 -0.7216 -0.6923
vn 0.0840 -0.5729 -0.8153
vn 0.3593 0.7135 -0.6015
vn -0.1056 -0.9940 -0.0301
vn -0.0953 -0.9903 -0.1015
vn 0.2650 0.9463 -0.1850
vn -0.1068 -0.9643 -0.2424
vn 0.3042 0.9096 -0.2828
vn -0.0868 -0.9220 -0.3774
vn -0.0352 -0.8487 -0.5277
vn 0.3546 0.7576 -0.5480
vn 0.2175 -0.3240 -0.9207
vn 0.1675 0.9846 -0.0491
vn -0.0974 -0.9800 -0.1735
vn 0.3615 0.5813 -0.7290
vn 0.0435 -0.7248 -0.6876
vn 0.1842 -0.4666 -0.8651
vn 0.3534 -0.0205 -0.9352
vn 0.3964 0.4618 -0.7935
vn 0.3549 -0.0005 -0.9349
vn 0.3836 0.3055 -0.8715
vn 0.1320 0.9796 -0.1517
vn 0.1561 0.9565 -0.2465
vn 0.2441 0.9174 -0.3144
vn 0.0049 -0.8976 -0.4407
vn 0.2783 0.8283 -0.4863
vn 0.0468 -0.7794 -0.6248
vn 0.1478 -0.6191 -0.7713
vn 0.1002 0.9940 -0.0446
vn -0.0507 -0.9536 -0.2969
vn 0.0217 -0.9384 -0.3448
vn 0.1407 0.9065 -0.3980
vn 0.3172 0.6976 -0.6424
vn 0.2816 -0.3815 -0.8804
vn 0.3886 -0.0541 -0.9198
vn 0.4148 0.2963 -0.8603
vn -0.0180 -0.9988 -0.0458
vn 0.1021 0.9849 -0.1398
vn -0.0093 -0.9754 -0.2203
vn 0.0842 0.8940 -0.4401
vn 0.1305 0.8097 -0.5721
vn 0.1187 -0.7588 -0.6404
vn 0.2647 -0.5202 -0.8120
vn 0.3918 -0.1030 -0.9143
vn 0.3522 0.3530 -0.8668
vn 0.2264 0.6258 -0.7464
vn 0.1435 0.9888 -0.0419
vn -0.0067 -0.9907 -0.1358
vn 0.1016 0.9589 -0.2648
vn 0.0912 -0.8545 -0.5114
vn 0.0756 0.7055 -0.7047
vn 0.1911 -0.5121 -0.8374
vn 0.2394 -0.1516 -0.9590
vn 0.2140 0.2226 -0.9511
vn 0.0802 0.4588 -0.8849
vn 0.1508 0.9796 -0.1326
vn 0.1125 0.9365 -0.3322
vn 0.1612 0.9567 -0.2423
vn 0.0335 -0.9077 -0.4183
vn 0.0573 -0.7623 -0.6447
vn 0.0371 -0.6013 -0.7982
vn 0.0534 -0.3283 -0.9431
vn 0.0679 0.0838 -0.9942
vn -0.0414 -0.9977 -0.0538
vn -0.0322 -0.9863 -0.1615
vn -0.0572 -0.9590 -0.2777
vn 0.1151 0.8912 -0.4387
vn 0.0806 0.6506 -0.7551
vn 0.0965 0.8067 -0.5830
vn -0.0456 0.0099 -0.9989
vn 0.0179 0.3535 -0.9353
vn 0.1968 0.9794 -0.0446
vn -0.0902 -0.9029 -0.4202
vn 0.1833 0.9329 -0.3100
vn -0.1002 -0.8058 -0.5836
vn -0.1495 -0.6483 -0.7465
vn -0.1134 -0.3705 -0.9219
vn -0.1935 -0.9799 -0.0489
vn -0.1874 -0.9690 -0.1611
vn 0.2035 0.9689 -0.1408
vn -0.2092 -0.9372 -0.2791
vn -0.2118 -0.8944 -0.3939
vn 0.1745 0.8793 -0.4432
vn -0.2176 -0.8188 -0.5312
vn 0.1525 0.7938 -0.5888
vn -0.1412 -0.4120 -0.9002
vn -0.0510 -0.0287 -0.9983
vn -0.2545 -0.9541 -0.1580
vn -0.2471 -0.9265 -0.2838
vn 0.2224 0.9494 -0.2218
vn -0.2437 -0.8860 -0.3946
vn -0.2112 -0.6909 -0.6915
vn -0.2436 -0.9691 -0.0380
vn -0.2091 -0.8340 -0.5106
vn 0.1944 0.7900 -0.5815
vn 0.0778 0.3154 -0.9458
vn 0.1527 0.6169 -0.7721
vn 0.2545 0.9659 -0.0469
vn 0.2529 0.9580 -0.1353
vn 0.2322 0.8647 -0.4455
vn 0.2433 0.9191 -0.3099
vn -0.1581 -0.6864 -0.7098
vn -0.2178 -0.9705 -0.1033
vn -0.2018 -0.9587 -0.2007
vn -0.2027 -0.9344 -0.2929
vn -0.1902 -0.8980 -0.3967
vn -0.0833 -0.4254 -0.9012
vn 0.0126 -0.0626 -0.9980
vn 0.2757 0.9385 -0.2081
vn -0.1958 -0.9800 -0.0364
vn -0.1475 -0.8462 -0.5120
vn -0.1142 -0.7010 -0.7040
vn 0.2626 0.7674 -0.5849
vn -0.0307 -0.4382 -0.8984
vn 0.0477 -0.0598 -0.9971
vn 0.1444 0.3126 -0.9388
vn 0.3114 0.9497 -0.0349
vn 0.3082 0.9409 -0.1406
vn 0.2707 0.8557 -0.4411
vn 0.2939 0.9009 -0.3192
vn -0.1545 -0.9765 -0.1504
vn -0.1487 -0.9490 -0.2781
vn -0.1282 -0.9117 -0.3904
vn 0.2401 0.5868 -0.7733
vn 0.3514 0.8724 -0.3399
vn 0.3532 0.9086 -0.2230
vn 0.3342 0.8306 -0.4455
vn -0.0897 -0.8339 -0.5446
vn -0.0482 -0.6928 -0.7195
vn 0.0932 -0.1007 -0.9905
vn 0.1979 0.2828 -0.9386
vn -0.1346 -0.9893 -0.0564
vn 0.3041 0.5558 -0.7737
vn 0.3577 0.6920 -0.6271
vn 0.0510 -0.4674 -0.8826
vn -0.0927 -0.9571 -0.2747
vn -0.0517 -0.8943 -0.4444
vn -0.0453 -0.8193 -0.5716
vn 0.0856 -0.6083 -0.7890
vn 0.2819 -0.1796 -0.9425
vn 0.3607 0.2138 -0.9079
vn -0.0786 -0.9951 -0.0605
vn -0.0708 -0.9812 -0.1796
vn 0.0498 -0.7909 -0.6099
vn 0.2999 -0.1913 -0.9346
vn 0.3883 0.3868 -0.8364
vn 0.3845 0.9218 -0.0504
vn 0.3840 0.9066 -0.1750
vn 0.4187 0.8460 -0.3301
vn 0.4192 0.5457 -0.7256
vn 0.4350 0.7254 -0.5334
vn 0.2376 -0.5458 -0.8035
vn 0.4522 0.8891 -0.0706
vn 0.0027 -0.9390 -0.3440
vn 0.1193 -0.8566 -0.5020
vn 0.3983 -0.1598 -0.9032
vn 0.4456 0.2370 -0.8633
vn 0.5152 0.8209 -0.2464
vn 0.5306 0.5724 -0.6251
vn 0.5410 0.7255 -0.4254
vn 0.2323 -0.6462 -0.7269
vn 0.4451 -0.1719 -0.8788
vn 0.5084 0.4062 -0.7593
vn 0.0752 -0.9939 -0.0802
vn 0.0679 -0.9748 -0.2127
vn 0.1784 -0.9231 -0.3407
vn 0.3504 -0.6168 -0.7049
vn 0.5409 -0.2001 -0.8169
vn 0.5886 0.2494 -0.7690
vn 0.2571 -0.9594 -0.1162
vn 0.7284 0.6625 -0.1748
vn 0.6275 0.7753 -0.0713
vn 0.6630 0.6401 -0.3882
vn 0.3341 -0.7429 -0.5801
vn 0.5989 -0.2086 -0.7731
vn 0.6655 0.4159 -0.6197
vn 0.4015 -0.8101 -0.4272
vn 0.7237 -0.2645 -0.6374
vn 0.7946 0.3710 -0.4807
vn 0.4276 -0.6800 -0.5956
vn 0.6498 -0.2362 -0.7225
vn 0.7157 0.2509 -0.6517
vn 0.5963 -0.7954 -0.1087
vn 0.9506 -0.2934 -0.1012
vn 0.9419 0.3151 -0.1164
vn 0.5650 -0.7315 -0.3817
vn 0.8355 -0.2853 -0.4696
vn 0.8827 0.2365 -0.4061
vn 0.7199 0.0564 0.6918
vn 0.6882 0.1766 0.7037
vn 0.5915 -0.3797 0.7114
vn 0.4840 -0.6357 0.6013
vn 0.6970 0.2629 0.6671
vn 0.5270 -0.5360 0.6595
vn 0.7732 0.2689 0.5743
vn 0.5813 -0.5667 0.5839
vn 0.7788 0.2873 0.5576
vn 0.8228 0.2878 0.4900
vn 0.4967 -0.6115 0.6160
vn 0.5500 0.3202 0.7713
vn 0.1929 -0.4448 0.8746
vn 0.0865 0.3946 0.9148
vn -0.1471 -0.3241 0.9345
vn -0.2736 0.3956 0.8767
vn -0.3262 0.4443 0.8344
vn -0.5219 -0.2234 0.8232
vn -0.4050 0.4285 0.8077
vn -0.5376 0.3971 0.7438
vn -0.6010 -0.2717 0.7516
vn -0.6523 -0.0628 0.7554
vn -0.7866 0.1099 0.6076
vn 0.7895 0.2731 -0.5496
vn 0.5739 -0.6329 -0.5198
vn 0.5147 0.3178 -0.7963
vn 0.5366 -0.6281 -0.5635
vn -0.0358 -0.0949 -0.9948
vn 0.0228 0.4174 -0.9084
vn 0.6896 0.1650 -0.7051
vn 0.6430 -0.1473 -0.7516
vn 0.7167 0.0502 -0.6956
vn 0.5057 -0.5175 -0.6903
vn 0.4370 -0.6980 -0.5673
vn 0.6450 -0.4568 -0.6126
vn 0.7129 0.2564 -0.6528
vn 0.5325 -0.5333 -0.6573
vn 0.5565 -0.5493 -0.6234
vn 0.5912 -0.6030 -0.5356
vn -0.3104 0.3901 -0.8669
vn -0.3321 0.4594 -0.8238
vn -0.3784 0.4479 -0.8101
vn -0.5205 -0.2235 -0.8241
vn -0.3846 0.5171 -0.7647
vn -0.5900 -0.2468 -0.7688
vn -0.6368 -0.0490 -0.7694
vn -0.5404 0.3805 -0.7505
vn -0.2450 -0.4865 -0.8386
vn 0.2086 -0.7084 -0.6743
vn 0.5057 0.5223 -0.6866
vn 0.4797 -0.8391 -0.2564
vn 0.4700 -0.8374 0.2789
vn 0.9530 0.3013 0.0304
vn 0.1952 -0.6972 0.6898
vn -0.2389 -0.4910 0.8378
vn -0.6911 -0.2690 0.6708
vn 0.2796 0.6635 0.6939
vn -0.9576 -0.1356 0.2541
vn -0.9556 -0.1414 -0.2584
vn -0.6830 -0.2717 -0.6780
vn -0.2728 0.9363 -0.2211
vn -0.2476 -0.4822 -0.8403
vn 0.1913 -0.7009 -0.6871
vn 0.4817 -0.8430 -0.2395
vn 0.8368 0.3319 -0.4353
vn 0.4774 -0.8350 0.2738
vn 0.2036 -0.7068 0.6775
vn -0.2367 -0.4894 0.8393
vn 0.6670 0.4888 0.5622
vn -0.6767 -0.2759 0.6826
vn -0.9601 -0.1395 0.2424
vn -0.2438 0.8742 0.4199
vn -0.9524 -0.1384 -0.2717
vn -0.0285 0.8382 -0.5447
vn -0.6819 -0.2746 -0.6779
vn -0.2306 -0.4910 -0.8401
vn 0.2156 -0.7116 -0.6687
vn 0.5330 0.5266 -0.6623
vn 0.4850 -0.8384 -0.2487
vn 0.8962 0.3931 0.2055
vn 0.4783 -0.8391 0.2592
vn 0.2157 -0.7071 0.6734
vn -0.2245 -0.4969 0.8383
vn -0.6796 -0.2725 0.6811
vn 0.1252 0.7116 0.6913
vn -0.9540 -0.1400 0.2650
vn -0.9581 -0.1362 -0.2520
vn -0.3101 0.9505 0.0196
vn -0.6819 -0.2744 -0.6780
vn -0.0708 0.8135 -0.5773
vn -0.2524 -0.4856 -0.8370
vn 0.2873 0.6195 -0.7306
vn 0.2119 -0.7068 -0.6749
vn 0.4801 -0.8393 -0.2551
vn 0.8299 0.3970 -0.3920
vn 0.4793 -0.8379 0.2610
vn 0.2067 -0.7050 0.6784
vn 0.8220 0.3963 0.4089
vn -0.2345 -0.4908 0.8391
vn -0.6864 -0.2700 0.6753
vn 0.1054 0.7228 0.6830
vn -0.9564 -0.1372 0.2579
vn -0.9555 -0.1401 -0.2596
vn -0.6963 -0.2611 -0.6686
vn -0.2454 0.9531 -0.1769
vn -0.2314 -0.4915 -0.8396
vn 0.1205 0.7246 -0.6785
vn 0.2089 -0.7048 -0.6780
vn 0.4788 -0.8389 -0.2588
vn 0.4886 -0.8385 0.2412
vn 0.8849 0.4061 -0.2280
vn 0.2127 -0.7116 0.6696
vn 0.6945 0.4211 0.5833
vn -0.2445 -0.4837 0.8404
vn -0.6859 -0.2701 0.6757
vn 0.1043 0.7491 0.6542
vn -0.9567 -0.1367 0.2570
vn -0.9546 -0.1389 -0.2634
vn -0.3227 0.9465 -0.0089
vn -0.6805 -0.2716 -0.6805
vn -0.2338 -0.4905 -0.8395
vn 0.1099 0.7246 -0.6804
vn 0.2072 -0.7045 -0.6788
vn 0.4806 -0.8389 -0.2554
vn 0.8284 0.3835 -0.4083
vn 0.4799 -0.8376 0.2610
vn 0.2062 -0.7042 0.6794
vn 0.8206 0.3960 0.4120
vn -0.2352 -0.4897 0.8396
vn -0.6841 -0.2707 0.6773
vn 0.1099 0.7275 0.6773
vn -0.9560 -0.1374 0.2593
vn -0.9560 -0.1374 -0.2593
vn -0.3173 0.9483 0.0001
vn -0.6841 -0.2707 -0.6773
vn -0.2274 -0.4944 -0.8390
vn -0.0228 0.8115 -0.5839
vn 0.2112 -0.7051 -0.6769
vn 0.4774 -0.8395 -0.2595
vn 0.4803 -0.8384 0.2578
vn 0.9095 0.3607 -0.2065
vn 0.2096 -0.7075 0.6749
vn -0.2443 -0.4867 0.8387
vn 0.5020 0.5251 0.6873
vn -0.6838 -0.2709 0.6775
vn -0.9610 -0.1386 0.2394
vn -0.2397 0.8840 0.4013
vn -0.9517 -0.1373 -0.2748
vn -0.6823 -0.2739 -0.6779
vn -0.2386 -0.4903 -0.8383
vn 0.1971 -0.6976 -0.6888
vn 0.2818 0.6617 -0.6948
vn 0.4715 -0.8371 -0.2773
vn 0.4775 -0.8385 0.2626
vn 0.9566 0.2909 -0.0178
vn 0.2050 -0.7047 0.6792
vn -0.2458 -0.4856 0.8389
vn 0.4969 0.5359 0.6826
vn -0.6842 -0.2703 0.6774
vn -0.2701 0.9378 0.2181
vn -0.9557 -0.1405 0.2586
vn -0.9576 -0.1350 -0.2543
vn -0.6907 -0.2684 -0.6715
vn -0.2402 -0.4882 -0.8390
vn -0.0226 0.8262 -0.5629
vn 0.1987 -0.7035 -0.6824
vn 0.4814 -0.8436 -0.2377
vn 0.8423 0.3396 -0.4186
vn 0.4765 -0.8349 0.2756
vn 0.2032 -0.7072 0.6771
vn -0.2368 -0.4898 0.8390
vn 0.6650 0.4920 0.5619
vn -0.6766 -0.2765 0.6824
vn -0.9612 -0.1400 0.2377
vn -0.2508 0.8732 0.4179
vn -0.9512 -0.1385 -0.2756
vn -0.6824 -0.2753 -0.6771
vn -0.2224 -0.4940 -0.8405
vn 0.2024 -0.7068 -0.6778
vn 0.4811 -0.8413 -0.2464
vn 0.7111 0.4526 -0.5380
vn 0.4789 -0.8368 0.2654
vn 0.6764 0.4722 0.5653
vn -0.9574 -0.1403 0.2525
vn -0.2235 0.8782 0.4229
vn -0.9548 -0.1400 -0.2622
vn -0.6660 -0.2840 -0.6898
vn -0.2093 0.8675 -0.4513
vn -0.2493 -0.4832 -0.8392
vn -0.0545 0.8330 -0.5506
vn 0.1883 -0.7018 -0.6871
vn 0.4773 -0.8416 -0.2528
vn 0.8240 0.3549 -0.4417
vn 0.4764 -0.8397 0.2606
vn 0.1837 -0.7002 0.6899
vn 0.8138 0.3652 0.4520
vn -0.2540 -0.4800 0.8397
vn -0.6817 -0.2774 0.6770
vn -0.9582 -0.1405 0.2493
vn -0.0755 0.8398 0.5376
vn -0.9550 -0.1397 -0.2617
vn -0.6821 -0.2769 -0.6768
vn -0.2409 -0.4925 -0.8363
vn 0.2009 -0.7047 -0.6804
vn 0.3365 0.6504 -0.6810
vn 0.4733 -0.8393 -0.2676
vn 0.4732 -0.8393 0.2676
vn 0.9546 0.2979 0.0006
vn 0.2009 -0.7047 0.6804
vn 0.3357 0.6487 0.6829
vn -0.2409 -0.4925 0.8363
vn -0.6698 -0.2772 0.6889
vn -0.9487 -0.1477 0.2796
vn -0.9487 -0.1477 -0.2796
vn -0.3858 0.9226 0.0005
vn -0.6698 -0.2772 -0.6888
vn -0.2587 -0.4894 -0.8328
vn 0.2827 0.6188 -0.7329
vn 0.2100 -0.7111 -0.6710
vn 0.4754 -0.8427 -0.2527
vn 0.8332 0.3892 -0.3927
vn 0.4745 -0.8409 0.2603
vn 0.2032 -0.7086 0.6757
vn 0.8234 0.3904 0.4117
vn -0.2354 -0.4960 0.8358
vn -0.6884 -0.2744 0.6714
vn 0.1026 0.7196 0.6868
vn -0.9559 -0.1426 0.2568
vn -0.9548 -0.1465 -0.2587
vn -0.7009 -0.2633 -0.6629
vn -0.2580 0.9500 -0.1760
vn -0.2416 -0.4909 -0.8370
vn -0.0266 0.8221 -0.5688
vn 0.1951 -0.7053 -0.6815
vn 0.4788 -0.8464 -0.2333
vn 0.8437 0.3369 -0.4178
vn 0.4731 -0.8362 0.2775
vn 0.2004 -0.7099 0.6751
vn -0.2381 -0.4926 0.8370
vn 0.6642 0.4872 0.5670
vn -0.6759 -0.2805 0.6815
vn -0.9617 -0.1438 0.2333
vn -0.2540 0.8728 0.4168
vn -0.9502 -0.1420 -0.2775
vn -0.6828 -0.2791 -0.6751
vt 0.000000 0.000000
vt 0.783557 0.641468
vt 0.784432 0.858406
vt 0.812464 0.853587
vt 0.812480 0.646407
vt 0.560709 0.863526
vt 0.595503 0.865609
vt 0.594714 0.634436
vt 0.559886 0.636487
vt 0.971010 0.824352
vt 0.996784 0.830565
vt 0.993855 0.670144
vt 0.971019 0.675657
vt 0.999980 0.703919
vt 0.953117 0.706016
vt 0.947178 0.794013
vt 1.000000 0.796137
vt 0.910814 0.706699
vt 0.854079 0.706109
vt 0.891028 0.793206
vt 0.561064 0.811438
vt 0.543283 0.687465
vt 0.529069 0.813499
vt 0.312512 0.815629
vt 0.359828 0.816409
vt 0.329686 0.683994
vt 0.839469 1.000000
vt 0.800000 0.500000
vt 0.900000 0.500000
vt 0.586779 1.000000
vt 0.600000 0.500000
vt 0.700000 0.500000
vt 0.500000 0.500000
vt 0.339471 1.000000
vt 0.300000 0.500000
vt 0.400000 0.500000
vt 0.086849 1.000000
vt 0.100000 0.500000
vt 0.200000 0.500000
vt -0.000000 0.500000
vt 0.839471 1.000000
vt 0.586846 1.000000
vt 0.339476 1.000000
vt 0.086857 1.000000
vt 0.850000 1.000000
vt 0.639470 1.000000
vt 0.450000 1.000000
vt 0.250000 1.000000
vt 0.049999 1.000000
vt 0.886825 1.000000
vt 1.000000 0.500000
vt 0.639473 1.000000
vt 0.386843 1.000000
vt 0.139471 1.000000
vt 0.839472 1.000000
vt 0.586842 1.000000
vt 0.339473 1.000000
vt 0.081891 1.000000
vt 0.839470 1.000000
vt 0.649999 1.000000
vt 0.460527 1.000000
vt 0.213153 1.000000
vt 0.813163 1.000000
vt 0.513139 1.000000
vt 0.250000 1.000000
vt 0.049999 1.000000
vt 0.886853 1.000000
vt 0.639470 1.000000
vt 0.386836 1.000000
vt 0.139472 1.000000
vt 0.797913 1.000000
vt 0.439475 1.000000
vt 0.239468 1.000000
vt 0.450405 0.312020
vt 0.194310 0.471905
vt 0.021746 0.265622
vt 0.164619 0.037742
vt 0.391068 0.055836
vt 0.039477 1.000000
vt 0.949999 1.000000
vt 0.760529 1.000000
vt 0.439476 1.000000
vt 0.249999 1.000000
vt 0.042110 1.000000
vt 0.950000 1.000000
vt 0.686851 1.000000
vt 0.386836 1.000000
vt 0.150001 1.000000
vt 0.950000 1.000000
vt 0.739473 1.000000
vt 0.481899 1.000000
vt 0.197902 1.000000
vt 0.939476 1.000000
vt 0.739470 1.000000
vt 0.497885 1.000000
vt 0.139470 1.000000
vt 0.660531 1.000000
vt 0.460523 1.000000
vt 0.086851 1.000000
vt 0.839470 1.000000
vt 0.639472 1.000000
vt 0.439471 1.000000
vt 0.239469 1.000000
vt 0.039475 1.000000
vt 0.950001 1.000000
vt 0.713141 1.000000
vt 0.450000 1.000000
vt 0.239470 1.000000
vt 0.031949 1.000000
vt 0.786841 1.000000
vt 0.486855 1.000000
vt 0.239467 1.000000
vt 0.039470 1.000000
vt 0.860529 1.000000
vt 0.613150 1.000000
vt 0.050000 1.000000
vt 0.677411 0.827800
vt 0.687594 0.671647
vt 0.651214 0.673813
vt 0.628183 0.824258
vt 0.615746 0.676933
vt 0.585537 0.681417
vt 0.609322 0.822337
vt 0.003742 0.687372
vt 0.000000 0.812873
vt 0.025390 0.819549
vt 0.031862 0.677760
vt 0.939471 1.000000
vt 0.739473 1.000000
vt 0.486856 1.000000
vt 0.186843 1.000000
vt 0.849999 1.000000
vt 0.586851 1.000000
vt 0.339473 1.000000
vt 0.097899 1.000000
vt 0.939473 1.000000
vt 0.697895 1.000000
vt 0.460529 1.000000
vt 0.260529 1.000000
vt 0.839473 1.000000
vt 0.650000 1.000000
vt 0.460527 1.000000
vt 0.213158 1.000000
vt -0.000000 1.000000
vt 0.813164 1.000000
vt 0.439474 1.000000
vt 0.239471 1.000000
vt 0.050000 1.000000
vt 0.839473 1.000000
vt 0.650000 1.000000
vt 0.450000 1.000000
vt 0.050000 1.000000
vt 0.786846 1.000000
vt 0.539474 1.000000
vt 0.339477 1.000000
vt 0.086859 1.000000
vt 0.949999 1.000000
vt 0.750000 1.000000
vt 0.550001 1.000000
vt 0.313148 1.000000
vt 0.042105 1.000000
vt 0.839472 1.000000
vt 0.586850 1.000000
vt 0.339476 1.000000
vt 0.086860 1.000000
vt 0.886854 1.000000
vt 0.586851 1.000000
vt 0.339476 1.000000
vt 0.139469 1.000000
vt 0.850000 1.000000
vt 0.639472 1.000000
vt 0.381956 1.000000
vt 0.097882 1.000000
vt 0.957892 1.000000
vt 0.513144 1.000000
vt 0.050000 1.000000
vt 0.839470 1.000000
vt 0.650000 1.000000
vt 0.460531 1.000000
vt 0.213155 1.000000
vt 0.586850 1.000000
vt 0.339475 1.000000
vt 0.086861 1.000000
vt 0.970196 0.635265
vt 0.968801 0.864790
vt 0.998957 0.866417
vt 0.999877 0.633665
vt 0.939822 0.640641
vt 0.940828 0.859648
vt 0.915551 0.646705
vt 0.917954 0.853717
vt 0.875930 0.653504
vt 0.850318 0.652568
vt 0.847620 0.847736
vt 0.875863 0.846488
vt 0.895307 0.651186
vt 0.895527 0.848863
vt 0.833948 0.849648
vt 0.749492 0.637176
vt 0.749625 0.862797
vt 0.718486 0.634239
vt 0.717638 0.865824
vt 0.685926 0.632491
vt 0.685336 0.867540
vt 0.654771 0.632119
vt 0.655024 0.867875
vt 0.624998 0.632917
vt 0.624997 0.867083
vt 0.526947 0.862337
vt 0.527473 0.637591
vt 0.490392 0.863831
vt 0.487092 0.635865
vt 0.468463 0.866999
vt 0.467955 0.632605
vt 0.439450 0.626236
vt 0.441218 0.873241
vt 0.406291 0.618441
vt 0.406272 0.881559
vt 0.425265 0.877361
vt 0.379146 0.613191
vt 0.378157 0.886968
vt 0.346378 0.608300
vt 0.345503 0.891798
vt 0.313066 0.605278
vt 0.313409 0.894700
vt 0.282209 0.604249
vt 0.282131 0.895758
vt 0.250471 0.605020
vt 0.250666 0.895011
vt 0.221678 0.607196
vt 0.221277 0.892767
vt 0.191524 0.611037
vt 0.189795 0.888700
vt 0.156587 0.617846
vt 0.156255 0.882160
vt 0.124934 0.624998
vt 0.122681 0.874572
vt 0.096086 0.629968
vt 0.093096 0.869843
vt 0.061032 0.866674
vt 0.061140 0.633502
vt 0.031893 0.633965
vt 0.033324 0.866681
vt 0.079246 0.867043
vt 0.074668 0.633195
vt 0.004525 0.633777
vt 0.000000 0.866497
vt 0.018216 0.866168
vt 0.908082 0.826957
vt 0.937749 0.824260
vt 0.937119 0.675613
vt 0.906977 0.672955
vt 0.955876 0.823369
vt 0.955847 0.676639
vt 0.873134 0.670157
vt 0.873257 0.829829
vt 0.843750 0.831977
vt 0.843750 0.668023
vt 0.812806 0.666008
vt 0.812705 0.833993
vt 0.781343 0.664374
vt 0.781379 0.835627
vt 0.750025 0.663304
vt 0.750014 0.836696
vt 0.718434 0.662701
vt 0.718241 0.837309
vt 0.687470 0.837628
vt 0.687461 0.662371
vt 0.656210 0.837662
vt 0.656163 0.662339
vt 0.624837 0.662947
vt 0.624754 0.837060
vt 0.593531 0.836084
vt 0.592590 0.663944
vt 0.565370 0.665624
vt 0.563544 0.834225
vt 0.531518 0.668677
vt 0.531360 0.831345
vt 0.492616 0.828315
vt 0.501181 0.671117
vt 0.483843 0.672107
vt 0.465285 0.671589
vt 0.463119 0.828583
vt 0.435285 0.833495
vt 0.444335 0.668652
vt 0.431334 0.665390
vt 0.404216 0.658160
vt 0.403175 0.842111
vt 0.375298 0.651521
vt 0.377048 0.848105
vt 0.343710 0.645922
vt 0.343081 0.854169
vt 0.313090 0.641791
vt 0.312904 0.858207
vt 0.281628 0.861180
vt 0.281434 0.638803
vt 0.249937 0.863174
vt 0.249864 0.636799
vt 0.218748 0.635725
vt 0.218744 0.864270
vt 0.187769 0.635684
vt 0.187692 0.864298
vt 0.156380 0.863090
vt 0.156389 0.636897
vt 0.126597 0.639207
vt 0.125988 0.860735
vt 0.092756 0.643246
vt 0.092697 0.856746
vt 0.056875 0.848978
vt 0.051189 0.652398
vt 0.031123 0.841782
vt 0.028883 0.658934
vt 0.001368 0.832000
vt 0.000000 0.668342
vt 0.812486 0.704826
vt 0.764041 0.702160
vt 0.764705 0.797858
vt 0.822219 0.794918
vt 0.705417 0.698093
vt 0.706548 0.801926
vt 0.655364 0.694448
vt 0.654187 0.805613
vt 0.609903 0.691717
vt 0.610687 0.808278
vt 0.483449 0.684862
vt 0.482759 0.815178
vt 0.437500 0.683889
vt 0.420509 0.816317
vt 0.270172 0.814174
vt 0.272664 0.685703
vt 0.390841 0.683529
vt 0.209180 0.689200
vt 0.202399 0.810346
vt 0.149425 0.693366
vt 0.144592 0.806267
vt 0.082673 0.698263
vt 0.077818 0.801379
vt 0.011169 0.703241
vt 0.007755 0.796597
vt 1.000000 1.000000
vt 0.056159 0.128471
vt 0.359184 0.067991
vt 0.443842 0.371527
vt 0.143082 0.428721
vt 0.608932 0.444164
vt 0.750000 0.490000
vt 0.891068 0.444164
vt 0.978254 0.324164
vt 0.978254 0.175836
vt 0.891068 0.055836
vt 0.750000 0.010000
vt 0.608932 0.055836
vt 0.521746 0.175836
vt 0.521746 0.324164
vt 0.356914 0.071276
vt 0.443841 0.371529
vt 0.143072 0.428716
vt 0.056164 0.128464
vt 0.179467 0.467082
vt 0.021746 0.250000
vt 0.179466 0.032918
vt 0.425480 0.103200
vt 0.434661 0.384164
vt 0.978254 0.175836
vt 0.750000 0.010000
vt 0.521746 0.175836
vt 0.521746 0.324164
vt 0.978254 0.324164
vt 0.113058 0.093094
vt 0.425483 0.103203
vt 0.389314 0.410128
vt 0.074518 0.396798
vt 0.356909 0.071273
vt 0.443840 0.371530
vt 0.148715 0.432869
vt 0.056161 0.128468
vt 0.608932 0.055836
vt 0.608932 0.444164
vt 0.891068 0.444164
vt 0.891068 0.055836
vt 0.434661 0.115835
vt 0.443842 0.371528
vt 0.250000 0.490000
vt 0.046986 0.296453
vt 0.194316 0.028093
vt 0.179467 0.467082
vt 0.021746 0.250001
vt 0.268535 0.042565
vt 0.441541 0.331760
vt 0.978254 0.175836
vt 0.521746 0.175836
vt 0.074518 0.396798
vt 0.113052 0.093100
vt 0.425481 0.103200
vt 0.386930 0.406917
vt 0.600000 1.000000
vt 0.978254 0.175836
vt 0.521746 0.175836
vt 0.021746 0.250001
vt 0.164620 0.037742
vt 0.478254 0.265618
vt 0.231430 0.457431
vt 0.441549 0.168258
vt 0.320534 0.467082
vt 0.065338 0.384163
vt 0.113051 0.093099
vt 0.051418 0.317635
vt 0.224465 0.042524
vt 0.478254 0.234385
vt 0.320534 0.467082
vt 0.300000 1.000000
vt 0.247016 0.040234
vt 0.478254 0.234381
vt 0.335381 0.462258
vt 0.074519 0.396800
vt 0.021746 0.175836
vt 0.443843 0.128473
vt 0.434661 0.384164
vt 0.143080 0.428721
vt 0.194311 0.028095
vt 0.443841 0.371529
vt 0.194313 0.471906
vt 0.021746 0.265620
vt 0.164612 0.037744
vt 0.425482 0.103203
vt 0.021746 0.265619
vt 0.179465 0.032918
vt 0.453011 0.203530
vt 0.252929 0.459760
vt 0.194320 0.471908
vt 0.021746 0.265623
vt 0.231456 0.042566
vt 0.453016 0.296445
vt 0.400000 1.000000
vt 0.179466 0.467082
vt 0.108932 0.055836
vt 0.386934 0.093086
vt 0.425481 0.396799
vt 0.898568 0.678780
vt 0.899472 0.821109
vt 0.947980 0.813368
vt 0.950591 0.686169
vt 0.978317 0.688529
vt 0.975640 0.811562
vt 0.996977 0.812276
vt 0.998247 0.687766
vt 0.851563 0.673990
vt 0.850734 0.826110
vt 0.812493 0.671842
vt 0.812570 0.828075
vt 0.775625 0.670406
vt 0.778307 0.829480
vt 0.750000 0.670176
vt 0.750000 0.829808
vt 0.718750 0.670738
vt 0.718742 0.829255
vt 0.555538 0.814371
vt 0.560602 0.684819
vt 0.524307 0.689323
vt 0.521816 0.810679
vt 0.497905 0.687767
vt 0.496046 0.812425
vt 0.463305 0.675292
vt 0.467036 0.822215
vt 0.434289 0.661420
vt 0.443057 0.834087
vt 0.393992 0.646553
vt 0.404565 0.849621
vt 0.422836 0.843233
vt 0.390553 0.854548
vt 0.376056 0.642051
vt 0.371725 0.858781
vt 0.343398 0.636165
vt 0.343327 0.863841
vt 0.310824 0.631971
vt 0.310679 0.868063
vt 0.281250 0.630681
vt 0.281245 0.869230
vt 0.249131 0.630114
vt 0.248467 0.869851
vt 0.218750 0.630683
vt 0.218750 0.869377
vt 0.189450 0.632103
vt 0.188274 0.867810
vt 0.157285 0.636430
vt 0.157681 0.863635
vt 0.125580 0.858499
vt 0.126298 0.641327
vt 0.098783 0.648778
vt 0.094476 0.849763
vt 0.077985 0.656202
vt 0.066584 0.661295
vt 0.072038 0.841301
vt 0.040888 0.826686
vt 0.048149 0.670272
vt 0.335387 0.462256
vt 0.058455 0.331752
vt 0.231459 0.042565
vt 0.478254 0.234386
vt 0.434662 0.384163
vt 0.129102 0.421445
vt 0.056161 0.128468
vt 0.356920 0.071280
vt 0.021746 0.234382
vt 0.194319 0.028092
vt 0.448581 0.182356
vt 0.335384 0.462257
vt 0.108932 0.444164
vt 0.100000 1.000000
vt 0.521746 0.175836
vt 0.521746 0.324164
vt 0.978254 0.324164
vt 0.978254 0.175836
vt 0.046984 0.296447
vt 0.194316 0.028093
vt 0.434661 0.115836
vt 0.443839 0.371531
vt 0.179466 0.467082
vt 0.021746 0.265618
vt 0.164616 0.037743
vt 0.441541 0.331761
vt 0.179466 0.467082
vt 0.179466 0.032918
vt 0.434661 0.115836
vt 0.443839 0.371532
vt 0.305685 0.028093
vt 0.453015 0.296452
vt 0.143070 0.428715
vt 0.056164 0.128464
vt 0.231439 0.457432
vt 0.058450 0.168259
vt 0.320535 0.032918
vt 0.478254 0.249999
vt 0.056164 0.128464
vt 0.356919 0.071279
vt 0.443840 0.371531
vt 0.143069 0.428714
vt 0.386930 0.406918
vt 0.074520 0.396801
vt 0.056164 0.128465
vt 0.356919 0.071280
vt 0.425482 0.103202
vt 0.434661 0.384165
vt 0.129120 0.421460
vt 0.107460 0.097115
vt 0.268543 0.042565
vt 0.478254 0.249999
vt 0.268567 0.457432
vt 0.046985 0.296451
vt 0.194322 0.028091
vt 0.434661 0.115835
vt 0.443842 0.371528
vt 0.356919 0.071279
vt 0.143067 0.428713
vt 0.056163 0.128466
s 1
f 4/1/4 3/1/3 1/1/1
f 6/1/6 5/1/5 2/1/2
f 10/1/10 3/1/3 9/1/9
f 11/1/11 8/1/8 9/1/9
f 13/1/13 12/1/12 14/1/14
f 17/1/17 7/1/7 16/1/16
f 19/1/19 8/1/8 11/1/11
f 18/1/18 8/1/8 26/1/26
f 37/1/37 24/1/24 26/1/26
f 36/1/36 43/1/43 44/1/44
f 38/1/38 43/1/43 36/1/36
f 42/1/42 48/1/48 41/1/41
f 44/1/44 43/1/43 49/1/49
f 38/1/38 45/1/45 50/1/50
f 53/1/53 58/1/58 50/1/50
f 65/1/65 64/1/64 63/1/63
f 32/1/32 41/1/41 29/1/29
f 67/1/67 32/1/32 33/1/33
f 69/1/69 42/1/42 67/1/67
f 78/1/78 74/1/74 826/1/826
f 78/1/78 77/1/77 74/1/74
f 83/1/83 81/1/81 77/1/77
f 86/1/86 82/1/82 81/1/81
f 87/1/87 83/1/83 78/1/78
f 89/1/89 84/1/84 85/1/85
f 90/1/90 88/1/88 82/1/82
f 86/1/86 90/1/90 82/1/82
f 92/1/92 90/1/90 86/1/86
f 83/1/83 92/1/92 86/1/86
f 94/1/94 93/1/93 83/1/83
f 94/1/94 83/1/83 87/1/87
f 111/1/111 95/1/95 110/1/110
f 96/1/96 109/1/109 112/1/112
f 96/1/96 112/1/112 100/1/100
f 120/1/120 108/1/108 119/1/119
f 109/1/109 121/1/121 122/1/122
f 10/1/10 7/1/7 119/1/119
f 114/1/114 113/1/113 124/1/124
f 115/1/115 114/1/114 127/1/127
f 15/1/15 6/1/6 116/1/116
f 118/1/118 128/1/128 117/1/117
f 120/1/120 119/1/119 133/1/133
f 121/1/121 120/1/120 131/1/131
f 138/1/138 137/1/137 139/1/139
f 144/1/144 130/1/130 143/1/143
f 143/1/143 130/1/130 133/1/133
f 136/1/136 148/1/148 149/1/149
f 137/1/137 136/1/136 149/1/149
f 139/1/139 150/1/150 138/1/138
f 139/1/139 137/1/137 149/1/149
f 153/1/153 156/1/156 157/1/157
f 158/1/158 163/1/163 155/1/155
f 158/1/158 162/1/162 163/1/163
f 159/1/159 165/1/165 166/1/166
f 168/1/168 160/1/160 167/1/167
f 161/1/161 160/1/160 168/1/168
f 162/1/162 161/1/161 169/1/169
f 164/1/164 169/1/169 170/1/170
f 164/1/164 163/1/163 169/1/169
f 166/1/166 165/1/165 142/1/142
f 166/1/166 171/1/171 167/1/167
f 163/1/163 164/1/164 172/1/172
f 170/1/170 176/1/176 174/1/174
f 178/1/178 177/1/177 175/1/175
f 187/1/187 185/1/185 186/1/186
f 188/1/188 185/1/185 187/1/187
f 30/1/30 15/1/15 189/1/189
f 183/1/183 191/1/191 182/1/182
f 184/1/184 193/1/193 192/1/192
f 203/1/203 191/1/191 198/1/198
f 192/1/192 204/1/204 200/1/200
f 192/1/192 193/1/193 204/1/204
f 194/1/194 205/1/205 204/1/204
f 194/1/194 206/1/206 205/1/205
f 208/1/208 207/1/207 195/1/195
f 196/1/196 208/1/208 195/1/195
f 34/1/34 31/1/31 197/1/197
f 213/1/213 142/1/142 201/1/201
f 218/1/218 204/1/204 217/1/217
f 207/1/207 220/1/220 206/1/206
f 221/1/221 220/1/220 207/1/207
f 221/1/221 207/1/207 208/1/208
f 227/1/227 224/1/224 223/1/223
f 228/1/228 226/1/226 224/1/224
f 229/1/229 227/1/227 225/1/225
f 236/1/236 231/1/231 237/1/237
f 239/1/239 233/1/233 234/1/234
f 241/1/241 238/1/238 232/1/232
f 241/1/241 232/1/232 233/1/233
f 239/1/239 235/1/235 223/1/223
f 243/1/243 240/1/240 238/1/238
f 224/1/224 241/1/241 239/1/239
f 225/1/225 223/1/223 242/1/242
f 244/1/244 243/1/243 241/1/241
f 245/1/245 225/1/225 242/1/242
f 247/1/247 244/1/244 226/1/226
f 230/1/230 153/1/153 154/1/154
f 233/1/233 248/1/248 249/1/249
f 231/1/231 230/1/230 154/1/154
f 154/1/154 155/1/155 231/1/231
f 232/1/232 250/1/250 248/1/248
f 240/1/240 184/1/184 252/1/252
f 186/1/186 184/1/184 240/1/240
f 186/1/186 240/1/240 243/1/243
f 246/1/246 187/1/187 243/1/243
f 249/1/249 156/1/156 153/1/153
f 252/1/252 192/1/192 201/1/201
f 253/1/253 142/1/142 165/1/165
f 201/1/201 192/1/192 200/1/200
f 237/1/237 251/1/251 255/1/255
f 242/1/242 255/1/255 256/1/256
f 258/1/258 256/1/256 259/1/259
f 263/1/263 262/1/262 264/1/264
f 266/1/266 255/1/255 263/1/263
f 267/1/267 268/1/268 269/1/269
f 260/1/260 267/1/267 269/1/269
f 254/1/254 172/1/172 261/1/261
f 262/1/262 276/1/276 271/1/271
f 264/1/264 271/1/271 272/1/272
f 265/1/265 272/1/272 268/1/268
f 173/1/173 175/1/175 270/1/270
f 273/1/273 278/1/278 279/1/279
f 277/1/277 482/1/482 281/1/281
f 282/1/282 278/1/278 281/1/281
f 279/1/279 278/1/278 282/1/282
f 146/1/146 286/1/286 287/1/287
f 148/1/148 289/1/289 290/1/290
f 294/1/294 291/1/291 142/1/142
f 285/1/285 35/1/35 295/1/295
f 300/1/300 287/1/287 298/1/298
f 288/1/288 287/1/287 300/1/300
f 289/1/289 288/1/288 301/1/301
f 304/1/304 290/1/290 289/1/289
f 296/1/296 295/1/295 307/1/307
f 307/1/307 295/1/295 299/1/299
f 303/1/303 304/1/304 315/1/315
f 318/1/318 308/1/308 317/1/317
f 320/1/320 57/1/57 59/1/59
f 309/1/309 318/1/318 322/1/322
f 320/1/320 62/1/62 329/1/329
f 332/1/332 62/1/62 64/1/64
f 334/1/334 330/1/330 328/1/328
f 326/1/326 313/1/313 336/1/336
f 66/1/66 337/1/337 65/1/65
f 327/1/327 66/1/66 61/1/61
f 342/1/342 325/1/325 331/1/331
f 342/1/342 319/1/319 325/1/325
f 384/1/384 342/1/342 352/1/352
f 352/1/352 342/1/342 331/1/331
f 353/1/353 343/1/343 346/1/346
f 384/1/384 352/1/352 356/1/356
f 169/1/169 360/1/360 361/1/361
f 361/1/361 362/1/362 170/1/170
f 291/1/291 171/1/171 142/1/142
f 360/1/360 359/1/359 364/1/364
f 362/1/362 361/1/361 364/1/364
f 303/1/303 363/1/363 291/1/291
f 366/1/366 365/1/365 367/1/367
f 359/1/359 366/1/366 368/1/368
f 364/1/364 372/1/372 373/1/373
f 367/1/367 371/1/371 374/1/374
f 374/1/374 375/1/375 372/1/372
f 372/1/372 368/1/368 374/1/374
f 319/1/319 371/1/371 370/1/370
f 378/1/378 374/1/374 377/1/377
f 375/1/375 374/1/374 378/1/378
f 376/1/376 375/1/375 379/1/379
f 371/1/371 380/1/380 377/1/377
f 380/1/380 319/1/319 342/1/342
f 378/1/378 377/1/377 381/1/381
f 376/1/376 379/1/379 383/1/383
f 385/1/385 380/1/380 384/1/384
f 382/1/382 378/1/378 386/1/386
f 385/1/385 384/1/384 356/1/356
f 176/1/176 388/1/388 177/1/177
f 390/1/390 396/1/396 391/1/391
f 388/1/388 394/1/394 389/1/389
f 398/1/398 362/1/362 369/1/369
f 388/1/388 393/1/393 399/1/399
f 394/1/394 400/1/400 395/1/395
f 405/1/405 398/1/398 404/1/404
f 404/1/404 373/1/373 409/1/409
f 410/1/410 404/1/404 409/1/409
f 406/1/406 405/1/405 417/1/417
f 406/1/406 417/1/417 411/1/411
f 414/1/414 407/1/407 412/1/412
f 410/1/410 409/1/409 416/1/416
f 417/1/417 410/1/410 416/1/416
f 412/1/412 411/1/411 421/1/421
f 417/1/417 416/1/416 420/1/420
f 418/1/418 420/1/420 421/1/421
f 423/1/423 413/1/413 422/1/422
f 416/1/416 383/1/383 562/1/562
f 416/1/416 562/1/562 424/1/424
f 420/1/420 424/1/424 425/1/425
f 421/1/421 420/1/420 425/1/425
f 426/1/426 421/1/421 425/1/425
f 422/1/422 426/1/426 427/1/427
f 428/1/428 423/1/423 427/1/427
f 419/1/419 423/1/423 429/1/429
f 430/1/430 419/1/419 429/1/429
f 430/1/430 429/1/429 431/1/431
f 215/1/215 432/1/432 202/1/202
f 437/1/437 435/1/435 436/1/436
f 221/1/221 438/1/438 220/1/220
f 439/1/439 438/1/438 221/1/221
f 439/1/439 221/1/221 222/1/222
f 214/1/214 71/1/71 68/1/68
f 443/1/443 435/1/435 437/1/437
f 444/1/444 437/1/437 220/1/220
f 445/1/445 438/1/438 439/1/439
f 453/1/453 451/1/451 452/1/452
f 73/1/73 327/1/327 61/1/61
f 446/1/446 73/1/73 72/1/72
f 458/1/458 447/1/447 449/1/449
f 462/1/462 460/1/460 461/1/461
f 462/1/462 453/1/453 454/1/454
f 457/1/457 463/1/463 456/1/456
f 467/1/467 459/1/459 461/1/461
f 468/1/468 460/1/460 462/1/462
f 469/1/469 468/1/468 455/1/455
f 471/1/471 465/1/465 467/1/467
f 460/1/460 466/1/466 467/1/467
f 470/1/470 474/1/474 355/1/355
f 355/1/355 351/1/351 470/1/470
f 476/1/476 466/1/466 472/1/472
f 477/1/477 472/1/472 473/1/473
f 478/1/478 474/1/474 475/1/475
f 476/1/476 472/1/472 481/1/481
f 481/1/481 472/1/472 477/1/477
f 483/1/483 391/1/391 397/1/397
f 284/1/284 487/1/487 488/1/488
f 491/1/491 487/1/487 490/1/490
f 492/1/492 484/1/484 485/1/485
f 492/1/492 495/1/495 489/1/489
f 490/1/490 489/1/489 497/1/497
f 491/1/491 493/1/493 494/1/494
f 495/1/495 485/1/485 408/1/408
f 497/1/497 489/1/489 496/1/496
f 499/1/499 408/1/408 415/1/415
f 501/1/501 497/1/497 500/1/500
f 498/1/498 493/1/493 502/1/502
f 502/1/502 501/1/501 505/1/505
f 503/1/503 419/1/419 430/1/430
f 508/1/508 504/1/504 507/1/507
f 507/1/507 431/1/431 665/1/665
f 510/1/510 507/1/507 665/1/665
f 508/1/508 510/1/510 511/1/511
f 509/1/509 505/1/505 511/1/511
f 357/1/357 513/1/513 512/1/512
f 512/1/512 352/1/352 357/1/357
f 353/1/353 514/1/514 513/1/513
f 513/1/513 357/1/357 353/1/353
f 354/1/354 515/1/515 514/1/514
f 354/1/354 514/1/514 353/1/353
f 355/1/355 358/1/358 515/1/515
f 355/1/355 515/1/515 354/1/354
f 513/1/513 520/1/520 516/1/516
f 517/1/517 520/1/520 513/1/513
f 518/1/518 521/1/521 515/1/515
f 521/1/521 523/1/523 517/1/517
f 525/1/525 526/1/526 530/1/530
f 533/1/533 530/1/530 534/1/534
f 534/1/534 529/1/529 531/1/531
f 386/1/386 538/1/538 539/1/539
f 385/1/385 356/1/356 541/1/541
f 539/1/539 538/1/538 542/1/542
f 541/1/541 546/1/546 545/1/545
f 541/1/541 545/1/545 538/1/538
f 542/1/542 547/1/547 548/1/548
f 550/1/550 543/1/543 549/1/549
f 545/1/545 551/1/551 547/1/547
f 519/1/519 522/1/522 546/1/546
f 547/1/547 553/1/553 554/1/554
f 525/1/525 530/1/530 556/1/556
f 552/1/552 557/1/557 2860/1/2840
f 557/1/557 532/1/532 559/1/559
f 532/1/532 533/1/533 561/1/561
f 559/1/559 532/1/532 561/1/561
f 383/1/383 540/1/540 562/1/562
f 424/1/424 562/1/562 563/1/563
f 425/1/425 424/1/424 563/1/563
f 563/1/563 562/1/562 565/1/565
f 568/1/568 564/1/564 567/1/567
f 427/1/427 564/1/564 568/1/568
f 563/1/563 565/1/565 570/1/570
f 567/1/567 566/1/566 571/1/571
f 568/1/568 567/1/567 572/1/572
f 570/1/570 575/1/575 576/1/576
f 568/1/568 572/1/572 578/1/578
f 579/1/579 568/1/568 578/1/578
f 574/1/574 580/1/580 581/1/581
f 584/1/584 571/1/571 577/1/577
f 585/1/585 572/1/572 584/1/584
f 586/1/586 587/1/587 588/1/588
f 579/1/579 586/1/586 588/1/588
f 2861/1/2841 577/1/577 583/1/583
f 592/1/592 584/1/584 589/1/589
f 599/1/599 590/1/590 594/1/594
f 597/1/597 2862/1/2842 2863/1/2843
f 600/1/600 597/1/597 598/1/598
f 599/1/599 598/1/598 605/1/605
f 429/1/429 428/1/428 569/1/569
f 607/1/607 569/1/569 608/1/608
f 591/1/591 617/1/617 618/1/618
f 613/1/613 611/1/611 618/1/618
f 358/1/358 474/1/474 478/1/478
f 624/1/624 478/1/478 479/1/479
f 477/1/477 625/1/625 481/1/481
f 624/1/624 626/1/626 478/1/478
f 627/1/627 624/1/624 480/1/480
f 628/1/628 627/1/627 480/1/480
f 625/1/625 628/1/628 480/1/480
f 626/1/626 631/1/631 630/1/630
f 627/1/627 631/1/631 626/1/626
f 625/1/625 633/1/633 628/1/628
f 637/1/637 632/1/632 633/1/633
f 635/1/635 528/1/528 524/1/524
f 631/1/631 639/1/639 635/1/635
f 636/1/636 639/1/639 631/1/631
f 638/1/638 642/1/642 637/1/637
f 635/1/635 639/1/639 644/1/644
f 643/1/643 528/1/528 644/1/644
f 644/1/644 639/1/639 645/1/645
f 636/1/636 645/1/645 639/1/639
f 640/1/640 645/1/645 636/1/636
f 643/1/643 644/1/644 647/1/647
f 645/1/645 650/1/650 648/1/648
f 645/1/645 648/1/648 644/1/644
f 640/1/640 650/1/650 645/1/645
f 642/1/642 651/1/651 641/1/641
f 643/1/643 655/1/655 535/1/535
f 643/1/643 535/1/535 531/1/531
f 649/1/649 648/1/648 659/1/659
f 649/1/649 657/1/657 647/1/647
f 431/1/431 607/1/607 665/1/665
f 509/1/509 666/1/666 667/1/667
f 665/1/665 607/1/607 668/1/668
f 669/1/669 510/1/510 668/1/668
f 667/1/667 666/1/666 670/1/670
f 675/1/675 607/1/607 608/1/608
f 669/1/669 671/1/671 672/1/672
f 608/1/608 581/1/581 675/1/675
f 673/1/673 677/1/677 678/1/678
f 681/1/681 676/1/676 680/1/680
f 671/1/671 681/1/681 682/1/682
f 681/1/681 680/1/680 685/1/685
f 686/1/686 681/1/681 685/1/685
f 682/1/682 681/1/681 686/1/686
f 686/1/686 691/1/691 692/1/692
f 683/1/683 692/1/692 693/1/693
f 684/1/684 621/1/621 694/1/694
f 690/1/690 689/1/689 695/1/695
f 687/1/687 693/1/693 698/1/698
f 537/1/537 700/1/700 699/1/699
f 537/1/537 536/1/536 700/1/700
f 537/1/537 699/1/699 533/1/533
f 701/1/701 700/1/700 703/1/703
f 705/1/705 703/1/703 706/1/706
f 701/1/701 703/1/703 705/1/705
f 707/1/707 704/1/704 702/1/702
f 707/1/707 705/1/705 709/1/709
f 707/1/707 708/1/708 704/1/704
f 711/1/711 708/1/708 713/1/713
f 715/1/715 712/1/712 710/1/710
f 559/1/559 561/1/561 718/1/718
f 719/1/719 702/1/702 720/1/720
f 720/1/720 718/1/718 719/1/719
f 702/1/702 704/1/704 720/1/720
f 721/1/721 720/1/720 704/1/704
f 725/1/725 723/1/723 724/1/724
f 704/1/704 711/1/711 729/1/729
f 2869/1/2849 732/1/732 2870/1/2850
f 730/1/730 726/1/726 733/1/733
f 735/1/735 727/1/727 734/1/734
f 733/1/733 729/1/729 716/1/716
f 733/1/733 726/1/726 729/1/729
f 732/1/732 736/1/736 737/1/737
f 739/1/739 601/1/601 605/1/605
f 603/1/603 738/1/738 741/1/741
f 749/1/749 742/1/742 750/1/750
f 746/1/746 751/1/751 750/1/750
f 751/1/751 753/1/753 754/1/754
f 754/1/754 762/1/762 750/1/750
f 768/1/768 760/1/760 762/1/762
f 756/1/756 765/1/765 771/1/771
f 773/1/773 772/1/772 775/1/775
f 767/1/767 737/1/737 776/1/776
f 768/1/768 774/1/774 760/1/760
f 762/1/762 770/1/770 778/1/778
f 617/1/617 603/1/603 780/1/780
f 622/1/622 617/1/617 780/1/780
f 619/1/619 622/1/622 782/1/782
f 621/1/621 620/1/620 784/1/784
f 780/1/780 603/1/603 741/1/741
f 785/1/785 784/1/784 789/1/789
f 785/1/785 789/1/789 791/1/791
f 786/1/786 748/1/748 792/1/792
f 790/1/790 786/1/786 792/1/792
f 787/1/787 790/1/790 794/1/794
f 788/1/788 787/1/787 794/1/794
f 788/1/788 794/1/794 797/1/797
f 795/1/795 797/1/797 799/1/799
f 798/1/798 793/1/793 802/1/802
f 797/1/797 798/1/798 804/1/804
f 799/1/799 797/1/797 804/1/804
f 800/1/800 799/1/799 806/1/806
f 658/1/658 656/1/656 659/1/659
f 661/1/661 808/1/808 660/1/660
f 703/1/703 700/1/700 807/1/807
f 656/1/656 809/1/809 807/1/807
f 814/1/814 808/1/808 661/1/661
f 810/1/810 809/1/809 656/1/656
f 816/1/816 813/1/813 808/1/808
f 816/1/816 808/1/808 814/1/814
f 817/1/817 814/1/814 815/1/815
f 817/1/817 815/1/815 811/1/811
f 706/1/706 809/1/809 819/1/819
f 809/1/809 810/1/810 820/1/820
f 816/1/816 814/1/814 822/1/822
f 821/1/821 823/1/823 820/1/820
f 822/1/822 821/1/821 816/1/816
f 827/1/827 819/1/819 820/1/820
f 829/1/829 822/1/822 828/1/828
f 74/1/74 824/1/824 825/1/825
f 834/1/834 842/1/842 843/1/843
f 845/1/845 839/1/839 840/1/840
f 845/1/845 837/1/837 850/1/850
f 848/1/848 847/1/847 851/1/851
f 851/1/851 839/1/839 853/1/853
f 854/1/854 851/1/851 857/1/857
f 853/1/853 852/1/852 859/1/859
f 854/1/854 860/1/860 861/1/861
f 863/1/863 864/1/864 859/1/859
f 863/1/863 859/1/859 858/1/858
f 860/1/860 857/1/857 865/1/865
f 834/1/834 697/1/697 664/1/664
f 693/1/693 697/1/697 834/1/834
f 698/1/698 834/1/834 835/1/835
f 850/1/850 837/1/837 869/1/869
f 850/1/850 869/1/869 872/1/872
f 871/1/871 791/1/791 875/1/875
f 873/1/873 871/1/871 875/1/875
f 856/1/856 850/1/850 872/1/872
f 856/1/856 872/1/872 876/1/876
f 875/1/875 791/1/791 800/1/800
f 875/1/875 800/1/800 806/1/806
f 877/1/877 874/1/874 878/1/878
f 714/1/714 712/1/712 880/1/880
f 717/1/717 712/1/712 715/1/715
f 880/1/880 881/1/881 884/1/884
f 882/1/882 885/1/885 886/1/886
f 886/1/886 887/1/887 881/1/881
f 884/1/884 887/1/887 888/1/888
f 884/1/884 888/1/888 889/1/889
f 886/1/886 890/1/890 887/1/887
f 891/1/891 2888/1/2868 892/1/892
f 716/1/716 879/1/879 895/1/895
f 736/1/736 894/1/894 896/1/896
f 734/1/734 893/1/893 897/1/897
f 735/1/735 734/1/734 898/1/898
f 895/1/895 879/1/879 900/1/900
f 897/1/897 893/1/893 900/1/900
f 734/1/734 897/1/897 901/1/901
f 900/1/900 879/1/879 883/1/883
f 896/1/896 902/1/902 903/1/903
f 900/1/900 883/1/883 904/1/904
f 901/1/901 907/1/907 908/1/908 898/1/898
f 902/1/902 899/1/899 906/1/906
f 902/1/902 906/1/906 909/1/909
f 913/1/913 909/1/909 914/1/914
f 773/1/773 775/1/775 915/1/915
f 916/1/916 737/1/737 896/1/896
f 776/1/776 737/1/737 916/1/916
f 765/1/765 777/1/777 921/1/921
f 918/1/918 925/1/925 775/1/775
f 944/1/944 915/1/915 927/1/927
f 921/1/921 777/1/777 930/1/930
f 926/1/926 916/1/916 934/1/934
f 934/1/934 903/1/903 937/1/937
f 936/1/936 934/1/934 937/1/937
f 935/1/935 936/1/936 938/1/938
f 940/1/940 937/1/937 941/1/941
f 942/1/942 938/1/938 940/1/940
f 942/1/942 940/1/940 943/1/943
f 945/1/945 804/1/804 803/1/803
f 799/1/799 804/1/804 945/1/945
f 806/1/806 945/1/945 805/1/805
f 806/1/806 799/1/799 945/1/945
f 827/1/827 823/1/823 950/1/950
f 951/1/951 823/1/823 829/1/829
f 950/1/950 952/1/952 949/1/949
f 951/1/951 953/1/953 823/1/823
f 952/1/952 885/1/885 882/1/882
f 956/1/956 953/1/953 951/1/951
f 955/1/955 75/1/75 80/1/80
f 885/1/885 952/1/952 957/1/957
f 953/1/953 958/1/958 957/1/957
f 960/1/960 890/1/890 886/1/886
f 962/1/962 959/1/959 85/1/85
f 962/1/962 958/1/958 959/1/959
f 960/1/960 964/1/964 890/1/890
f 961/1/961 964/1/964 960/1/960
f 967/1/967 966/1/966 965/1/965
f 963/1/963 967/1/967 969/1/969
f 890/1/890 968/1/968 891/1/891
f 965/1/965 970/1/970 971/1/971
f 979/1/979 864/1/864 863/1/863
f 979/1/979 863/1/863 978/1/978
f 865/1/865 859/1/859 980/1/980
f 993/1/993 865/1/865 992/1/992
f 984/1/984 931/1/931 994/1/994
f 997/1/997 993/1/993 992/1/992
f 981/1/981 993/1/993 997/1/997
f 998/1/998 981/1/981 997/1/997
f 994/1/994 931/1/931 1000/1/1000
f 996/1/996 995/1/995 1001/1/1001
f 995/1/995 1000/1/1000 1003/1/1003
f 997/1/997 1002/1/1002 1004/1/1004
f 998/1/998 1006/1/1006 1007/1/1007
f 942/1/942 939/1/939 938/1/938
f 1009/1/1009 1000/1/1000 939/1/939
f 999/1/999 1007/1/1007 1008/1/1008
f 1003/1/1003 1009/1/1009 1010/1/1010
f 1004/1/1004 1011/1/1011 1012/1/1012
f 1005/1/1005 1010/1/1010 1014/1/1014
f 1011/1/1011 1014/1/1014 1015/1/1015
f 1007/1/1007 1016/1/1016 1017/1/1017
f 978/1/978 863/1/863 878/1/878
f 978/1/978 805/1/805 948/1/948
f 1020/1/1019 1018/1/7 1019/1/1018
f 1027/1/4 1026/1/1025 1024/1/1023
f 1029/1/1026 1028/1/5 1025/1/1024
f 1032/1/10 1026/1/1025 1031/1/9
f 1033/1/11 1030/1/8 1031/1/9
f 1035/1/13 1034/1/12 1036/1/14
f 1040/1/19 1030/1/8 1033/1/11
f 1039/1/1028 1030/1/8 1045/1/26
f 1056/1/1038 1055/1/1037 1057/1/1039
f 1059/1/1041 1022/1/1021 1045/1/26
f 1049/1/1031 1063/1/1043 1048/1/29
f 1065/1/1045 1049/1/1031 1050/1/1032
f 1065/1/1045 1050/1/1032 1051/1/1033
f 1060/1/1042 1055/1/1037 1053/1/1035
f 1064/1/1044 1070/1/1050 1063/1/1043
f 1071/1/1051 1064/1/1044 1065/1/1045
f 1060/1/1042 1067/1/1047 1073/1/1053
f 1075/1/1055 1080/1/1060 1073/1/1053
f 1081/1/1061 1080/1/1060 1075/1/1055
f 1081/1/1061 1085/1/1065 1080/1/1060
f 1088/1/1068 1086/1/1066 1087/1/1067
f 1089/1/1069 1092/1/1072 1699/1/1679
f 1091/1/1071 1094/1/1074 1090/1/1070
f 1096/1/1076 1094/1/1074 1097/1/1077
f 1095/1/1075 1097/1/1077 1091/1/1071
f 1096/1/1076 1100/1/1080 1094/1/1074
f 1101/1/1081 1103/1/1083 1095/1/1075
f 1104/1/1084 1100/1/1080 1096/1/1076
f 1102/1/1082 1104/1/1084 1096/1/1076
f 1107/1/1087 1106/1/1086 1098/1/1078
f 1108/1/1088 1107/1/1087 1100/1/1080
f 1104/1/1084 1108/1/1088 1100/1/1080
f 1109/1/1089 188/1/188 1110/1/1090
f 1109/1/1089 196/1/196 188/1/188
f 1116/1/1096 1115/1/1095 1111/1/1091
f 1111/1/1091 1115/1/1095 1109/1/1089
f 1116/1/1096 1111/1/1091 1118/1/1098
f 1122/1/1102 1112/1/1092 1121/1/1101
f 1113/1/1093 1112/1/1092 1122/1/1102
f 1114/1/1094 1113/1/1093 1123/1/1103
f 1125/1/1105 196/1/196 1115/1/1095
f 1116/1/1096 1125/1/1105 1115/1/1095
f 1126/1/1106 1116/1/1096 1127/1/1107
f 1127/1/1107 1118/1/1098 1128/1/1108
f 1128/1/1108 1119/1/1099 1120/1/1100
f 1122/1/1102 1121/1/1101 1131/1/1111
f 1113/1/1093 1122/1/1102 1130/1/1110
f 1134/1/1114 1120/1/1100 1135/1/1115
f 1125/1/1105 222/1/222 209/1/209
f 1126/1/1106 1136/1/1116 1125/1/1105
f 1139/1/1119 1129/1/1109 1138/1/1118
f 1130/1/1110 1139/1/1119 1140/1/1120
f 1138/1/1118 1129/1/1109 1131/1/1111
f 1132/1/1112 1130/1/1110 1140/1/1120
f 1124/1/1104 1132/1/1112 1144/1/1124
f 228/1/228 227/1/227 1148/1/1128
f 1148/1/1128 229/1/229 1149/1/1129
f 1147/1/1127 228/1/228 1150/1/1130
f 1151/1/1131 1148/1/1128 1149/1/1129
f 1150/1/1130 1148/1/1128 1152/1/1132
f 1147/1/1127 247/1/247 226/1/226
f 1154/1/1134 1153/1/1133 1155/1/1135
f 1155/1/1135 247/1/247 1147/1/1127
f 1151/1/1131 1157/1/1137 1152/1/1132
f 1158/1/1138 1159/1/1139 1161/1/1141
f 1162/1/1142 1160/1/1140 1152/1/1132
f 1166/1/1146 1162/1/1142 1167/1/1147
f 1171/1/1151 1163/1/1143 1164/1/1144
f 1110/1/1090 246/1/246 1153/1/1133
f 1110/1/1090 1153/1/1133 1154/1/1134
f 1117/1/1097 1158/1/1138 1168/1/1148
f 1172/1/1152 1167/1/1147 1171/1/1151
f 1175/1/1155 1172/1/1152 1171/1/1151
f 1135/1/1115 1120/1/1100 1176/1/1156
f 259/1/259 260/1/260 1179/1/1159
f 1149/1/1129 258/1/258 1151/1/1131
f 1180/1/1160 258/1/258 259/1/259
f 1182/1/1162 1180/1/1160 1179/1/1159
f 1183/1/1163 1181/1/1161 1180/1/1160
f 1164/1/1144 1157/1/1137 1181/1/1161
f 1189/1/1169 1164/1/1144 1183/1/1163
f 1179/1/1159 260/1/260 1184/1/1164
f 1184/1/1164 260/1/260 269/1/269
f 1184/1/1164 269/1/269 1185/1/1165
f 1182/1/1162 1184/1/1164 1186/1/1166
f 1186/1/1166 1184/1/1164 1185/1/1165
f 1194/1/1174 1182/1/1162 1186/1/1166
f 1178/1/1158 1171/1/1151 1189/1/1169
f 1185/1/1165 274/1/274 1192/1/1172
f 1193/1/1173 1185/1/1165 1192/1/1172
f 1195/1/1175 1194/1/1174 1186/1/1166
f 1195/1/1175 1186/1/1166 1193/1/1173
f 1196/1/1176 1194/1/1174 1195/1/1175
f 1197/1/1177 1188/1/1168 1196/1/1176
f 1192/1/1172 274/1/274 280/1/280
f 1201/1/1181 1192/1/1172 1200/1/1180
f 1197/1/1177 1204/1/1184 1190/1/1170
f 1201/1/1181 1200/1/1180 1206/1/1186
f 1209/1/1189 1203/1/1183 1207/1/1187
f 1200/1/1180 283/1/283 284/1/284
f 1217/1/1197 1214/1/1194 1218/1/1198
f 1224/1/1204 1211/1/1191 1223/1/1203
f 1212/1/1192 1225/1/1205 1215/1/1195
f 1233/1/1213 1222/1/1202 1230/1/1210
f 1032/1/10 1018/1/7 1121/1/1101
f 1228/1/1208 1227/1/1207 1235/1/1215
f 1037/1/1027 1029/1/1026 1229/1/1209
f 1231/1/1211 1228/1/1208 1237/1/1217
f 1038/1/30 1037/1/1027 1239/1/1219
f 1233/1/1213 1230/1/1210 1242/1/1222
f 1242/1/1222 1230/1/1210 1237/1/1217
f 1247/1/1227 1245/1/1225 1246/1/1226
f 1238/1/1218 1248/1/1228 1237/1/1217
f 1247/1/1227 1246/1/1226 1259/1/1239
f 1051/1/1033 1044/1/1030 1249/1/1229
f 1253/1/1233 1262/1/1242 1252/1/1232
f 1264/1/1244 1254/1/1234 1250/1/1230
f 1174/1/1154 1167/1/1147 1172/1/1152
f 1177/1/1157 1173/1/1153 1265/1/1245
f 1265/1/1245 1173/1/1153 1174/1/1154
f 1266/1/1246 1174/1/1154 1172/1/1152
f 1175/1/1155 1266/1/1246 1172/1/1152
f 1265/1/1245 1174/1/1154 1267/1/1247
f 1270/1/1250 1266/1/1246 1175/1/1155
f 1244/1/1224 1176/1/1156 1268/1/1248
f 1269/1/1249 1267/1/1247 1266/1/1246
f 1277/1/1257 1269/1/1249 1270/1/1250
f 1277/1/1257 1273/1/1253 1278/1/1258
f 1279/1/1259 1178/1/1158 1191/1/1171
f 1280/1/1260 1199/1/1179 1204/1/1184
f 1282/1/1262 1199/1/1179 1280/1/1260
f 1282/1/1262 1280/1/1260 1283/1/1263
f 1283/1/1263 1280/1/1260 1210/1/1190
f 1281/1/1261 1282/1/1262 1284/1/1264
f 1285/1/1265 1282/1/1262 1283/1/1263
f 1286/1/1266 439/1/439 222/1/222
f 1287/1/1267 1136/1/1116 1288/1/1268
f 1137/1/1117 1288/1/1268 1126/1/1106
f 1139/1/1119 1289/1/1269 1290/1/1270
f 1140/1/1120 1139/1/1119 1290/1/1270
f 1286/1/1266 1292/1/1272 439/1/439
f 1287/1/1267 1293/1/1273 1136/1/1116
f 1289/1/1269 1054/1/1036 1296/1/1276
f 455/1/455 445/1/445 1292/1/1272
f 1301/1/1281 1293/1/1273 1287/1/1267
f 1302/1/1282 1301/1/1281 1303/1/1283
f 1300/1/1280 1309/1/1289 455/1/455
f 1301/1/1281 1310/1/1290 1300/1/1280
f 1316/1/1296 1310/1/1290 1311/1/1291
f 1308/1/1288 1307/1/1287 1315/1/1295
f 1308/1/1288 1314/1/1294 1305/1/1285
f 1316/1/1296 1309/1/1289 1310/1/1290
f 1317/1/1297 1316/1/1296 1311/1/1291
f 1314/1/1294 1313/1/1293 1319/1/1299
f 1320/1/1300 1313/1/1293 1315/1/1295
f 473/1/473 469/1/469 1309/1/1289
f 1316/1/1296 1322/1/1302 1309/1/1289
f 1323/1/1303 1317/1/1297 1318/1/1298
f 1319/1/1299 1323/1/1303 1318/1/1298
f 1317/1/1297 1328/1/1308 1327/1/1307
f 1329/1/1309 1317/1/1297 1323/1/1303
f 1333/1/1313 1328/1/1308 1329/1/1309
f 1330/1/1310 1334/1/1314 1329/1/1309
f 1209/1/1189 1207/1/1187 1335/1/1315
f 1208/1/1188 1209/1/1189 1336/1/1316
f 1342/1/1322 488/1/488 491/1/491
f 1339/1/1319 1342/1/1322 1343/1/1323
f 1344/1/1324 1340/1/1320 1343/1/1323
f 1345/1/1325 1342/1/1322 494/1/494
f 1344/1/1324 1346/1/1326 1341/1/1321
f 1335/1/1315 1346/1/1326 1337/1/1317
f 1345/1/1325 1347/1/1327 1343/1/1323
f 1337/1/1317 1349/1/1329 1338/1/1318
f 1347/1/1327 1353/1/1333 1348/1/1328
f 1347/1/1327 1352/1/1332 1353/1/1333
f 1352/1/1332 1351/1/1331 1355/1/1335
f 1358/1/1338 506/1/506 509/1/509
f 1356/1/1336 1359/1/1339 1360/1/1340
f 1355/1/1335 1358/1/1338 1362/1/1342
f 1363/1/1343 1359/1/1339 1362/1/1342
f 1258/1/1238 1366/1/1346 1244/1/1224
f 1262/1/1242 1371/1/1351 1261/1/1241
f 1374/1/1354 1261/1/1241 1371/1/1351
f 1377/1/1357 1368/1/1348 1369/1/1349
f 1370/1/1350 1376/1/1356 1258/1/1238
f 1372/1/1352 1368/1/1348 1379/1/1359
f 1066/1/1046 1381/1/1361 1072/1/1052
f 1378/1/1358 1387/1/1367 1386/1/1366
f 1394/1/1374 1383/1/1363 1384/1/1364
f 1381/1/1361 1392/1/1372 1391/1/1371
f 1392/1/1372 1385/1/1365 1382/1/1362
f 1392/1/1372 1382/1/1362 1393/1/1373
f 1395/1/1375 1058/1/1040 1080/1/1060
f 1395/1/1375 1085/1/1065 1407/1/1387
f 1409/1/1389 1085/1/1065 1086/1/1066
f 1420/1/1400 1401/1/1381 1396/1/1376
f 1420/1/1400 1396/1/1376 1415/1/1395
f 1422/1/1402 1403/1/1383 1404/1/1384
f 1423/1/1403 1420/1/1400 1419/1/1399
f 1423/1/1403 1405/1/1385 1401/1/1381
f 1423/1/1403 1401/1/1381 1420/1/1400
f 1429/1/1409 1428/1/1408 1427/1/1407
f 1421/1/1401 1430/1/1410 1417/1/1397
f 1424/1/1404 1431/1/1411 1422/1/1402
f 1426/1/1406 1331/1/1311 1324/1/1304
f 1431/1/1411 1435/1/1415 1421/1/1401
f 1432/1/1412 1506/1/1486 1331/1/1311
f 1439/1/1419 1275/1/1255 1276/1/1256
f 1440/1/1420 1276/1/1256 1277/1/1257
f 1278/1/1258 1441/1/1421 1277/1/1257
f 1442/1/1422 1441/1/1421 1278/1/1258
f 1444/1/1424 1275/1/1255 1439/1/1419
f 1441/1/1421 1445/1/1425 1440/1/1420
f 1446/1/1426 1370/1/1350 1443/1/1423
f 1448/1/1428 1439/1/1419 1445/1/1425
f 1442/1/1422 1449/1/1429 1445/1/1425
f 1447/1/1427 1444/1/1424 1450/1/1430
f 1404/1/1384 1390/1/1370 1446/1/1426
f 1453/1/1433 1448/1/1428 1445/1/1425
f 1449/1/1429 1454/1/1434 1445/1/1425
f 1455/1/1435 1450/1/1430 1448/1/1428
f 1453/1/1433 1454/1/1434 1456/1/1436
f 1452/1/1432 1458/1/1438 1457/1/1437
f 1460/1/1440 1455/1/1435 1453/1/1433
f 1461/1/1441 1431/1/1411 1457/1/1437
f 1459/1/1439 1462/1/1442 1458/1/1438
f 1463/1/1443 1460/1/1440 1456/1/1436
f 1465/1/1445 1462/1/1442 1459/1/1439
f 1210/1/1190 1208/1/1188 1468/1/1448
f 1468/1/1448 1208/1/1188 1336/1/1316
f 1284/1/1264 1442/1/1422 1278/1/1258
f 1469/1/1449 1284/1/1264 1285/1/1265
f 1468/1/1448 1336/1/1316 1470/1/1450
f 1467/1/1447 1468/1/1448 1471/1/1451
f 1471/1/1451 1468/1/1448 1470/1/1450
f 1284/1/1264 1473/1/1453 1442/1/1422
f 1471/1/1451 1470/1/1450 1475/1/1455
f 1471/1/1451 1476/1/1456 1472/1/1452
f 1474/1/1454 1479/1/1459 1473/1/1453
f 1476/1/1456 1482/1/1462 1477/1/1457
f 1481/1/1461 1482/1/1462 1476/1/1456
f 1478/1/1458 1454/1/1434 1449/1/1429
f 1485/1/1465 1489/1/1469 1490/1/1470
f 1487/1/1467 1491/1/1471 1493/1/1473
f 1483/1/1463 1492/1/1472 1488/1/1468
f 1486/1/1466 1495/1/1475 1497/1/1477
f 1486/1/1466 1490/1/1470 1495/1/1475
f 1493/1/1473 1498/1/1478 1492/1/1472
f 1492/1/1472 1498/1/1478 1499/1/1479
f 1338/1/1318 1354/1/1334 1484/1/1464
f 1489/1/1469 1357/1/1337 1361/1/1341
f 1489/1/1469 1361/1/1341 1494/1/1474
f 1326/1/1306 1505/1/1485 1325/1/1305
f 1330/1/1310 1506/1/1486 1334/1/1314
f 1507/1/1487 1505/1/1485 1332/1/1312
f 1333/1/1313 1508/1/1488 1332/1/1312
f 1509/1/1489 1333/1/1313 1334/1/1314
f 1506/1/1486 1509/1/1489 1334/1/1314
f 1505/1/1485 634/1/634 625/1/625
f 1513/1/1493 1508/1/1488 1509/1/1489
f 1512/1/1492 1511/1/1491 1507/1/1487
f 1518/1/1498 638/1/638 1511/1/1491
f 1521/1/1501 1516/1/1496 1513/1/1493
f 1521/1/1501 1520/1/1500 1516/1/1496
f 1517/1/1497 1523/1/1503 1521/1/1501
f 1523/1/1503 1517/1/1497 1522/1/1502
f 1526/1/1506 1518/1/1498 1519/1/1499
f 1531/1/1511 1530/1/1510 1529/1/1509
f 1525/1/1505 1532/1/1512 653/1/653
f 1529/1/1509 1536/1/1516 1528/1/1508
f 1539/1/1519 1530/1/1510 1531/1/1511
f 1358/1/1338 667/1/667 1544/1/1524
f 1360/1/1340 1546/1/1526 1364/1/1344
f 1360/1/1340 1363/1/1343 1546/1/1526
f 667/1/667 670/1/670 1547/1/1527
f 1545/1/1525 1544/1/1524 1547/1/1527
f 1363/1/1343 1548/1/1528 1550/1/1530
f 1551/1/1531 1546/1/1526 1550/1/1530
f 1552/1/1532 1547/1/1527 670/1/670
f 1548/1/1528 1545/1/1525 1552/1/1532
f 1554/1/1534 674/1/674 1559/1/1539
f 1555/1/1535 1554/1/1534 1560/1/1540
f 1561/1/1541 1556/1/1536 1555/1/1535
f 1559/1/1539 678/1/678 688/1/688
f 1560/1/1540 1554/1/1534 1559/1/1539
f 1561/1/1541 1555/1/1535 1565/1/1545
f 1561/1/1541 1565/1/1545 1562/1/1542
f 1568/1/1548 1560/1/1540 1567/1/1547
f 1569/1/1549 1565/1/1545 1568/1/1548
f 1567/1/1547 1564/1/1544 1572/1/1552
f 1573/1/1553 1568/1/1548 1567/1/1547
f 1571/1/1551 1570/1/1550 1575/1/1555
f 1571/1/1551 1575/1/1555 1576/1/1556
f 1577/1/1557 1506/1/1486 1432/1/1412
f 1436/1/1416 1577/1/1557 1432/1/1412
f 1437/1/1417 1579/1/1559 1435/1/1415
f 1580/1/1560 1436/1/1416 1578/1/1558
f 1581/1/1561 1579/1/1559 1437/1/1417
f 1582/1/1562 1515/1/1495 1577/1/1557
f 1580/1/1560 1582/1/1562 1577/1/1557
f 1583/1/1563 1580/1/1560 1578/1/1558
f 1584/1/1564 1587/1/1567 1581/1/1561
f 1588/1/1568 1522/1/1502 1586/1/1566
f 1591/1/1571 1594/1/1574 1593/1/1573
f 1541/1/1521 1524/1/1504 1593/1/1573
f 1597/1/1577 1437/1/1417 1462/1/1442
f 1600/1/1580 1463/1/1443 1464/1/1444
f 1596/1/1576 1581/1/1561 1437/1/1417
f 1597/1/1577 1596/1/1576 1437/1/1417
f 1598/1/1578 1601/1/1581 1597/1/1577
f 1599/1/1579 1602/1/1582 1598/1/1578
f 1596/1/1576 1585/1/1565 1581/1/1561
f 1601/1/1581 1605/1/1585 1596/1/1576
f 1603/1/1583 1606/1/1586 1602/1/1582
f 1608/1/1588 1605/1/1585 1601/1/1581
f 1606/1/1586 1608/1/1588 1601/1/1581
f 1610/1/1590 1609/1/1589 1606/1/1586
f 1605/1/1585 1589/1/1569 1584/1/1564
f 1607/1/1587 1589/1/1569 1605/1/1585
f 1613/1/1593 1608/1/1588 1606/1/1586
f 1609/1/1589 1613/1/1593 1606/1/1586
f 1618/1/1598 1617/1/1597 1613/1/1593
f 1618/1/1598 1609/1/1589 1614/1/1594
f 1616/1/1596 1620/1/1600 1615/1/1595
f 1501/1/1481 1623/1/1603 1502/1/1482
f 1623/1/1603 1503/1/1483 1502/1/1482
f 1623/1/1603 1501/1/1481 1630/1/1610
f 1628/1/1608 1624/1/1604 1503/1/1483
f 1623/1/1603 1628/1/1608 1503/1/1483
f 1624/1/1604 1625/1/1605 1503/1/1483
f 1635/1/1615 1625/1/1605 1624/1/1604
f 1634/1/1614 1604/1/1584 1626/1/1606
f 1631/1/1611 1638/1/1618 1630/1/1610
f 1639/1/1619 1632/1/1612 1633/1/1613
f 1630/1/1610 1638/1/1618 1640/1/1620
f 1645/1/1625 1641/1/1621 1632/1/1612
f 1645/1/1625 1632/1/1612 1646/1/1626
f 1649/1/1629 1656/1/1636 1648/1/1628
f 1650/1/1630 1657/1/1637 2876/1/2856
f 1657/1/1637 1645/1/1625 1653/1/1633
f 1660/1/1640 1651/1/1631 1652/1/1632
f 1661/1/1641 2877/1/2857 2878/1/2858
f 1662/1/1642 1655/1/1635 1656/1/1636
f 1658/1/1638 1662/1/1642 1656/1/1636
f 1665/1/1645 1666/1/1646 1664/1/1644
f 1658/1/1638 1667/1/1647 1662/1/1642
f 1551/1/1531 1364/1/1344 1546/1/1526
f 1504/1/1484 1627/1/1607 1500/1/1480
f 1627/1/1607 1504/1/1484 1551/1/1531
f 1629/1/1609 1551/1/1531 1553/1/1533
f 1627/1/1607 1551/1/1531 1629/1/1609
f 1671/1/1651 1644/1/1624 1638/1/1618
f 1673/1/1653 1676/1/1656 1680/1/1660
f 1678/1/1658 1571/1/1551 1576/1/1556
f 1681/1/1661 1684/1/1664 1680/1/1660
f 1682/1/1662 1669/1/1649 1659/1/1639
f 1685/1/1665 1534/1/1514 1535/1/1515
f 1538/1/1518 1537/1/1517 1536/1/1516
f 1685/1/1665 1693/1/1673 1534/1/1514
f 1697/1/1677 1690/1/1670 1538/1/1518
f 1538/1/1518 1690/1/1670 1537/1/1517
f 1695/1/1675 1538/1/1518 1686/1/1666
f 1691/1/1671 1686/1/1666 1687/1/1667
f 1694/1/1674 1685/1/1665 1690/1/1670
f 1695/1/1675 1697/1/1677 1538/1/1518
f 1688/1/1668 818/1/818 812/1/812
f 1696/1/1676 1688/1/1668 1689/1/1669
f 1692/1/1672 1696/1/1676 1689/1/1669
f 1693/1/1673 1696/1/1676 1692/1/1672
f 1694/1/1674 1700/1/1680 1693/1/1673
f 1697/1/1677 1694/1/1674 1690/1/1670
f 1698/1/1678 1695/1/1675 1686/1/1666
f 1702/1/1682 1694/1/1674 1697/1/1677
f 1699/1/1679 826/1/826 818/1/818
f 1702/1/1682 1707/1/1687 1701/1/1681
f 1709/1/1689 1702/1/1682 1703/1/1683
f 1089/1/1069 1699/1/1679 1705/1/1685
f 1701/1/1681 1708/1/1688 1700/1/1680
f 1709/1/1689 1707/1/1687 1702/1/1682
f 1710/1/1690 1709/1/1689 1703/1/1683
f 1704/1/1684 1710/1/1690 1703/1/1683
f 1090/1/1070 1089/1/1069 1706/1/1686
f 1706/1/1686 1089/1/1069 1705/1/1685
f 1711/1/1691 1708/1/1688 1707/1/1687
f 1713/1/1693 1710/1/1690 1704/1/1684
f 1719/1/1699 1714/1/1694 1720/1/1700
f 844/1/844 849/1/849 1727/1/1707
f 1728/1/1708 1729/1/1709 1733/1/1713
f 1722/1/1702 1733/1/1713 1737/1/1717
f 1736/1/1716 1739/1/1719 1733/1/1713
f 1734/1/1714 1737/1/1717 1740/1/1720
f 1742/1/1722 1736/1/1716 1741/1/1721
f 1739/1/1719 1743/1/1723 1737/1/1717
f 1739/1/1719 1742/1/1722 1743/1/1723
f 1735/1/1715 862/1/862 1746/1/1726
f 1741/1/1721 1735/1/1715 1746/1/1726
f 1748/1/1728 1747/1/1727 1744/1/1724
f 1714/1/1694 1572/1/1552 835/1/835
f 1542/1/1522 1567/1/1547 1714/1/1694
f 1750/1/1730 1732/1/1712 1753/1/1733
f 1752/1/1732 1751/1/1731 1754/1/1734
f 1732/1/1712 1738/1/1718 1755/1/1735
f 1754/1/1734 1756/1/1736 1757/1/1737
f 1757/1/1737 1758/1/1738 1759/1/1739
f 1766/1/1746 1762/1/1742 1763/1/1743
f 1766/1/1746 1764/1/1744 1762/1/1742
f 1770/1/1750 1766/1/1746 1765/1/1745
f 1770/1/1750 1768/1/1748 1766/1/1746
f 1771/1/1751 1770/1/1750 1765/1/1745
f 1769/1/1749 1772/1/1752 1767/1/1747
f 1773/1/1753 1769/1/1749 1768/1/1748
f 1770/1/1750 1773/1/1753 1768/1/1748
f 1772/1/1752 1713/1/1693 1704/1/1684
f 1776/1/1756 1778/1/1758 1775/1/1755
f 1779/1/1759 1777/1/1757 1778/1/1758
f 1781/1/1761 1765/1/1745 1777/1/1757
f 1781/1/1761 1777/1/1757 1779/1/1759
f 1782/1/1762 1781/1/1761 1780/1/1760
f 1782/1/1762 1783/1/1763 1784/1/1764
f 1781/1/1761 1771/1/1751 1765/1/1745
f 1787/1/1767 1782/1/1762 1784/1/1764
f 1785/1/1765 1787/1/1767 1784/1/1764
f 1791/1/1771 1786/1/1766 1782/1/1762
f 1787/1/1767 1791/1/1771 1782/1/1762
f 1792/1/1772 1787/1/1767 1788/1/1768
f 1953/1/1933 1789/1/1769 1786/1/1766
f 1793/1/1773 1791/1/1771 1787/1/1767
f 1792/1/1772 1793/1/1773 1787/1/1767
f 1792/1/1772 1790/1/1770 1794/1/1774
f 1668/1/1648 1796/1/1776 1666/1/1646
f 1797/1/1777 1668/1/1648 1667/1/1647
f 1669/1/1649 1797/1/1777 1667/1/1647
f 2884/1/2864 1801/1/1781 1800/1/1780
f 1800/1/1780 1803/1/1783 1802/1/1782
f 1801/1/1781 1804/1/1784 1803/1/1783
f 1808/1/1788 1813/1/1793 2885/1/2865
f 1809/1/1789 1813/1/1793 1808/1/1788
f 1815/1/1795 2885/1/2865 1813/1/1793
f 1816/1/1796 1811/1/1791 1803/1/1783
f 1804/1/1784 1816/1/1796 1803/1/1783
f 1821/1/1801 1809/1/1789 1811/1/1791
f 1816/1/1796 1821/1/1801 1811/1/1791
f 1818/1/1798 1823/1/1803 1816/1/1796
f 1825/1/1805 1820/1/1800 1812/1/1792
f 1832/1/1812 1823/1/1803 1818/1/1798
f 1824/1/1804 1832/1/1812 1818/1/1798
f 1834/1/1814 1824/1/1804 1820/1/1800
f 1825/1/1805 1834/1/1814 1820/1/1800
f 1679/1/1659 1678/1/1658 1835/1/1815
f 1682/1/1662 1684/1/1664 1838/1/1818
f 1839/1/1819 1841/1/1821 1838/1/1818
f 1835/1/1815 1840/1/1820 1842/1/1822
f 1842/1/1822 1840/1/1820 1846/1/1826
f 1844/1/1824 1843/1/1823 1850/1/1830
f 1847/1/1827 1812/1/1792 1807/1/1787
f 1845/1/1825 1844/1/1824 1850/1/1830
f 1846/1/1826 1754/1/1734 1757/1/1737
f 1850/1/1830 1843/1/1823 1851/1/1831
f 1852/1/1832 1812/1/1792 1847/1/1827
f 1846/1/1826 1757/1/1737 1853/1/1833
f 1851/1/1831 1848/1/1828 1854/1/1834
f 1855/1/1835 1849/1/1829 1850/1/1830
f 1853/1/1833 1757/1/1737 1857/1/1837
f 1854/1/1834 1853/1/1833 1857/1/1837
f 1851/1/1831 1854/1/1834 1859/1/1839
f 1855/1/1835 1851/1/1831 1859/1/1839
f 1861/1/1841 1825/1/1805 1852/1/1832
f 1091/1/1071 1090/1/1070 1862/1/1842
f 1713/1/1693 1863/1/1843 1710/1/1690
f 1864/1/1844 1091/1/1071 1862/1/1842
f 1711/1/1691 1865/1/1845 1864/1/1844
f 1866/1/1846 1711/1/1691 1712/1/1692
f 1863/1/1843 1866/1/1846 1712/1/1692
f 1713/1/1693 1867/1/1847 1863/1/1843
f 1095/1/1075 1091/1/1071 1868/1/1848
f 1866/1/1846 1869/1/1849 1865/1/1845
f 1863/1/1843 1870/1/1850 1866/1/1846
f 1867/1/1847 1874/1/1854 1870/1/1850
f 1875/1/1855 1095/1/1075 1868/1/1848
f 1876/1/1856 1873/1/1853 1870/1/1850
f 1874/1/1854 1876/1/1856 1870/1/1850
f 1877/1/1857 1101/1/1081 1875/1/1855
f 1876/1/1856 1880/1/1860 1879/1/1859
f 1881/1/1861 1876/1/1856 1874/1/1854
f 1883/1/1863 1877/1/1857 1878/1/1858
f 1880/1/1860 1884/1/1864 1879/1/1859
f 1881/1/1861 1885/1/1865 1880/1/1860
f 1882/1/1862 1885/1/1865 1881/1/1861
f 1885/1/1865 1888/1/1868 1880/1/1860
f 1741/1/1721 1746/1/1726 1891/1/1871
f 1746/1/1726 983/1/983 1900/1/1880
f 1891/1/1871 1900/1/1880 1911/1/1891
f 1901/1/1881 1912/1/1892 1902/1/1882
f 1914/1/1894 1907/1/1887 1908/1/1888
f 1911/1/1891 1900/1/1880 1915/1/1895
f 1920/1/1900 1913/1/1893 1903/1/1883
f 1921/1/1901 1914/1/1894 1913/1/1893
f 1921/1/1901 1913/1/1893 1920/1/1900
f 1918/1/1898 1911/1/1891 1923/1/1903
f 1912/1/1892 1918/1/1898 1919/1/1899
f 1912/1/1892 1911/1/1891 1918/1/1898
f 1916/1/1896 1912/1/1892 1919/1/1899
f 1917/1/1897 1914/1/1894 1921/1/1901
f 1923/1/1903 1915/1/1895 1922/1/1902
f 1929/1/1909 1920/1/1900 1916/1/1896
f 1921/1/1901 1920/1/1900 1924/1/1904
f 1929/1/1909 1919/1/1899 1928/1/1908
f 1927/1/1907 1930/1/1910 1925/1/1905
f 1927/1/1907 1921/1/1901 1930/1/1910
f 1922/1/1902 1008/1/1008 2139/1/2119
f 1923/1/1903 1922/1/1902 1931/1/1911
f 1932/1/1912 1923/1/1903 1931/1/1911
f 1935/1/1915 1929/1/1909 1933/1/1913
f 1930/1/1910 1924/1/1904 1935/1/1915
f 1939/1/1919 1899/1/1879 1910/1/1890
f 1940/1/1920 1713/1/1693 1772/1/1752
f 1774/1/1754 1941/1/1921 1773/1/1753
f 1940/1/1920 1943/1/1923 1713/1/1693
f 1941/1/1921 1944/1/1924 1940/1/1920
f 1946/1/1926 1941/1/1921 1774/1/1754
f 1942/1/1922 1946/1/1926 1774/1/1754
f 1948/1/1928 1945/1/1925 1944/1/1924
f 1946/1/1926 1948/1/1928 1944/1/1924
f 1947/1/1927 1948/1/1928 1946/1/1926
f 1881/1/1861 1874/1/1854 1945/1/1925
f 2892/1/2872 1950/1/1930 1947/1/1927
f 1949/1/1929 1882/1/1862 1948/1/1928
f 1951/1/1931 1949/1/1929 1948/1/1928
f 1791/1/1771 1955/1/1935 1953/1/1933
f 1793/1/1773 1955/1/1935 1791/1/1771
f 1956/1/1936 1793/1/1773 1792/1/1772
f 1794/1/1774 1790/1/1770 1954/1/1934
f 1955/1/1935 1958/1/1938 1957/1/1937
f 1794/1/1774 1959/1/1939 1961/1/1941
f 1794/1/1774 1954/1/1934 1959/1/1939
f 1956/1/1936 1960/1/1940 1793/1/1773
f 2893/1/2873 1963/1/1943 1957/1/1937
f 1960/1/1940 1964/1/1944 1958/1/1938
f 1965/1/1945 1961/1/1941 1959/1/1939
f 2892/1/2872 1947/1/1927 1963/1/1943
f 1967/1/1947 1964/1/1944 1960/1/1940
f 1965/1/1945 1968/1/1948 1960/1/1940
f 2895/1/2875 1967/1/1947 1968/1/1948
f 1971/1/1951 1968/1/1948 1965/1/1945
f 1972/1/1952 1969/1/1949 1966/1/1946
f 1968/1/1948 1970/1/1950 2895/1/2875
f 2592/1/2572 1971/1/1951 1969/1/1949
f 1830/1/1810 1826/1/1806 1973/1/1953
f 1989/1/1969 1829/1/1809 1830/1/1810
f 1989/1/1969 1979/1/1959 1829/1/1809
f 1984/1/1964 1982/1/1962 1992/1/1972
f 1993/1/1973 1989/1/1969 1985/1/1965
f 1994/1/1974 1914/1/1894 1917/1/1897
f 1996/1/1976 1995/1/1975 1989/1/1969
f 1996/1/1976 1989/1/1969 1993/1/1973
f 1996/1/1976 1993/1/1973 1997/1/1977
f 1926/1/1906 1925/1/1905 1997/1/1977
f 2000/1/1980 1998/1/1978 1996/1/1976
f 1937/1/1917 1999/1/1979 2000/1/1980
f 2001/1/1981 1857/1/1837 1856/1/1836
f 1854/1/1834 1857/1/1837 2001/1/1981
f 1859/1/1839 2001/1/1981 1858/1/1838
f 1859/1/1839 1854/1/1834 2001/1/1981
f 89/1/89 88/1/88 2007/1/1987
f 2007/1/1987 91/1/91 89/1/89
f 93/1/93 92/1/92 83/1/83
f 2007/1/1987 2005/1/1985 91/1/91
f 2008/1/1988 88/1/88 90/1/90
f 93/1/93 2012/1/1992 92/1/92
f 2011/1/1991 2006/1/1986 88/1/88
f 2008/1/1988 2011/1/1991 88/1/88
f 92/1/92 2012/1/1992 2008/1/1988
f 2013/1/1993 2012/1/1992 93/1/93
f 2016/1/1996 2015/1/1995 2011/1/1991
f 2008/1/1988 2012/1/1992 2020/1/2000
f 2020/1/2000 2012/1/1992 2021/1/2001
f 2022/1/2002 2017/1/1997 2013/1/1993
f 2025/1/2005 2019/1/1999 2015/1/1995
f 2027/1/2007 2024/1/2004 2018/1/1998
f 2030/1/2010 2024/1/2004 2027/1/2007
f 2032/1/2012 2028/1/2008 2021/1/2001
f 2022/1/2002 2033/1/2013 2017/1/1997
f 2030/1/2010 2034/1/2014 2024/1/2004
f 2033/1/2013 2036/1/2016 2032/1/2012
f 2037/1/2017 2033/1/2013 2022/1/2002
f 2035/1/2015 2028/1/2008 2043/1/2023
f 2035/1/2015 2042/1/2022 2031/1/2011
f 2036/1/2016 2043/1/2023 2028/1/2008
f 2041/1/2021 2040/1/2020 2045/1/2025
f 2043/1/2023 2048/1/2028 2035/1/2015
f 2037/1/2017 2049/1/2029 2044/1/2024
f 2049/1/2029 2051/1/2031 2036/1/2016
f 2050/1/2030 2055/1/2035 2049/1/2029
f 2048/1/2028 2056/1/2036 2046/1/2026
f 2057/1/2037 2048/1/2028 2051/1/2031
f 2054/1/2034 2057/1/2037 2051/1/2031
f 2053/1/2033 2056/1/2036 2058/1/2038
f 2055/1/2035 2061/1/2041 2054/1/2034
f 2060/1/2040 2063/1/2043 2058/1/2038
f 2066/1/2046 2061/1/2041 2055/1/2035
f 2065/1/2045 2068/1/2048 2060/1/2040
f 2065/1/2045 2071/1/2051 2068/1/2048
f 2070/1/2050 2073/1/2053 2065/1/2045
f 2072/1/2052 2074/1/2054 2066/1/2046
f 2074/1/2054 2075/1/2055 2070/1/2050
f 2076/1/2056 2078/1/2058 2075/1/2055
f 914/1/914 912/1/912 2083/1/2063
f 2083/1/2063 2082/1/2062 2896/1/2876
f 2084/1/2064 914/1/914 2085/1/2065
f 943/1/943 941/1/941 2086/1/2066
f 2086/1/2066 913/1/913 2084/1/2064
f 968/1/968 2090/1/2070 2087/1/2067
f 968/1/968 2087/1/2067 891/1/891
f 971/1/971 970/1/970 2091/1/2071
f 972/1/972 971/1/971 2091/1/2071
f 973/1/973 972/1/972 2092/1/2072
f 2097/1/2077 2093/1/2073 2094/1/2074
f 2099/1/2079 2100/1/2080 2095/1/2075
f 2104/1/2084 2097/1/2077 2103/1/2083
f 2103/1/2083 2102/1/2082 2106/1/2086
f 2104/1/2084 2103/1/2083 2081/1/2061
f 2105/1/2085 2098/1/2078 2107/1/2087
f 2115/1/2095 2898/1/2878 2116/1/2096
f 2118/1/2098 2114/1/2094 2117/1/2097
f 2121/1/2101 2127/1/2107 2128/1/2108
f 2123/1/2103 2128/1/2108 2129/1/2109
f 2128/1/2108 2127/1/2107 2132/1/2112
f 1012/1/1012 1015/1/1015 2138/1/2118
f 2137/1/2117 943/1/943 2146/1/2126
f 1013/1/1013 2141/1/2121 2142/1/2122
f 2143/1/2123 1013/1/1013 2142/1/2122
f 1015/1/1015 1013/1/1013 2143/1/2123
f 1016/1/1016 2138/1/2118 2144/1/2124
f 2114/1/2094 2146/1/2126 2084/1/2064
f 2138/1/2118 2143/1/2123 2148/1/2128
f 2139/1/2119 2145/1/2125 2151/1/2131
f 2140/1/2120 2152/1/2132 2153/1/2133
f 2145/1/2125 2149/1/2129 2157/1/2137
f 2152/1/2132 2114/1/2094 2118/1/2098
f 2119/1/2099 2152/1/2132 2118/1/2098
f 2153/1/2133 2152/1/2132 2119/1/2099
f 2162/1/2142 2119/1/2099 2124/1/2104
f 2125/1/2105 2162/1/2142 2124/1/2104
f 2164/1/2144 2156/1/2136 2160/1/2140
f 2161/1/2141 2156/1/2136 2164/1/2144
f 2167/1/2147 2170/1/2150 2171/1/2151
f 2172/1/2152 2081/1/2061 2173/1/2153
f 2174/1/2154 2173/1/2153 2176/1/2156
f 2174/1/2154 2176/1/2156 2177/1/2157
f 2900/1/2880 2174/1/2154 2178/1/2158
f 2181/1/2161 2178/1/2158 2183/1/2163
f 2105/1/2085 2112/1/2092 2184/1/2164
f 2106/1/2086 2105/1/2085 2184/1/2164
f 2188/1/2168 2110/1/2090 2187/1/2167
f 2112/1/2092 2109/1/2089 2186/1/2166
f 2106/1/2086 2187/1/2167 2110/1/2090
f 2112/1/2092 2186/1/2166 2190/1/2170
f 2106/1/2086 2184/1/2164 2187/1/2167
f 2189/1/2169 2191/1/2171 2194/1/2174
f 2176/1/2156 2173/1/2153 2194/1/2174
f 2184/1/2164 2190/1/2170 2195/1/2175
f 2196/1/2176 2191/1/2171 2187/1/2167
f 2196/1/2176 2198/1/2178 2191/1/2171
f 2190/1/2170 2193/1/2173 2197/1/2177
f 2194/1/2174 2198/1/2178 2239/1/2219
f 2136/1/2116 2203/1/2183 2205/1/2185
f 2208/1/2188 2202/1/2182 2207/1/2187
f 2207/1/2187 2206/1/2186 2210/1/2190
f 2205/1/2185 2203/1/2183 2211/1/2191
f 2208/1/2188 2207/1/2187 2212/1/2192
f 2208/1/2188 2212/1/2192 2213/1/2193
f 2209/1/2189 2208/1/2188 2213/1/2193
f 2215/1/2195 2182/1/2162 2181/1/2161
f 2212/1/2192 2216/1/2196 2219/1/2199
f 2217/1/2197 2213/1/2193 2220/1/2200
f 2218/1/2198 2217/1/2197 2221/1/2201
f 2228/1/2208 2136/1/2116 2205/1/2185
f 2170/1/2150 2169/1/2149 2229/1/2209
f 2231/1/2211 2230/1/2210 2233/1/2213
f 2233/1/2213 2229/1/2209 2234/1/2214
f 2228/1/2208 2205/1/2185 2218/1/2198
f 2232/1/2212 2228/1/2208 2235/1/2215
f 2234/1/2214 2232/1/2212 2235/1/2215
f 2193/1/2173 2192/1/2172 2238/1/2218
f 2195/1/2175 2197/1/2177 2240/1/2220
f 2198/1/2178 2201/1/2181 2246/1/2226
f 2193/1/2173 2238/1/2218 2241/1/2221
f 2242/1/2222 2239/1/2219 2246/1/2226
f 2200/1/2180 2243/1/2223 2248/1/2228
f 2238/1/2218 2039/1/2019 2045/1/2025
f 2250/1/2230 2247/1/2227 2251/1/2231
f 2238/1/2218 2045/1/2025 2253/1/2233
f 2244/1/2224 2241/1/2221 2254/1/2234
f 2249/1/2229 2244/1/2224 2254/1/2234
f 2242/1/2222 2250/1/2230 2258/1/2238
f 2255/1/2235 2250/1/2230 2251/1/2231
f 2253/1/2233 2045/1/2025 2256/1/2236
f 2243/1/2223 2258/1/2238 2259/1/2239
f 2248/1/2228 2243/1/2223 2259/1/2239
f 2255/1/2235 2258/1/2238 2250/1/2230
f 2248/1/2228 2259/1/2239 2263/1/2243
f 2261/1/2241 2260/1/2240 2262/1/2242
f 2255/1/2235 2261/1/2241 2264/1/2244
f 2259/1/2239 2258/1/2238 2264/1/2244
f 2257/1/2237 2256/1/2236 2265/1/2245
f 2261/1/2241 2262/1/2242 2267/1/2247
f 2256/1/2236 2052/1/2032 2270/1/2250
f 2266/1/2246 2265/1/2245 2271/1/2251
f 2275/1/2255 2271/1/2251 2265/1/2245
f 2271/1/2251 2272/1/2252 2267/1/2247
f 2267/1/2247 2273/1/2253 2268/1/2248
f 2269/1/2249 2268/1/2248 2274/1/2254
f 2269/1/2249 2274/1/2254 2276/1/2256
f 2183/1/2163 2200/1/2180 2277/1/2257
f 2223/1/2203 2183/1/2163 2277/1/2257
f 2219/1/2199 2224/1/2204 2284/1/2264
f 2278/1/2258 2219/1/2199 2284/1/2264
f 2220/1/2200 2278/1/2258 2279/1/2259
f 2225/1/2205 2220/1/2200 2279/1/2259
f 2221/1/2201 2225/1/2205 2280/1/2260
f 2226/1/2206 2221/1/2201 2280/1/2260
f 2284/1/2264 2224/1/2204 2283/1/2263
f 2283/1/2263 2223/1/2203 2288/1/2268
f 2289/1/2269 2284/1/2264 2283/1/2263
f 2288/1/2268 2287/1/2267 2295/1/2275
f 2289/1/2269 2283/1/2263 2296/1/2276
f 2295/1/2275 2287/1/2267 2301/1/2281
f 2297/1/2277 2289/1/2269 2302/1/2282
f 2298/1/2278 2297/1/2277 2303/1/2283
f 2293/1/2273 2300/1/2280 2313/1/2293
f 2302/1/2282 2296/1/2276 2309/1/2289
f 2310/1/2290 2302/1/2282 2309/1/2289
f 2308/1/2288 2307/1/2287 2314/1/2294
f 2315/1/2295 2302/1/2282 2310/1/2290
f 2313/1/2293 2312/1/2292 2316/1/2296
f 2274/1/2254 2273/1/2253 2319/1/2299
f 2275/1/2255 2318/1/2298 2271/1/2251
f 2276/1/2256 2274/1/2254 2320/1/2300
f 2273/1/2253 2322/1/2302 2323/1/2303
f 2318/1/2298 2317/1/2297 2321/1/2301
f 2318/1/2298 2275/1/2255 2317/1/2297
f 2317/1/2297 2270/1/2250 2325/1/2305
f 2321/1/2301 2325/1/2305 2326/1/2306
f 2319/1/2299 2323/1/2303 2327/1/2307
f 2052/1/2032 2058/1/2038 2329/1/2309
f 2322/1/2302 2326/1/2306 2331/1/2311
f 2331/1/2311 2326/1/2306 2334/1/2314
f 2327/1/2307 2332/1/2312 2335/1/2315
f 2333/1/2313 2325/1/2305 2330/1/2310
f 2331/1/2311 2334/1/2314 2336/1/2316
f 2329/1/2309 2063/1/2043 2338/1/2318
f 2334/1/2314 2333/1/2313 2341/1/2321
f 2336/1/2316 2334/1/2314 2341/1/2321
f 2914/1/2894 2915/1/2895 2337/1/2317
f 2339/1/2319 2338/1/2318 2342/1/2322
f 2346/1/2326 2341/1/2321 2345/1/2325
f 2344/1/2324 2338/1/2318 2340/1/2320
f 2314/1/2294 2348/1/2328 2349/1/2329
f 2310/1/2290 2309/1/2289 2349/1/2329
f 2350/1/2330 2310/1/2290 2349/1/2329
f 2315/1/2295 2310/1/2290 2350/1/2330
f 2351/1/2331 2315/1/2295 2350/1/2330
f 2304/1/2284 2315/1/2295 2351/1/2331
f 2352/1/2332 2304/1/2284 2351/1/2331
f 2311/1/2291 2304/1/2284 2352/1/2332
f 2311/1/2291 2352/1/2332 2353/1/2333
f 2316/1/2296 2311/1/2291 2353/1/2333
f 2354/1/2334 2316/1/2296 2353/1/2333
f 2313/1/2293 2316/1/2296 2354/1/2334
f 2355/1/2335 2349/1/2329 2348/1/2328
f 2357/1/2337 2350/1/2330 2356/1/2336
f 2351/1/2331 2350/1/2330 2357/1/2337
f 2358/1/2338 2351/1/2331 2357/1/2337
f 2352/1/2332 2351/1/2331 2358/1/2338
f 2360/1/2340 2353/1/2333 2359/1/2339
f 2354/1/2334 2353/1/2333 2360/1/2340
f 2348/1/2328 2324/1/2304 2361/1/2341
f 2359/1/2339 2358/1/2338 2364/1/2344
f 2363/1/2343 2369/1/2349 2371/1/2351
f 2370/1/2350 2373/1/2353 2366/1/2346
f 2374/1/2354 2366/1/2346 2373/1/2353
f 2369/1/2349 2368/1/2348 2375/1/2355
f 2373/1/2353 2376/1/2356 2374/1/2354
f 2371/1/2351 2375/1/2355 2377/1/2357
f 2375/1/2355 2379/1/2359 2380/1/2360
f 2342/1/2322 2344/1/2324 2383/1/2363
f 2345/1/2325 2342/1/2322 2383/1/2363
f 2340/1/2320 2071/1/2051 2384/1/2364
f 2384/1/2364 2071/1/2051 2073/1/2053
f 2345/1/2325 2383/1/2363 2385/1/2365
f 2344/1/2324 2384/1/2364 2387/1/2367
f 2389/1/2369 2386/1/2366 2347/1/2327
f 2386/1/2366 2919/1/2899 2918/1/2898
f 2388/1/2368 2385/1/2365 2393/1/2373
f 2390/1/2370 2386/1/2366 2394/1/2374
f 2397/1/2377 2392/1/2372 2396/1/2376
f 2388/1/2368 2393/1/2373 2400/1/2380
f 2397/1/2377 2401/1/2381 2402/1/2382
f 2400/1/2380 2393/1/2373 2402/1/2382
f 2405/1/2385 2401/1/2381 2404/1/2384
f 2409/1/2389 2404/1/2384 2408/1/2388
f 2408/1/2388 2078/1/2058 2079/1/2059
f 2403/1/2383 2400/1/2380 2412/1/2392
f 2414/1/2394 2412/1/2392 2413/1/2393
f 2417/1/2397 2413/1/2393 2416/1/2396
f 2414/1/2394 2413/1/2393 2417/1/2397
f 2419/1/2399 2415/1/2395 2407/1/2387
f 2418/1/2398 2414/1/2394 2417/1/2397
f 2425/1/2405 2417/1/2397 2421/1/2401
f 2380/1/2360 2426/1/2406 2430/1/2410
f 2432/1/2412 2430/1/2410 2429/1/2409
f 2427/1/2407 2430/1/2410 2432/1/2412
f 1105/1/1085 2434/1/2414 1103/1/1083
f 2436/1/2416 1107/1/1087 1108/1/1088
f 1102/1/1082 2437/1/2417 1104/1/1084
f 2435/1/2415 2438/1/2418 1105/1/1085
f 2439/1/2419 2437/1/2417 1102/1/1082
f 2434/1/2414 2439/1/2419 1102/1/1082
f 2440/1/2420 2434/1/2414 2438/1/2418
f 2436/1/2416 2443/1/2423 1107/1/1087
f 2444/1/2424 2446/1/2426 2436/1/2416
f 2445/1/2425 2448/1/2428 2439/1/2419
f 2449/1/2429 2445/1/2425 2440/1/2420
f 2446/1/2426 2451/1/2431 2443/1/2423
f 2452/1/2432 2023/1/2003 2442/1/2422
f 2453/1/2433 2446/1/2426 2444/1/2424
f 2447/1/2427 2453/1/2433 2444/1/2424
f 2454/1/2434 2448/1/2428 2445/1/2425
f 2449/1/2429 2454/1/2434 2445/1/2425
f 2455/1/2435 2449/1/2429 2450/1/2430
f 2595/1/2575 2455/1/2435 2450/1/2430
f 2448/1/2428 2456/1/2436 2447/1/2427
f 2457/1/2437 2451/1/2431 2446/1/2426
f 2453/1/2433 2457/1/2437 2446/1/2426
f 2462/1/2442 2460/1/2440 2455/1/2435
f 2458/1/2438 2464/1/2444 2456/1/2436
f 2461/1/2441 2038/1/2018 2023/1/2003
f 2457/1/2437 2465/1/2445 2451/1/2431
f 2466/1/2446 2457/1/2437 2453/1/2433
f 2467/1/2447 2464/1/2444 2458/1/2438
f 2469/1/2449 2467/1/2447 2459/1/2439
f 2476/1/2456 2469/1/2449 2470/1/2450
f 2475/1/2455 2473/1/2453 2467/1/2447
f 2479/1/2459 2465/1/2445 2468/1/2448
f 2480/1/2460 2475/1/2455 2476/1/2456
f 2477/1/2457 2480/1/2460 2476/1/2456
f 2481/1/2461 2477/1/2457 2474/1/2454
f 2484/1/2464 2479/1/2459 2466/1/2446
f 2482/1/2462 2480/1/2460 2477/1/2457
f 2483/1/2463 2478/1/2458 2479/1/2459
f 2744/1/2724 2482/1/2462 2481/1/2461
f 2486/1/2466 2475/1/2455 2480/1/2460
f 2482/1/2462 2486/1/2466 2480/1/2460
f 2491/1/2471 2483/1/2463 2484/1/2464
f 2493/1/2473 2488/1/2468 2489/1/2469
f 2491/1/2471 2495/1/2475 2483/1/2463
f 2497/1/2477 2496/1/2476 2488/1/2468
f 2495/1/2475 2498/1/2478 2494/1/2474
f 2498/1/2478 2072/1/2052 2067/1/2047
f 2502/1/2482 2496/1/2476 2497/1/2477
f 2501/1/2481 2498/1/2478 2495/1/2475
f 2502/1/2482 2500/1/2480 2496/1/2476
f 2504/1/2484 2501/1/2481 2500/1/2480
f 2508/1/2488 2506/1/2486 2504/1/2484
f 2080/1/2060 2079/1/2059 2507/1/2487
f 2509/1/2489 1105/1/1085 1877/1/1857
f 1887/1/1867 2511/1/2491 1886/1/1866
f 2514/1/2494 2519/1/2499 1887/1/1867
f 2522/1/2502 2518/1/2498 2519/1/2499
f 2524/1/2504 2517/1/2497 2518/1/2498
f 2525/1/2505 2519/1/2499 2520/1/2500
f 2521/1/2501 2526/1/2506 2520/1/2500
f 2524/1/2504 2523/1/2503 2517/1/2497
f 2527/1/2507 2530/1/2510 2526/1/2506
f 2531/1/2511 2441/1/2421 2523/1/2503
f 2533/1/2513 2532/1/2512 2528/1/2508
f 2537/1/2517 2534/1/2514 2529/1/2509
f 2543/1/2523 2541/1/2521 2539/1/2519
f 2545/1/2525 2543/1/2523 2547/1/2527
f 2552/1/2532 2546/1/2526 2550/1/2530
f 2552/1/2532 2556/1/2536 2551/1/2531
f 2619/1/2599 2553/1/2533 2551/1/2531
f 1931/1/1911 1922/1/1902 2559/1/2539
f 1933/1/1913 1928/1/1908 2560/1/2540
f 2566/1/2546 1934/1/1914 1935/1/1915
f 1934/1/1914 1936/1/1916 1930/1/1910
f 1936/1/1916 1937/1/1917 1938/1/1918
f 2560/1/2540 2563/1/2543 2569/1/2549
f 2560/1/2540 1932/1/1912 2563/1/2543
f 2566/1/2546 1933/1/1913 2564/1/2544
f 2567/1/2547 2561/1/2541 1937/1/1917
f 2562/1/2542 2559/1/2539 2151/1/2131
f 2569/1/2549 2563/1/2543 2568/1/2548
f 2565/1/2545 2567/1/2547 1936/1/1916
f 2539/1/2519 2538/1/2518 2561/1/2541
f 2150/1/2130 2158/1/2138 2571/1/2551
f 2568/1/2548 2572/1/2552 2573/1/2553
f 2568/1/2548 2562/1/2542 2572/1/2552
f 2569/1/2549 2573/1/2553 2577/1/2557
f 2569/1/2549 2568/1/2548 2573/1/2553
f 2575/1/2555 2539/1/2519 2567/1/2547
f 2573/1/2553 2572/1/2552 2576/1/2556
f 2574/1/2554 2579/1/2559 2542/1/2522
f 2575/1/2555 2542/1/2522 2543/1/2523
f 2573/1/2553 2581/1/2561 2583/1/2563
f 2573/1/2553 2576/1/2556 2581/1/2561
f 2578/1/2558 2577/1/2557 2583/1/2563
f 2550/1/2530 2546/1/2526 2584/1/2564
f 2589/1/2569 2585/1/2565 2588/1/2568
f 2537/1/2517 2904/1/2884 2909/1/2889
f 2594/1/2574 2591/1/2571 2592/1/2572
f 2591/1/2571 2906/1/2886 2593/1/2573
f 2538/1/2518 2541/1/2521 2594/1/2574
f 2561/1/2541 1972/1/1952 1999/1/1979
f 2595/1/2575 2450/1/2430 2531/1/2511
f 2533/1/2513 2596/1/2576 2532/1/2512
f 2597/1/2577 2533/1/2513 2534/1/2514
f 2535/1/2515 2595/1/2575 2531/1/2511
f 2598/1/2578 2534/1/2514 2537/1/2517
f 2599/1/2579 2595/1/2575 2535/1/2515
f 2536/1/2516 2596/1/2576 2600/1/2580
f 2597/1/2577 2602/1/2582 2533/1/2513
f 2600/1/2580 2596/1/2576 2601/1/2581
f 2603/1/2583 2597/1/2577 2598/1/2578
f 2603/1/2583 2604/1/2584 2597/1/2577
f 2600/1/2580 2605/1/2585 2599/1/2579
f 2606/1/2586 2608/1/2588 2604/1/2584
f 2611/1/2591 2605/1/2585 2600/1/2580
f 2607/1/2587 2612/1/2592 2606/1/2586
f 2557/1/2537 2619/1/2599 2551/1/2531
f 2619/1/2599 2621/1/2601 2553/1/2533
f 2618/1/2598 2555/1/2535 2623/1/2603
f 2557/1/2537 2625/1/2605 2619/1/2599
f 2628/1/2608 2620/1/2600 2621/1/2601
f 2624/1/2604 2626/1/2606 2908/1/2888
f 2626/1/2606 2624/1/2604 2622/1/2602
f 2622/1/2602 2620/1/2600 2626/1/2606
f 2618/1/2598 2623/1/2603 2627/1/2607
f 2627/1/2607 2625/1/2605 2557/1/2537
f 2627/1/2607 2631/1/2611 2633/1/2613
f 2630/1/2610 2631/1/2611 2627/1/2607
f 2636/1/2616 2635/1/2615 2626/1/2606
f 2632/1/2612 2641/1/2621 2643/1/2623
f 2644/1/2624 2638/1/2618 2634/1/2614
f 2635/1/2615 2644/1/2624 2634/1/2614
f 2636/1/2616 2642/1/2622 2635/1/2615
f 2645/1/2625 2631/1/2611 2630/1/2610
f 2646/1/2626 2641/1/2621 2633/1/2613
f 2590/1/2570 2589/1/2569 2650/1/2630
f 2231/1/2211 2233/1/2213 2652/1/2632
f 2653/1/2633 2650/1/2630 2655/1/2635
f 2651/1/2631 2653/1/2633 2655/1/2635
f 2650/1/2630 2654/1/2634 2656/1/2636
f 2640/1/2620 2630/1/2610 2651/1/2631
f 2655/1/2635 2656/1/2636 2657/1/2637
f 2640/1/2620 2655/1/2635 2657/1/2637
f 2656/1/2636 2654/1/2634 2658/1/2638
f 2661/1/2641 2607/1/2587 2606/1/2586
f 2638/1/2618 2664/1/2644 2665/1/2645
f 2613/1/2593 2667/1/2647 2610/1/2590
f 2605/1/2585 2472/1/2452 2463/1/2443
f 2612/1/2592 2672/1/2652 2615/1/2595
f 2617/1/2597 2676/1/2656 2616/1/2596
f 2673/1/2653 2681/1/2661 2672/1/2652
f 2472/1/2452 2674/1/2654 2474/1/2454
f 2681/1/2661 2678/1/2658 2669/1/2649
f 2676/1/2656 2681/1/2661 2673/1/2653
f 2678/1/2658 2683/1/2663 2669/1/2649
f 2681/1/2661 2684/1/2664 2678/1/2658
f 2687/1/2667 2682/1/2662 2683/1/2663
f 2678/1/2658 2687/1/2667 2683/1/2663
f 2684/1/2664 2687/1/2667 2678/1/2658
f 2686/1/2666 2682/1/2662 2691/1/2671
f 2688/1/2668 2684/1/2664 2681/1/2661
f 2684/1/2664 2694/1/2674 2687/1/2667
f 2689/1/2669 2695/1/2675 2688/1/2668
f 2690/1/2670 2701/1/2681 2685/1/2665
f 2697/1/2677 2696/1/2676 2690/1/2670
f 2691/1/2671 2692/1/2672 2697/1/2677
f 2702/1/2682 2693/1/2673 2698/1/2678
f 2646/1/2626 2631/1/2611 2704/1/2684
f 2643/1/2623 2641/1/2621 2705/1/2685
f 2706/1/2686 2644/1/2624 2635/1/2615
f 2714/1/2694 2704/1/2684 2645/1/2625
f 2710/1/2690 2648/1/2628 2644/1/2624
f 2714/1/2694 2639/1/2619 2713/1/2693
f 2708/1/2688 2704/1/2684 2714/1/2694
f 2719/1/2699 2710/1/2690 2706/1/2686
f 2715/1/2695 2711/1/2691 2648/1/2628
f 2720/1/2700 2715/1/2695 2710/1/2690
f 2719/1/2699 2720/1/2700 2710/1/2690
f 2725/1/2705 2717/1/2697 2714/1/2694
f 2717/1/2697 2718/1/2698 2708/1/2688
f 2718/1/2698 2719/1/2699 2709/1/2689
f 2721/1/2701 2677/1/2657 2711/1/2691
f 2716/1/2696 2712/1/2692 2722/1/2702
f 2726/1/2706 2720/1/2700 2719/1/2699
f 2721/1/2701 2689/1/2669 2677/1/2657
f 2721/1/2701 2728/1/2708 2727/1/2707
f 2722/1/2702 2313/1/2293 2729/1/2709
f 2723/1/2703 2730/1/2710 2731/1/2711
f 2723/1/2703 2716/1/2696 2730/1/2710
f 2725/1/2705 2731/1/2711 2724/1/2704
f 2725/1/2705 2723/1/2703 2731/1/2711
f 2727/1/2707 2695/1/2675 2689/1/2669
f 2733/1/2713 2727/1/2707 2728/1/2708
f 2730/1/2710 2729/1/2709 2735/1/2715
f 2731/1/2711 2730/1/2710 2735/1/2715
f 2734/1/2714 2738/1/2718 2733/1/2713
f 2734/1/2714 2726/1/2706 2738/1/2718
f 2656/1/2636 2658/1/2638 2703/1/2683
f 2657/1/2637 2703/1/2683 2639/1/2619
f 2657/1/2637 2656/1/2636 2703/1/2683
f 2745/1/2725 2696/1/2676 2697/1/2677
f 2700/1/2680 2739/1/2719 2699/1/2679
f 2740/1/2720 2701/1/2681 2690/1/2670
f 2702/1/2682 2741/1/2721 2697/1/2677
f 2699/1/2679 2739/1/2719 2743/1/2723
f 2742/1/2722 2748/1/2728 2702/1/2682
f 2701/1/2681 2749/1/2729 2744/1/2724
f 2745/1/2725 2751/1/2731 2740/1/2720
f 2747/1/2727 2751/1/2731 2745/1/2725
f 2749/1/2729 2755/1/2735 2744/1/2724
f 2747/1/2727 2756/1/2736 2751/1/2731
f 2752/1/2732 2757/1/2737 2748/1/2728
f 2759/1/2739 2758/1/2738 2749/1/2729
f 2756/1/2736 2759/1/2739 2749/1/2729
f 2764/1/2744 2755/1/2735 2749/1/2729
f 2758/1/2738 2764/1/2744 2749/1/2729
f 2760/1/2740 2758/1/2738 2759/1/2739
f 2767/1/2747 2763/1/2743 2755/1/2735
f 2764/1/2744 2767/1/2747 2755/1/2735
f 2758/1/2738 2768/1/2748 2764/1/2744
f 2763/1/2743 2502/1/2482 2497/1/2477
f 2767/1/2747 2769/1/2749 2763/1/2743
f 2768/1/2748 2807/1/2787 2764/1/2744
f 2766/1/2746 2771/1/2751 2765/1/2745
f 2729/1/2709 2313/1/2293 2354/1/2334
f 2777/1/2757 2736/1/2716 2732/1/2712
f 2724/1/2704 2775/1/2755 2777/1/2757
f 2724/1/2704 2731/1/2711 2775/1/2755
f 2746/1/2726 2737/1/2717 2778/1/2758
f 2774/1/2754 2779/1/2759 2773/1/2753
f 2774/1/2754 2772/1/2752 2779/1/2759
f 2777/1/2757 2775/1/2755 2781/1/2761
f 2784/1/2764 2778/1/2758 2776/1/2756
f 2784/1/2764 2776/1/2756 2782/1/2762
f 2788/1/2768 2782/1/2762 2783/1/2763
f 2784/1/2764 2789/1/2769 2778/1/2758
f 2787/1/2767 2785/1/2765 2790/1/2770
f 2790/1/2770 2365/1/2345 2372/1/2352
f 2796/1/2776 2791/1/2771 2787/1/2767
f 2796/1/2776 2790/1/2770 2795/1/2775
f 2797/1/2777 2791/1/2771 2796/1/2776
f 2793/1/2773 2798/1/2778 2792/1/2772
f 2793/1/2773 2791/1/2771 2797/1/2777
f 2794/1/2774 2930/1/2910 2928/1/2908
f 2799/1/2779 2798/1/2778 2793/1/2773
f 2930/1/2910 2798/1/2778 2929/1/2909
f 2799/1/2779 2802/1/2782 2804/1/2784
f 2799/1/2779 2797/1/2777 2802/1/2782
f 2769/1/2749 2806/1/2786 2763/1/2743
f 2808/1/2788 2807/1/2787 2768/1/2748
f 2770/1/2750 2808/1/2788 2768/1/2748
f 2502/1/2482 2810/1/2790 2504/1/2484
f 2806/1/2786 2811/1/2791 2810/1/2790
f 2807/1/2787 2808/1/2788 2813/1/2793
f 2816/1/2796 2815/1/2795 2809/1/2789
f 2809/1/2789 2934/1/2914 2816/1/2796
f 2816/1/2796 2934/1/2914 2933/1/2913
f 2825/1/2805 2815/1/2795 2816/1/2796
f 2817/1/2797 2812/1/2792 2823/1/2803
f 2508/1/2488 2826/1/2806 2507/1/2487
f 2830/1/2810 2828/1/2808 2826/1/2806
f 2819/1/2799 2830/1/2810 2818/1/2798
f 2815/1/2795 2835/1/2815 2814/1/2794
f 2828/1/2808 2840/1/2820 2826/1/2806
f 2846/1/2826 2841/1/2821 2840/1/2820
f 2845/1/2825 2844/1/2824 2832/1/2812
f 2845/1/2825 2832/1/2812 2820/1/2800
f 2833/1/2813 2847/1/2827 2846/1/2826
f 2425/1/2405 2421/1/2401 2837/1/2817
f 2849/1/2829 2803/1/2783 2804/1/2784
f 2935/1/2915 2803/1/2783 2849/1/2829
f 2851/1/2831 2431/1/2411 2850/1/2830
f 2851/1/2831 2850/1/2830 2848/1/2828
f 2851/1/2831 2848/1/2828 2801/1/2781
f 2849/1/2829 2802/1/2782 2853/1/2833
f 2850/1/2830 2433/1/2413 2855/1/2835
f 2853/1/2833 2856/1/2836 2852/1/2832
f 2853/1/2833 2848/1/2828 2856/1/2836
f 2855/1/2835 2411/1/2391 2827/1/2807
f 2829/1/2809 2820/1/2800 2852/1/2832
f 1817/2/1797 761/3/761 763/4/763 1814/5/1794
f 722/6/722 725/7/725 1783/8/1763 1780/9/1760
f 2116/10/2096 2898/11/2878 2905/12/2885 2544/13/2524
f 2929/14/2909 2805/15/2785 2378/16/2358 2376/17/2356
f 2803/18/2783 2935/19/2915 2921/20/2901
f 2916/21/2896 2927/22/2907 2343/23/2323
f 2335/24/2315 2913/25/2893 2762/26/2742
f 2941/27/2921 2940/28/2920 2939/29/2919
f 2945/30/2925 2943/31/2923 2942/32/2922
f 2945/30/2925 2944/33/2924 2943/31/2923
f 2948/34/2928 2947/35/2927 2946/36/2926
f 2938/37/2918 2950/38/2930 2949/39/2929
f 2950/38/2930 2938/37/2918 2937/40/2917
f 2955/41/2934 2954/28/2933 2953/29/2932
f 2959/42/2935 2957/31/2923 2956/32/2922
f 2957/31/2923 2959/42/2935 2958/33/2924
f 2960/36/2926 2962/43/2936 2961/35/2927
f 2952/44/2931 2964/38/2930 2963/39/2937
f 2964/38/2930 2952/44/2931 2951/40/2917
f 2967/29/2940 2969/45/2942 2968/28/2941
f 2972/46/2945 2971/31/2944 2970/32/2943
f 2975/47/2948 2974/36/2947 2973/33/2946
f 2978/48/2951 2977/39/2950 2976/35/2949
f 2979/38/2952 2977/39/2950 2978/48/2951 2966/49/2939
f 2966/49/2939 2965/40/2938 2979/38/2952
f 2983/50/2956 2981/29/2954 2980/51/2953
f 2983/50/2956 2982/28/2955 2981/29/2954
f 2986/52/2959 2985/31/2958 2984/32/2957
f 2990/53/2963 2988/36/2961 2987/33/2960
f 2988/36/2961 2990/53/2963 2989/35/2962
f 2993/54/2966 2992/38/2965 2991/39/2964
f 2998/55/2971 2997/28/2970 2996/29/2969
f 3002/56/2975 3000/31/2973 2999/32/2972
f 3000/31/2973 3002/56/2975 3001/33/2974
f 3003/36/2976 3005/57/2978 3004/35/2977
f 2995/58/2968 3007/38/2980 3006/39/2979
f 2995/58/2968 2994/40/2967 3007/38/2980
f 3012/59/2985 3011/28/2984 3010/29/2983
f 3013/32/2986 3015/60/2988 3014/31/2987
f 3018/61/2991 3017/36/2990 3016/33/2989
f 3022/62/2995 3020/39/2993 3019/35/2992
f 3022/62/2995 3021/38/2994 3020/39/2993
f 3028/63/3001 3026/28/2999 3025/29/2998
f 3028/63/3001 3027/32/3000 3026/28/2999
f 3030/64/3003 3031/33/3004 3029/31/3002
f 3031/33/3004 3030/64/3003 3032/36/3005
f 3035/65/3008 3034/39/3007 3033/35/3006
f 3024/66/2997 3023/40/2996 3036/38/3009
f 3037/51/3010 3040/67/3013 3038/29/3011
f 3038/29/3011 3040/67/3013 3039/28/3012
f 3043/68/3016 3042/31/3015 3041/32/3014
f 3044/33/3017 3047/69/3020 3045/36/3018
f 3045/36/3018 3047/69/3020 3046/35/3019
f 3050/70/3023 3049/38/3022 3048/39/3021
f 3056/71/3029 3054/28/3027 3053/29/3026
f 3056/71/3029 3055/32/3028 3054/28/3027
f 3061/72/3034 3060/36/3033 3059/33/3032
f 3064/73/3037 3063/39/3036 3062/35/3035
f 3056/74/3029 3052/75/3025 3064/76/3037 3061/77/3034 3058/78/3031
f 3052/79/3025 3051/40/3024 3065/38/3038
f 3068/80/3041 3067/29/3040 3066/51/3039
f 3071/81/3044 3070/32/3043 3069/28/3042
f 3076/82/3048 3075/36/3047 3074/33/3032
f 3079/83/3051 3078/39/3050 3077/35/3049
f 3068/84/3041 3080/38/3052 3078/39/3050 3079/83/3051
f 3068/84/3041 3066/40/3039 3080/38/3052
f 3083/85/3055 3082/29/3054 3081/51/3053
f 3087/86/3059 3085/32/3057 3084/28/3056
f 3085/32/3057 3087/86/3059 3086/31/3058
f 3088/33/3060 3091/87/3063 3089/36/3061
f 3089/36/3061 3091/87/3063 3090/35/3062
f 3094/88/3066 3093/38/3065 3092/39/3064
f 3097/89/3069 3096/29/3068 3095/51/3067
f 3100/90/3072 3099/32/3071 3098/28/3070
f 3104/91/3076 3102/33/3074 3101/31/3073
f 3104/91/3076 3103/36/3075 3102/33/3074
f 3108/92/3080 3106/39/3078 3105/35/3077
f 3108/92/3080 3107/38/3079 3106/39/3078
f 3111/93/3083 3110/29/3082 3109/51/3081
f 3114/94/3086 3113/32/3085 3112/28/3084
f 3118/95/3090 3116/33/3088 3115/31/3087
f 3118/95/3090 3117/36/3089 3116/33/3088
f 3123/96/3095 3122/38/3094 3121/39/3093
f 3128/45/3100 3127/28/3099 3126/29/3098
f 3131/97/3103 3130/31/3102 3129/32/3101
f 3134/98/3106 3133/36/3105 3132/33/3104
f 3125/99/3097 3138/38/3110 3137/39/3109
f 3138/38/3110 3125/99/3097 3124/40/3096
f 3143/100/3115 3142/28/3114 3141/29/3113
f 3146/101/3118 3145/31/3117 3144/32/3116
f 3149/102/3121 3148/36/3120 3147/33/3119
f 3152/103/3124 3151/39/3123 3150/35/3122
f 3153/38/3125 3151/39/3123 3152/103/3124 3140/104/3112
f 3140/104/3112 3139/40/3111 3153/38/3125
f 3156/105/3128 3155/29/3127 3154/51/3126
f 3158/106/3130 3159/32/3131 3157/28/3129
f 3158/106/3130 3160/31/3132 3159/32/3131
f 3163/107/3135 3162/36/3134 3161/33/3133
f 3166/108/3138 3165/39/3137 3164/35/3136
f 3156/109/3128 3154/40/3126 3167/38/3139
f 3170/29/3142 3173/110/3145 3171/28/3143
f 3171/28/3143 3173/110/3145 3172/32/3144
f 3174/31/3146 3177/111/3149 3175/33/3147
f 3175/33/3147 3177/111/3149 3176/36/3148
f 3180/112/3152 3179/39/3151 3178/35/3150
f 3169/113/3141 3168/40/3140 3181/38/3153
f 3186/114/3158 3185/28/3157 3184/29/3156
f 3190/115/3162 3188/31/3160 3187/32/3159
f 3190/115/3162 3189/33/3161 3188/31/3160
f 3195/73/3167 3194/39/3166 3193/35/3165
f 3196/38/3168 3183/116/3155 3182/40/3154
f 3198/1/3170 3197/1/3169 3206/1/3178
f 3200/1/3172 3199/1/3171 3207/1/3179
f 3218/1/3190 3216/1/3188 3214/1/3186
f 3222/1/3194 3219/1/3191 3217/1/3189
f 3222/1/3194 3220/1/3192 3223/1/3195
f 3230/1/3202 3231/1/3203 3234/1/3206
f 3237/1/3209 3232/1/3204 3233/1/3205
f 3215/1/3187 3214/1/3186 3237/1/3209
f 3216/1/3188 3236/1/3208 3232/1/3204
f 3215/1/3187 3234/1/3206 3238/1/3210
f 3217/1/3189 3215/1/3187 3238/1/3210
f 3242/1/3214 3216/1/3188 3221/1/3193
f 3244/1/3216 3220/1/3192 3239/1/3211
f 3246/1/3218 3243/1/3215 3242/1/3214
f 3246/1/3218 3221/1/3193 3225/1/3197
f 3248/1/3220 3247/1/3219 3245/1/3217
f 3229/1/3201 3197/1/3169 3198/1/3170
f 3233/1/3205 3232/1/3204 3249/1/3221
f 3251/1/3223 3241/1/3213 3243/1/3215
f 3245/1/3217 3240/1/3212 3252/1/3224
f 3205/1/3177 3197/1/3169 3249/1/3221
f 3255/1/3227 3235/1/3207 3208/1/3180
f 3257/1/3229 3250/1/3222 3255/1/3227
f 3212/1/3184 3236/1/3208 3241/1/3213
f 3259/1/3231 3240/1/3212 3257/1/3229
f 3260/1/3232 3252/1/3224 3259/1/3231
f 3268/1/3240 3269/1/3241 3203/1/3175
f 3203/1/3175 3202/1/3174 3268/1/3240
f 3204/1/3176 3203/1/3175 3272/1/3244
f 3206/1/3178 3271/1/3243 3267/1/3239
f 3206/1/3178 3205/1/3177 3271/1/3243
f 3276/1/3248 3277/1/3249 3278/1/3250
f 3278/1/3250 3279/1/3251 3281/1/3253
f 3280/1/3252 3271/1/3243 3290/1/3262
f 3290/1/3262 3271/1/3243 3283/1/3255
f 3292/1/3264 3282/1/3254 3291/1/3263
f 3277/1/3249 3286/1/3258 3295/1/3267
f 3297/1/3269 3284/1/3256 3288/1/3260
f 3289/1/3261 3277/1/3249 3295/1/3267
f 3279/1/3251 3289/1/3261 3298/1/3270
f 3299/1/3271 3287/1/3259 3290/1/3262
f 3291/1/3263 3279/1/3251 3298/1/3270
f 3294/1/3266 3284/1/3256 3301/1/3273
f 3295/1/3267 3286/1/3258 3302/1/3274
f 3297/1/3269 3287/1/3259 3303/1/3275
f 3303/1/3275 3287/1/3259 3299/1/3271
f 3312/1/3284 3301/1/3273 3297/1/3269
f 3306/1/3278 3305/1/3277 3314/1/3286
f 3308/1/3280 3307/1/3279 3316/1/3288
f 3312/1/3284 3315/1/3287 3301/1/3273
f 3313/1/3285 3310/1/3282 3318/1/3290
f 3319/1/3291 3313/1/3285 3318/1/3290
f 3314/1/3286 3320/1/3292 3321/1/3293
f 3317/1/3289 3265/1/3237 3328/1/3300
f 3321/1/3293 3320/1/3292 3330/1/3302
f 3332/1/3304 3212/1/3184 3209/1/3181
f 3333/1/3305 3209/1/3181 3210/1/3182
f 3334/1/3306 3210/1/3182 3213/1/3185
f 3335/1/3307 3331/1/3303 3332/1/3304
f 3336/1/3308 3333/1/3305 3334/1/3306
f 3337/1/3309 3334/1/3306 3213/1/3185
f 3338/1/3310 3331/1/3303 3335/1/3307
f 3339/1/3311 3336/1/3308 3337/1/3309
f 3342/1/3314 3338/1/3310 3336/1/3308
f 3339/1/3311 3343/1/3315 3336/1/3308
f 3340/1/3312 3344/1/3316 3339/1/3311
f 3341/1/3313 3346/1/3318 3345/1/3317
f 3345/1/3317 3263/1/3235 3341/1/3313
f 3345/1/3317 3264/1/3236 3262/1/3234
f 3343/1/3315 3347/1/3319 3342/1/3314
f 3344/1/3316 3348/1/3320 3343/1/3315
f 3345/1/3317 3266/1/3238 3264/1/3236
f 3347/1/3319 3351/1/3323 3346/1/3318
f 3350/1/3322 3352/1/3324 3266/1/3238
f 3355/1/3327 3348/1/3320 3349/1/3321
f 3274/1/3246 3208/1/3180 3273/1/3245
f 3356/1/3328 3205/1/3177 3256/1/3228
f 3357/1/3329 3255/1/3227 3274/1/3246
f 3283/1/3255 3271/1/3243 3356/1/3328
f 3360/1/3332 3274/1/3246 3282/1/3254
f 3358/1/3330 3258/1/3230 3360/1/3332
f 3360/1/3332 3292/1/3264 3293/1/3265
f 3361/1/3333 3360/1/3332 3293/1/3265
f 3362/1/3334 3358/1/3330 3361/1/3333
f 3364/1/3336 3361/1/3333 3363/1/3335
f 3365/1/3337 3363/1/3335 3306/1/3278
f 3306/1/3278 3321/1/3293 3367/1/3339
f 3366/1/3338 3367/1/3339 3368/1/3340
f 3369/1/3341 3367/1/3339 3330/1/3302
f 3326/1/3298 3325/1/3297 3372/1/3344
f 3374/1/3346 4316/1/4288 4318/1/4290
f 3329/1/3301 3375/1/3347 3382/1/3354
f 3376/1/3348 3329/1/3301 3382/1/3354
f 3377/1/3349 3379/1/3351 3325/1/3297
f 3384/1/3356 4318/1/4290 4320/1/4292
f 3382/1/3354 3384/1/3356 3388/1/3360
f 3390/1/3362 4322/1/4294 4321/1/4293
f 3352/1/3324 3370/1/3342 3265/1/3237
f 3392/1/3364 3393/1/3365 3370/1/3342
f 3392/1/3364 3394/1/3366 3395/1/3367
f 3395/1/3367 3394/1/3366 3396/1/3368
f 3355/1/3327 3397/1/3369 3354/1/3326
f 3395/1/3367 3396/1/3368 3399/1/3371
f 3400/1/3372 3396/1/3368 3401/1/3373
f 3400/1/3372 3403/1/3375 3399/1/3371
f 3330/1/3302 3376/1/3348 3406/1/3378
f 3368/1/3340 3369/1/3341 3407/1/3379
f 3406/1/3378 3376/1/3348 3408/1/3380
f 3409/1/3381 3369/1/3341 3408/1/3380
f 3407/1/3379 3409/1/3381 3410/1/3382
f 3377/1/3349 3393/1/3365 3385/1/3357
f 3377/1/3349 3385/1/3357 3379/1/3351
f 3408/1/3380 3389/1/3361 3413/1/3385
f 3412/1/3384 3393/1/3365 3398/1/3370
f 3409/1/3381 3413/1/3385 3414/1/3386
f 3411/1/3383 3416/1/3388 3417/1/3389
f 3387/1/3359 3426/1/3398 3391/1/3363
f 3412/1/3384 3418/1/3390 3385/1/3357
f 3422/1/3394 3420/1/3392 3391/1/3363
f 3413/1/3385 3420/1/3392 3423/1/3395
f 3424/1/3396 3398/1/3370 3403/1/3375
f 3421/1/3393 3425/1/3397 3419/1/3391
f 3428/1/3400 3426/1/3398 4323/1/4295
f 3398/1/3370 3429/1/3401 3412/1/3384
f 3424/1/3396 3429/1/3401 3398/1/3370
f 3414/1/3386 3423/1/3395 3430/1/3402
f 3432/1/3404 3416/1/3388 3431/1/3403
f 3417/1/3389 3416/1/3388 3432/1/3404
f 3425/1/3397 3421/1/3393 4324/1/4296
f 3433/1/3405 4323/1/4295 4325/1/4297
f 3429/1/3401 3436/1/3408 3437/1/3409
f 3424/1/3396 3436/1/3408 3429/1/3401
f 3439/1/3411 3430/1/3402 3438/1/3410
f 3404/1/3376 3440/1/3412 3403/1/3375
f 3441/1/3413 3431/1/3403 3439/1/3411
f 3436/1/3408 3449/1/3421 3446/1/3418
f 3438/1/3410 3448/1/3420 3450/1/3422
f 3452/1/3424 3439/1/3411 3450/1/3422
f 3444/1/3416 4328/1/4300 4326/1/4298
f 3448/1/3420 3445/1/3417 3459/1/3431
f 3452/1/3424 3450/1/3422 3460/1/3432
f 3466/1/3438 3463/1/3435 3467/1/3439
f 3471/1/3443 3469/1/3441 3468/1/3440
f 3473/1/3445 3470/1/3442 3469/1/3441
f 3474/1/3446 3472/1/3444 3470/1/3442
f 3448/1/3420 3459/1/3431 3477/1/3449
f 3478/1/3450 3446/1/3418 3449/1/3421
f 3460/1/3432 3448/1/3420 3477/1/3449
f 3461/1/3433 3469/1/3441 3453/1/3425
f 3459/1/3431 3457/1/3429 3484/1/3456
f 3485/1/3457 3475/1/3447 3446/1/3418
f 3478/1/3450 3485/1/3457 3446/1/3418
f 3477/1/3449 3459/1/3431 3490/1/3462
f 3493/1/3465 3487/1/3459 3482/1/3454
f 3476/1/3448 3493/1/3465 3482/1/3454
f 3469/1/3441 3470/1/3442 3479/1/3451
f 3489/1/3461 3492/1/3464 3497/1/3469
f 3484/1/3456 3489/1/3461 3500/1/3472
f 3490/1/3462 3484/1/3456 3500/1/3472
f 3480/1/3452 3495/1/3467 3502/1/3474
f 3505/1/3477 3499/1/3471 3475/1/3447
f 3490/1/3462 3500/1/3472 3506/1/3478
f 3485/1/3457 3505/1/3477 3475/1/3447
f 3507/1/3479 3463/1/3435 3491/1/3463
f 3510/1/3482 3505/1/3477 3485/1/3457
f 3507/1/3479 3504/1/3476 3512/1/3484
f 3498/1/3470 3508/1/3480 3513/1/3485
f 3493/1/3465 3499/1/3471 3514/1/3486
f 3506/1/3478 3500/1/3472 3515/1/3487
f 3503/1/3475 3502/1/3474 3518/1/3490
f 3465/1/3437 3466/1/3438 3519/1/3491
f 3520/1/3492 3521/1/3493 3522/1/3494
f 3525/1/3497 3474/1/3446 3473/1/3445
f 3509/1/3481 3506/1/3478 3532/1/3504
f 3513/1/3485 3530/1/3502 3534/1/3506
f 3515/1/3487 3513/1/3485 3534/1/3506
f 3535/1/3507 3531/1/3503 3505/1/3477
f 3502/1/3474 3517/1/3489 3536/1/3508
f 3534/1/3506 3530/1/3502 3537/1/3509
f 3514/1/3486 3531/1/3503 3538/1/3510
f 3515/1/3487 3534/1/3506 3539/1/3511
f 3535/1/3507 3538/1/3510 3531/1/3503
f 3509/1/3481 3532/1/3504 3540/1/3512
f 3517/1/3489 3516/1/3488 3542/1/3514
f 3536/1/3508 3517/1/3489 3546/1/3518
f 3532/1/3504 3539/1/3511 3549/1/3521
f 3544/1/3516 3543/1/3515 3551/1/3523
f 3537/1/3509 3523/1/3495 3553/1/3525
f 3548/1/3520 3537/1/3509 3553/1/3525
f 3540/1/3512 3550/1/3522 3557/1/3529
f 3526/1/3498 3558/1/3530 3524/1/3496
f 3561/1/3533 3543/1/3515 3545/1/3517
f 3539/1/3511 3548/1/3520 3563/1/3535
f 3555/1/3527 3561/1/3533 3545/1/3517
f 3549/1/3521 3539/1/3511 3563/1/3535
f 3542/1/3514 3557/1/3529 3564/1/3536
f 3546/1/3518 3542/1/3514 3564/1/3536
f 3561/1/3533 3565/1/3537 3543/1/3515
f 3549/1/3521 3563/1/3535 3567/1/3539
f 3550/1/3522 3549/1/3521 3567/1/3539
f 3359/1/3331 3569/1/3541 3568/1/3540
f 3571/1/3543 3362/1/3334 3364/1/3336
f 3365/1/3337 3366/1/3338 3574/1/3546
f 3571/1/3543 3573/1/3545 3575/1/3547
f 3573/1/3545 3574/1/3546 3576/1/3548
f 3577/1/3549 3575/1/3547 3576/1/3548
f 3574/1/3546 3368/1/3340 3578/1/3550
f 3576/1/3548 3578/1/3550 3579/1/3551
f 3578/1/3550 3410/1/3382 3411/1/3383
f 3581/1/3553 3582/1/3554 3580/1/3552
f 3228/1/3200 3223/1/3195 3584/1/3556
f 3226/1/3198 3227/1/3199 3586/1/3558
f 3585/1/3557 3226/1/3198 3588/1/3560
f 3589/1/3561 3587/1/3559 3584/1/3556
f 3586/1/3558 3587/1/3559 3591/1/3563
f 3590/1/3562 3588/1/3560 3592/1/3564
f 3594/1/3566 3224/1/3196 3225/1/3197
f 3585/1/3557 3594/1/3566 3225/1/3197
f 3595/1/3567 3248/1/3220 3597/1/3569
f 3596/1/3568 3594/1/3566 3598/1/3570
f 3590/1/3562 3598/1/3570 3585/1/3557
f 3589/1/3561 3599/1/3571 3602/1/3574
f 3600/1/3572 3598/1/3570 3604/1/3576
f 3607/1/3579 3606/1/3578 3601/1/3573
f 3612/1/3584 3611/1/3583 3607/1/3579
f 3248/1/3220 3254/1/3226 3613/1/3585
f 3580/1/3552 3211/1/3183 3253/1/3225
f 3597/1/3569 3613/1/3585 3615/1/3587
f 3600/1/3572 3614/1/3586 3596/1/3568
f 3581/1/3553 3614/1/3586 3616/1/3588
f 3603/1/3575 3617/1/3589 3602/1/3574
f 3609/1/3581 3619/1/3591 3604/1/3576
f 3608/1/3580 3617/1/3589 3621/1/3593
f 3254/1/3226 3260/1/3232 3623/1/3595
f 3613/1/3585 3624/1/3596 3615/1/3587
f 3613/1/3585 3623/1/3595 3624/1/3596
f 3617/1/3589 3625/1/3597 3629/1/3601
f 3622/1/3594 3627/1/3599 3619/1/3591
f 3622/1/3594 3610/1/3582 3631/1/3603
f 3689/1/3661 3630/1/3602 3628/1/3600
f 3634/1/3606 3631/1/3603 3635/1/3607
f 3582/1/3554 3638/1/3610 3213/1/3185
f 3581/1/3553 3639/1/3611 3582/1/3554
f 3583/1/3555 3640/1/3612 3581/1/3553
f 3644/1/3616 3639/1/3611 3640/1/3612
f 3641/1/3613 3644/1/3616 3640/1/3612
f 3340/1/3312 3337/1/3309 3642/1/3614
f 3641/1/3613 3645/1/3617 3644/1/3616
f 3647/1/3619 3340/1/3312 3642/1/3614
f 3648/1/3620 3642/1/3614 3643/1/3615
f 3646/1/3618 3650/1/3622 3645/1/3617
f 3651/1/3623 3647/1/3619 3648/1/3620
f 3649/1/3621 3652/1/3624 3648/1/3620
f 3349/1/3321 3344/1/3316 3647/1/3619
f 3653/1/3625 3647/1/3619 3651/1/3623
f 3654/1/3626 3651/1/3623 3652/1/3624
f 3649/1/3621 3655/1/3627 3652/1/3624
f 3653/1/3625 3657/1/3629 3349/1/3321
f 3654/1/3626 3658/1/3630 3653/1/3625
f 3659/1/3631 3654/1/3626 3655/1/3627
f 3662/1/3634 3660/1/3632 3656/1/3628
f 3626/1/3598 3664/1/3636 3625/1/3597
f 3627/1/3599 3665/1/3637 3583/1/3555
f 3629/1/3601 3666/1/3638 3628/1/3600
f 3629/1/3601 3664/1/3636 3666/1/3638
f 3664/1/3636 3668/1/3640 3669/1/3641
f 3670/1/3642 3641/1/3613 3665/1/3637
f 3668/1/3640 3671/1/3643 3672/1/3644
f 3669/1/3641 3672/1/3644 3673/1/3645
f 3672/1/3644 3674/1/3646 3675/1/3647
f 3675/1/3647 3674/1/3646 3676/1/3648
f 3677/1/3649 3678/1/3650 3679/1/3651
f 3681/1/3653 3678/1/3650 3680/1/3652
f 3670/1/3642 3646/1/3618 3641/1/3613
f 3684/1/3656 3650/1/3622 3683/1/3655
f 3685/1/3657 3656/1/3628 3684/1/3656
f 3693/1/3665 3691/1/3663 3636/1/3608
f 3687/1/3659 3670/1/3642 3665/1/3637
f 3666/1/3638 3669/1/3641 3696/1/3668
f 3692/1/3664 3698/1/3670 3688/1/3660
f 3700/1/3672 3692/1/3664 3691/1/3663
f 3702/1/3674 3699/1/3671 3695/1/3667
f 3703/1/3675 3701/1/3673 3699/1/3671
f 3697/1/3669 3704/1/3676 3670/1/3642
f 3696/1/3668 3673/1/3645 3706/1/3678
f 3702/1/3674 3709/1/3681 3699/1/3671
f 3710/1/3682 3700/1/3672 3701/1/3673
f 3703/1/3675 3710/1/3682 3701/1/3673
f 3673/1/3645 3675/1/3647 3711/1/3683
f 3707/1/3679 3683/1/3655 3697/1/3669
f 3712/1/3684 3707/1/3679 3698/1/3670
f 3702/1/3674 3705/1/3677 3713/1/3685
f 3710/1/3682 3716/1/3688 3700/1/3672
f 3703/1/3675 3709/1/3681 3717/1/3689
f 3707/1/3679 3720/1/3692 3683/1/3655
f 3714/1/3686 3721/1/3693 3713/1/3685
f 3722/1/3694 3716/1/3688 3710/1/3682
f 3723/1/3695 3719/1/3691 3676/1/3648
f 3676/1/3648 3677/1/3649 3723/1/3695
f 3724/1/3696 3684/1/3656 3720/1/3692
f 3725/1/3697 3719/1/3691 3723/1/3695
f 3718/1/3690 3721/1/3693 3731/1/3703
f 3726/1/3698 3733/1/3705 3724/1/3696
f 3734/1/3706 3721/1/3693 3725/1/3697
f 3734/1/3706 3725/1/3697 3732/1/3704
f 3735/1/3707 3726/1/3698 3727/1/3699
f 3737/1/3709 3730/1/3702 3731/1/3703
f 3685/1/3657 3738/1/3710 3686/1/3658
f 3740/1/3712 3732/1/3704 3682/1/3654
f 3734/1/3706 3732/1/3704 3740/1/3712
f 4343/1/4315 3736/1/3708 3729/1/3701
f 3737/1/3709 3734/1/3706 3743/1/3715
f 3661/1/3633 3744/1/3716 3657/1/3629
f 3745/1/3717 3661/1/3633 3659/1/3631
f 3746/1/3718 3659/1/3631 3660/1/3632
f 3662/1/3634 3746/1/3718 3660/1/3632
f 3745/1/3717 3749/1/3721 3748/1/3720
f 3402/1/3374 3401/1/3373 3747/1/3719
f 3748/1/3720 3752/1/3724 3747/1/3719
f 3753/1/3725 3749/1/3721 3750/1/3722
f 3754/1/3726 3752/1/3724 3749/1/3721
f 3757/1/3729 3680/1/3652 3756/1/3728
f 3759/1/3731 3682/1/3654 3681/1/3653
f 3759/1/3731 3681/1/3653 3757/1/3729
f 3762/1/3734 3756/1/3728 3761/1/3733
f 3757/1/3729 3762/1/3734 3759/1/3731
f 3758/1/3730 3751/1/3723 3686/1/3658
f 3764/1/3736 3760/1/3732 3417/1/3389
f 3768/1/3740 3762/1/3734 3766/1/3738
f 3751/1/3723 3767/1/3739 3753/1/3725
f 3768/1/3740 3763/1/3735 3759/1/3731
f 3772/1/3744 3763/1/3735 3768/1/3740
f 3772/1/3744 3768/1/3740 3778/1/3750
f 3772/1/3744 3774/1/3746 3776/1/3748
f 3764/1/3736 3432/1/3404 3773/1/3745
f 3764/1/3736 3417/1/3389 3432/1/3404
f 3779/1/3751 3754/1/3726 3753/1/3725
f 3778/1/3750 3766/1/3738 3777/1/3749
f 3779/1/3751 3753/1/3725 3767/1/3739
f 3775/1/3747 3780/1/3752 3769/1/3741
f 4336/1/4308 3775/1/3747 3770/1/3742
f 3770/1/3742 3821/1/3793 4336/1/4308
f 3776/1/3748 4339/1/4311 4337/1/4309
f 3776/1/3748 3774/1/3746 3781/1/3753
f 3786/1/3758 3778/1/3750 3777/1/3749
f 3786/1/3758 3777/1/3749 3784/1/3756
f 4336/1/4308 4338/1/4310 3775/1/3747
f 3799/1/3771 3786/1/3758 3794/1/3766
f 3795/1/3767 3802/1/3774 3794/1/3766
f 3801/1/3773 3799/1/3771 3806/1/3778
f 4344/1/4316 3736/1/3708 4343/1/4315
f 3812/1/3784 4346/1/4318 4345/1/4317
f 3817/1/3789 3682/1/3654 3763/1/3735
f 3814/1/3786 3758/1/3730 3808/1/3780
f 3809/1/3781 3814/1/3786 3808/1/3780
f 4349/1/4321 3812/1/3784 3813/1/3785
f 3813/1/3785 3739/1/3711 3816/1/3788
f 3769/1/3741 3751/1/3723 3814/1/3786
f 3815/1/3787 3769/1/3741 3814/1/3786
f 3818/1/3790 3821/1/3793 3815/1/3787
f 3820/1/3792 3816/1/3788 3771/1/3743
f 3821/1/3793 3770/1/3742 3815/1/3787
f 3822/1/3794 3771/1/3743 3776/1/3748
f 3825/1/3797 3471/1/3443 3468/1/3440
f 3823/1/3795 3825/1/3797 3468/1/3440
f 3824/1/3796 3826/1/3798 3823/1/3795
f 3827/1/3799 3828/1/3800 3824/1/3796
f 3462/1/3434 3481/1/3453 3829/1/3801
f 3823/1/3795 3461/1/3433 3791/1/3763
f 3803/1/3775 3832/1/3804 3796/1/3768
f 3799/1/3771 3802/1/3774 3833/1/3805
f 3806/1/3778 3799/1/3771 3833/1/3805
f 3836/1/3808 4352/1/4324 4353/1/4325
f 3807/1/3779 3838/1/3810 3805/1/3777
f 3806/1/3778 3833/1/3805 3837/1/3809
f 3839/1/3811 3842/1/3814 3838/1/3810
f 3829/1/3801 3481/1/3453 3844/1/3816
f 3824/1/3796 3823/1/3795 3830/1/3802
f 3834/1/3806 3846/1/3818 3803/1/3775
f 3847/1/3819 3834/1/3806 3835/1/3807
f 3850/1/3822 4357/1/4329 4355/1/4327
f 3842/1/3814 3850/1/3822 4355/1/4327
f 3844/1/3816 3481/1/3453 3503/1/3475
f 3845/1/3817 3829/1/3801 3851/1/3823
f 3848/1/3820 3853/1/3825 3837/1/3809
f 4359/1/4331 3857/1/3829 3849/1/3821
f 3859/1/3831 3846/1/3818 3834/1/3806
f 3847/1/3819 3859/1/3831 3834/1/3806
f 3850/1/3822 3861/1/3833 3857/1/3829
f 3859/1/3831 3862/1/3834 3846/1/3818
f 3865/1/3837 3854/1/3826 3856/1/3828
f 3858/1/3830 3867/1/3839 3850/1/3822
f 3851/1/3823 3844/1/3816 3518/1/3490
f 3858/1/3830 3872/1/3844 3867/1/3839
f 3873/1/3845 3866/1/3838 3860/1/3832
f 3875/1/3847 3877/1/3849 3874/1/3846
f 3826/1/3798 3878/1/3850 3825/1/3797
f 3878/1/3850 3525/1/3497 3473/1/3445
f 3828/1/3800 3880/1/3852 3826/1/3798
f 3881/1/3853 3878/1/3850 3880/1/3852
f 3529/1/3501 3525/1/3497 3878/1/3850
f 3862/1/3834 3879/1/3851 3827/1/3799
f 3858/1/3830 3871/1/3843 3882/1/3854
f 3868/1/3840 3851/1/3823 3883/1/3855
f 3885/1/3857 3870/1/3842 3863/1/3835
f 3869/1/3841 3868/1/3840 3890/1/3862
f 3891/1/3863 3879/1/3851 3862/1/3834
f 3885/1/3857 3863/1/3835 3892/1/3864
f 3882/1/3854 3871/1/3843 3893/1/3865
f 3868/1/3840 3883/1/3855 3895/1/3867
f 3885/1/3857 3896/1/3868 3870/1/3842
f 3893/1/3865 3870/1/3842 3896/1/3868
f 3897/1/3869 3887/1/3859 3888/1/3860
f 3879/1/3851 3899/1/3871 3880/1/3852
f 3900/1/3872 3894/1/3866 3882/1/3854
f 3899/1/3871 3881/1/3853 3880/1/3852
f 3890/1/3862 3895/1/3867 3909/1/3881
f 3903/1/3875 3890/1/3862 3909/1/3881
f 3910/1/3882 3905/1/3877 3887/1/3859
f 3893/1/3865 3896/1/3868 3912/1/3884
f 3900/1/3872 3893/1/3865 3912/1/3884
f 3903/1/3875 3915/1/3887 3916/1/3888
f 3912/1/3884 3896/1/3868 3916/1/3888
f 3875/1/3847 3872/1/3844 3920/1/3892
f 3921/1/3893 3922/1/3894 3876/1/3848
f 3923/1/3895 3921/1/3893 3920/1/3892
f 3923/1/3895 3894/1/3866 3908/1/3880
f 3925/1/3897 3667/1/3639 3623/1/3595
f 3667/1/3639 3926/1/3898 3671/1/3643
f 3570/1/3542 3572/1/3544 3927/1/3899
f 3671/1/3643 3926/1/3898 3674/1/3646
f 3926/1/3898 3927/1/3899 3928/1/3900
f 3929/1/3901 3927/1/3899 3575/1/3547
f 3930/1/3902 3928/1/3900 3929/1/3901
f 3577/1/3549 3576/1/3548 3579/1/3551
f 3931/1/3903 3929/1/3901 3579/1/3551
f 3680/1/3652 3930/1/3902 3931/1/3903
f 3760/1/3732 3579/1/3551 3411/1/3383
f 3761/1/3733 3931/1/3903 3760/1/3732
f 3551/1/3523 3565/1/3537 3932/1/3904
f 3566/1/3538 3552/1/3524 3933/1/3905
f 3556/1/3528 3936/1/3908 3554/1/3526
f 3938/1/3910 3558/1/3530 3527/1/3499
f 3528/1/3500 3938/1/3910 3527/1/3499
f 3559/1/3531 3546/1/3518 3939/1/3911
f 3566/1/3538 3933/1/3905 3941/1/3913
f 3555/1/3527 3936/1/3908 3942/1/3914
f 3567/1/3539 3937/1/3909 3944/1/3916
f 3557/1/3529 3567/1/3539 3944/1/3916
f 3564/1/3536 3557/1/3529 3946/1/3918
f 3562/1/3534 3941/1/3913 3953/1/3925
f 3935/1/3907 3562/1/3534 3953/1/3925
f 3942/1/3914 3950/1/3922 3561/1/3533
f 3937/1/3909 3935/1/3907 3955/1/3927
f 3940/1/3912 3939/1/3911 3956/1/3928
f 3952/1/3924 3951/1/3923 3957/1/3929
f 3953/1/3925 3952/1/3924 3957/1/3929
f 3936/1/3908 3943/1/3915 3960/1/3932
f 3944/1/3916 3955/1/3927 3961/1/3933
f 3944/1/3916 3961/1/3933 3962/1/3934
f 3946/1/3918 3962/1/3934 3963/1/3935
f 3959/1/3931 3965/1/3937 3951/1/3923
f 3945/1/3917 3967/1/3939 3943/1/3915
f 3938/1/3910 3967/1/3939 3945/1/3917
f 3954/1/3926 3966/1/3938 3974/1/3946
f 3960/1/3932 3971/1/3943 3958/1/3930
f 3947/1/3919 3977/1/3949 3938/1/3910
f 3970/1/3942 3964/1/3936 3979/1/3951
f 3968/1/3940 3982/1/3954 3960/1/3932
f 3980/1/3952 3986/1/3958 3947/1/3919
f 3975/1/3947 3981/1/3953 3990/1/3962
f 3976/1/3948 3983/1/3955 3993/1/3965
f 3984/1/3956 3976/1/3948 3993/1/3965
f 3977/1/3949 3994/1/3966 3968/1/3940
f 3987/1/3959 3979/1/3951 3996/1/3968
f 3988/1/3960 3992/1/3964 3999/1/3971
f 3983/1/3955 3990/1/3962 4000/1/3972
f 3990/1/3962 3998/1/3970 4005/1/3977
f 4000/1/3972 3990/1/3962 4005/1/3977
f 3995/1/3967 4009/1/3981 3985/1/3957
f 3998/1/3970 4004/1/3976 4010/1/3982
f 3993/1/3965 4000/1/3972 4013/1/3985
f 4007/1/3979 4012/1/3984 4022/1/3994
f 4022/1/3994 4004/1/3976 4007/1/3979
f 4010/1/3982 4004/1/3976 4023/1/3995
f 4024/1/3996 4012/1/3984 4014/1/3986
f 4016/1/3988 4026/1/3998 4027/1/3999
f 4017/1/3989 4009/1/3981 4025/1/3997
f 4028/1/4000 4018/1/3990 4020/1/3992
f 4015/1/3987 4013/1/3985 4033/1/4005
f 4021/1/3993 4035/1/4007 4036/1/4008
f 4039/1/4011 4032/1/4004 4024/1/3996
f 4027/1/3999 4026/1/3998 4041/1/4013
f 4042/1/4014 4026/1/3998 4028/1/4000
f 4025/1/3997 4040/1/4012 4044/1/4016
f 4041/1/4013 4026/1/3998 4045/1/4017
f 4042/1/4014 4045/1/4017 4026/1/3998
f 4035/1/4007 4034/1/4006 4046/1/4018
f 4036/1/4008 4035/1/4007 4046/1/4018
f 4029/1/4001 4037/1/4009 4047/1/4019
f 4039/1/4011 4050/1/4022 4032/1/4004
f 4034/1/4006 4044/1/4016 4053/1/4025
f 4051/1/4023 4055/1/4027 4037/1/4009
f 4041/1/4013 4045/1/4017 4059/1/4031
f 4044/1/4016 4040/1/4012 4065/1/4037
f 4058/1/4030 4067/1/4039 4050/1/4022
f 4046/1/4018 4053/1/4025 4075/1/4047
f 4056/1/4028 4055/1/4027 4069/1/4041
f 4062/1/4034 4056/1/4028 4069/1/4041
f 4063/1/4035 4067/1/4039 4070/1/4042
f 4071/1/4043 4055/1/4027 4070/1/4042
f 4062/1/4034 4069/1/4041 4076/1/4048
f 4071/1/4043 4070/1/4042 4077/1/4049
f 4072/1/4044 4057/1/4029 4078/1/4050
f 4067/1/4039 4073/1/4045 4082/1/4054
f 4065/1/4037 4072/1/4044 4084/1/4056
f 4081/1/4053 4070/1/4042 4087/1/4059
f 4082/1/4054 4087/1/4059 4070/1/4042
f 4068/1/4040 4086/1/4058 4091/1/4063
f 4081/1/4053 4087/1/4059 4092/1/4064
f 4088/1/4060 4081/1/4053 4092/1/4064
f 4083/1/4055 4088/1/4060 4095/1/4067
f 4084/1/4056 4083/1/4055 4095/1/4067
f 4090/1/4062 4093/1/4065 4082/1/4054
f 4085/1/4057 4084/1/4056 4097/1/4069
f 4090/1/4062 4099/1/4071 4093/1/4065
f 4094/1/4066 4099/1/4071 4104/1/4076
f 4100/1/4072 4094/1/4066 4104/1/4076
f 4096/1/4068 4100/1/4072 4107/1/4079
f 4097/1/4069 4096/1/4068 4107/1/4079
f 4102/1/4074 4105/1/4077 4090/1/4062
f 4091/1/4063 4098/1/4070 4111/1/4083
f 4109/1/4081 4115/1/4087 4102/1/4074
f 3895/1/3867 3901/1/3873 4124/1/4096
f 4133/1/4105 3902/1/3874 3904/1/3876
f 3905/1/3877 4133/1/4105 3904/1/3876
f 4127/1/4099 3911/1/3883 3912/1/3884
f 3912/1/3884 3916/1/3888 4127/1/4099
f 4132/1/4104 3915/1/3887 3903/1/3875
f 4127/1/4099 3916/1/3888 4135/1/4107
f 4136/1/4108 4126/1/4098 3917/1/3889
f 3918/1/3890 4136/1/4108 3917/1/3889
f 3940/1/3912 3956/1/3928 4137/1/4109
f 4124/1/4096 3940/1/3912 4137/1/4109
f 4138/1/4110 4129/1/4101 3914/1/3886
f 4140/1/4112 4134/1/4106 4125/1/4097
f 4154/1/4126 4131/1/4103 4133/1/4105
f 4135/1/4107 3915/1/3887 4150/1/4122
f 4154/1/4126 4138/1/4110 4131/1/4103
f 4157/1/4129 4139/1/4111 4135/1/4107
f 4158/1/4130 4152/1/4124 4141/1/4113
f 4146/1/4118 4153/1/4125 4162/1/4134
f 4163/1/4135 4129/1/4101 4138/1/4110
f 4150/1/4122 4156/1/4128 4165/1/4137
f 4165/1/4137 4156/1/4128 4164/1/4136
f 4166/1/4138 4149/1/4121 4151/1/4123
f 4160/1/4132 4139/1/4111 4169/1/4141
f 4172/1/4144 4161/1/4133 4129/1/4101
f 4174/1/4146 4155/1/4127 4149/1/4121
f 4162/1/4134 4171/1/4143 4180/1/4152
f 4183/1/4155 4163/1/4135 4155/1/4127
f 4179/1/4151 4187/1/4159 4178/1/4150
f 4164/1/4136 4181/1/4153 4191/1/4163
f 4171/1/4143 3987/1/3959 4196/1/4168
f 4197/1/4169 4190/1/4162 4183/1/4155
f 4194/1/4166 4201/1/4173 4186/1/4158
f 4203/1/4175 4189/1/4161 4190/1/4162
f 4182/1/4154 4180/1/4152 4204/1/4176
f 4198/1/4170 4207/1/4179 4191/1/4163
f 4200/1/4172 4208/1/4180 4199/1/4171
f 4202/1/4174 4028/1/4000 4020/1/3992
f 4182/1/4154 4204/1/4176 4214/1/4186
f 4208/1/4180 4215/1/4187 4206/1/4178
f 4210/1/4182 4216/1/4188 4200/1/4172
f 4217/1/4189 4028/1/4000 4202/1/4174
f 4212/1/4184 4217/1/4189 4202/1/4174
f 4216/1/4188 4218/1/4190 4208/1/4180
f 4209/1/4181 4207/1/4179 4219/1/4191
f 4220/1/4192 4211/1/4183 4195/1/4167
f 4198/1/4170 4214/1/4186 4225/1/4197
f 4210/1/4182 4226/1/4198 4216/1/4188
f 4218/1/4190 4230/1/4202 4215/1/4187
f 4231/1/4203 4226/1/4198 4210/1/4182
f 4220/1/4192 4232/1/4204 4211/1/4183
f 4225/1/4197 4214/1/4186 4233/1/4205
f 4235/1/4207 4230/1/4202 4218/1/4190
f 4233/1/4205 4223/1/4195 4242/1/4214
f 4233/1/4205 4242/1/4214 4250/1/4222
f 4244/1/4216 4233/1/4205 4250/1/4222
f 4252/1/4224 4247/1/4219 4235/1/4207
f 4237/1/4209 4243/1/4215 4251/1/4223
f 4256/1/4228 4061/1/4033 4234/1/4206
f 4237/1/4209 4251/1/4223 4258/1/4230
f 4259/1/4231 4253/1/4225 4238/1/4210
f 4254/1/4226 4259/1/4231 4238/1/4210
f 4255/1/4227 4248/1/4220 4257/1/4229
f 4259/1/4231 4264/1/4236 4263/1/4235
f 4241/1/4213 4068/1/4040 4271/1/4243
f 4250/1/4222 4242/1/4214 4272/1/4244
f 4265/1/4237 4257/1/4229 4270/1/4242
f 4276/1/4248 4268/1/4240 4263/1/4235
f 4258/1/4230 4251/1/4223 4275/1/4247
f 4272/1/4244 4271/1/4243 4277/1/4249
f 4280/1/4252 4276/1/4248 4269/1/4241
f 4285/1/4257 4279/1/4251 4268/1/4240
f 4275/1/4247 4273/1/4245 4284/1/4256
f 4281/1/4253 4274/1/4246 4287/1/4259
f 4291/1/4263 4279/1/4251 4285/1/4257
f 4282/1/4254 4277/1/4249 4296/1/4268
f 4298/1/4270 4290/1/4262 4279/1/4251
f 4293/1/4265 4283/1/4255 4300/1/4272
f 4301/1/4273 4294/1/4266 4290/1/4262
f 4331/117/4303 4356/118/4328 4354/119/4326
f 4329/120/4301 3841/121/3813 4353/122/4325 3488/123/3460
f 3790/124/3762 4325/125/4297 4323/126/4295 4339/127/4311
f 4362/128/4334 4361/29/4333 4360/51/4332
f 4365/129/4337 4364/32/4336 4363/28/4335
f 4369/130/4341 4367/33/4339 4366/31/4338
f 4367/33/4339 4369/130/4341 4368/36/4340
f 4373/131/4345 4371/39/4343 4370/35/4342
f 4371/39/4343 4373/131/4345 4372/38/4344
f 4375/29/4347 4377/132/4349 4376/28/4348
f 4381/133/4353 4379/31/4351 4378/32/4350
f 4379/31/4351 4381/133/4353 4380/33/4352
f 4384/134/4356 4383/35/4355 4382/36/4354
f 4386/135/4358 4387/38/4359 4385/39/4357
f 4386/135/4358 4374/40/4346 4387/38/4359
f 4390/136/4362 4389/29/4361 4388/51/4360
f 4392/137/4364 4393/32/4365 4391/28/4363
f 4393/32/4365 4392/137/4364 4394/31/4366
f 4395/33/4367 4397/138/4369 4396/36/4368
f 4400/139/4372 4399/39/4371 4398/35/4370
f 4407/140/4379 4406/28/4378 4405/29/4377
f 4410/141/4382 4409/31/4381 4408/32/4380
f 4411/33/4383 4413/142/4385 4412/36/4384
f 4417/143/4389 4415/39/4387 4414/35/4386
f 4404/144/4376 4403/40/4375 4416/38/4388 4417/143/4389
f 4415/39/4387 4417/143/4389 4416/38/4388
f 4423/145/4395 4421/28/4393 4420/29/4392
f 4423/145/4395 4422/32/4394 4421/28/4393
f 4428/146/4400 4427/36/4399 4426/33/4398
f 4431/147/4403 4430/39/4402 4429/35/4401
f 4432/38/4404 4430/39/4402 4431/147/4403 4419/148/4391
f 4419/148/4391 4418/40/4390 4432/38/4404
f 4437/149/4409 4436/28/4408 4435/29/4407
f 4440/150/4412 4439/31/4411 4438/32/4410
f 4443/151/4415 4442/36/4414 4441/33/4413
f 4446/48/4418 4445/39/4417 4444/35/4416
f 4447/38/4419 4434/152/4406 4433/40/4405
f 4453/153/4425 4451/28/4423 4450/29/4422
f 4451/28/4423 4453/153/4425 4452/32/4424
f 4454/31/4426 4456/154/4428 4455/33/4427
f 4459/155/4431 4458/35/4430 4457/36/4429
f 4460/39/4432 4449/156/4421 4461/38/4433
f 4461/38/4433 4449/156/4421 4448/40/4420
f 4462/51/4434 4464/157/4436 4463/29/4435
f 4467/158/4439 4466/32/4438 4465/28/4437
f 4470/159/4442 4469/33/4441 4468/31/4440
f 4472/160/4444 4473/35/4445 4471/36/4443
f 4472/160/4444 4474/39/4446 4473/35/4445
f 4464/161/4436 4462/40/4434 4475/38/4447
f 4478/29/4450 4480/162/4452 4479/28/4451
f 4484/163/4456 4482/31/4454 4481/32/4453
f 4482/31/4454 4484/163/4456 4483/33/4455
f 4487/164/4459 4486/35/4458 4485/36/4457
f 4488/39/4460 4477/165/4449 4489/38/4461
f 4489/38/4461 4477/165/4449 4476/40/4448
f 4493/166/4465 4491/29/4463 4490/51/4462
f 4491/29/4463 4493/166/4465 4492/28/4464
f 4497/167/4467 4495/31/4454 4494/32/4466
f 4495/31/4454 4497/167/4467 4496/33/4455
f 4498/36/4457 4500/168/4469 4499/35/4468
f 4503/169/4472 4502/38/4471 4501/39/4470
f 4508/170/4477 4507/28/4476 4506/29/4475
f 4511/171/4480 4510/31/4479 4509/32/4478
f 4515/172/4484 4513/36/4482 4512/33/4481
f 4515/172/4484 4514/35/4483 4513/36/4482
f 4505/173/4474 4517/38/4486 4516/39/4485
f 4505/173/4474 4504/40/4473 4517/38/4486
f 4518/51/4487 4520/174/4489 4519/29/4488
f 4523/158/4492 4522/32/4491 4521/28/4490
f 4525/175/4494 4526/33/4495 4524/31/4493
f 4525/175/4494 4527/36/4496 4526/33/4495
f 4530/48/4499 4529/39/4498 4528/35/4497
f 4531/38/4500 4520/176/4489 4518/40/4487
f 4536/177/4505 4535/28/4504 4534/29/4503
f 4537/32/4506 4539/178/4508 4538/31/4507
f 4542/179/4511 4541/36/4510 4540/33/4509
f 4546/180/4515 4544/39/4513 4543/35/4512
f 4533/144/4502 4532/40/4501 4545/38/4514 4546/180/4515
f 4546/180/4515 4545/38/4514 4544/39/4513
f 4551/162/4520 4550/28/4519 4549/29/4518
f 4552/32/4521 4555/181/4524 4553/31/4522
f 4553/31/4522 4555/181/4524 4554/33/4523
f 4556/36/4525 4558/182/4527 4557/35/4526
f 4548/183/4517 4560/38/4529 4559/39/4528
f 4560/38/4529 4548/183/4517 4547/40/4516
f 3/1/3 4/1/4 11/1/11 9/1/9
f 10/1/10 9/1/9 7/1/7
f 11/1/11 4/1/4 5/1/5 12/1/12
f 12/1/12 5/1/5 6/1/6 14/1/14
f 7/1/7 9/1/9 18/1/18 16/1/16
f 15/1/15 14/1/14 6/1/6
f 18/1/18 9/1/9 8/1/8
f 19/1/19 11/1/11 12/1/12 20/1/20
f 20/1/20 12/1/12 13/1/13 21/1/21
f 13/1/13 14/1/14 22/1/22 21/1/21
f 16/1/16 25/1/25 23/1/23 17/1/17
f 24/1/24 25/1/25 18/1/18 26/1/26
f 8/1/8 19/1/19 27/1/27 26/1/26
f 18/1/18 25/1/25 16/1/16
f 19/1/19 20/1/20 28/1/28 27/1/27
f 28/1/28 20/1/20 21/1/21 29/1/29
f 22/1/22 14/1/14 30/1/30 31/1/31
f 22/1/22 29/1/29 21/1/21
f 30/1/30 14/1/14 15/1/15
f 22/1/22 33/1/33 32/1/32 29/1/29
f 24/1/24 37/1/37 38/1/38 36/1/36
f 31/1/31 33/1/33 22/1/22
f 34/1/34 33/1/33 31/1/31
f 36/1/36 25/1/25 24/1/24
f 36/1/36 23/1/23 25/1/25
f 36/1/36 35/1/35 23/1/23
f 26/1/26 27/1/27 39/1/39 37/1/37
f 27/1/27 28/1/28 40/1/40 39/1/39
f 40/1/40 28/1/28 29/1/29 41/1/41
f 45/1/45 37/1/37 39/1/39 46/1/46
f 36/1/36 44/1/44 35/1/35
f 38/1/38 37/1/37 45/1/45
f 39/1/39 40/1/40 47/1/47 46/1/46
f 40/1/40 41/1/41 48/1/48 47/1/47
f 43/1/43 50/1/50 51/1/51 49/1/49
f 38/1/38 50/1/50 43/1/43
f 45/1/45 52/1/52 53/1/53 50/1/50
f 46/1/46 52/1/52 45/1/45
f 46/1/46 47/1/47 54/1/54 52/1/52
f 55/1/55 54/1/54 48/1/48 56/1/56
f 48/1/48 54/1/54 47/1/47
f 58/1/58 59/1/59 51/1/51 50/1/50
f 42/1/42 56/1/56 48/1/48
f 57/1/57 49/1/49 51/1/51 59/1/59
f 53/1/53 52/1/52 54/1/54 60/1/60
f 63/1/63 64/1/64 58/1/58 53/1/53
f 55/1/55 60/1/60 54/1/54
f 55/1/55 61/1/61 60/1/60
f 56/1/56 61/1/61 55/1/55
f 62/1/62 59/1/59 58/1/58 64/1/64
f 63/1/63 53/1/53 60/1/60 65/1/65
f 60/1/60 61/1/61 66/1/66 65/1/65
f 42/1/42 41/1/41 32/1/32 67/1/67
f 33/1/33 34/1/34 68/1/68 67/1/67
f 69/1/69 67/1/67 68/1/68 70/1/70
f 56/1/56 72/1/72 73/1/73 61/1/61
f 71/1/71 70/1/70 68/1/68
f 69/1/69 56/1/56 42/1/42
f 69/1/69 72/1/72 56/1/56
f 70/1/70 72/1/72 69/1/69
f 75/1/75 76/1/76 82/1/82 80/1/80
f 826/1/826 74/1/74 825/1/825
f 74/1/74 76/1/76 824/1/824
f 76/1/76 74/1/74 81/1/81 82/1/82
f 81/1/81 74/1/74 77/1/77
f 88/1/88 89/1/89 80/1/80 82/1/82
f 78/1/78 83/1/83 77/1/77
f 80/1/80 85/1/85 79/1/79
f 83/1/83 86/1/86 81/1/81
f 96/1/96 99/1/99 98/1/98 95/1/95
f 80/1/80 89/1/89 85/1/85
f 89/1/89 91/1/91 84/1/84
f 98/1/98 97/1/97 95/1/95
f 97/1/97 101/1/101 2/1/2 1/1/1
f 98/1/98 102/1/102 101/1/101 97/1/97
f 98/1/98 99/1/99 103/1/103 102/1/102
f 100/1/100 104/1/104 103/1/103 99/1/99
f 102/1/102 106/1/106 105/1/105 101/1/101
f 102/1/102 103/1/103 107/1/107 106/1/106
f 109/1/109 96/1/96 111/1/111 108/1/108
f 111/1/111 110/1/110 108/1/108
f 3/1/3 110/1/110 97/1/97 1/1/1
f 96/1/96 95/1/95 111/1/111
f 113/1/113 114/1/114 100/1/100 112/1/112
f 97/1/97 110/1/110 95/1/95
f 100/1/100 99/1/99 96/1/96
f 114/1/114 115/1/115 104/1/104 100/1/100
f 101/1/101 116/1/116 6/1/6 2/1/2
f 103/1/103 104/1/104 117/1/117 107/1/107
f 105/1/105 116/1/116 101/1/101
f 106/1/106 116/1/116 105/1/105
f 104/1/104 115/1/115 118/1/118 117/1/117
f 108/1/108 120/1/120 121/1/121 109/1/109
f 108/1/108 110/1/110 10/1/10 119/1/119
f 10/1/10 110/1/110 3/1/3
f 109/1/109 122/1/122 124/1/124 112/1/112
f 125/1/125 126/1/126 114/1/114 124/1/124
f 124/1/124 122/1/122 123/1/123
f 113/1/113 112/1/112 124/1/124
f 7/1/7 17/1/17 133/1/133 119/1/119
f 127/1/127 114/1/114 126/1/126
f 118/1/118 115/1/115 127/1/127
f 129/1/129 118/1/118 127/1/127
f 131/1/131 132/1/132 122/1/122 121/1/121
f 120/1/120 133/1/133 130/1/130
f 131/1/131 120/1/120 130/1/130
f 134/1/134 136/1/136 135/1/135 123/1/123
f 123/1/123 122/1/122 132/1/132
f 135/1/135 124/1/124 123/1/123
f 135/1/135 136/1/136 125/1/125 124/1/124
f 125/1/125 136/1/136 137/1/137 126/1/126
f 126/1/126 137/1/137 138/1/138 127/1/127
f 140/1/140 118/1/118 129/1/129 141/1/141
f 138/1/138 141/1/141 129/1/129 127/1/127
f 130/1/130 144/1/144 145/1/145 131/1/131
f 145/1/145 146/1/146 132/1/132 131/1/131
f 17/1/17 23/1/23 143/1/143 133/1/133
f 146/1/146 147/1/147 123/1/123 132/1/132
f 150/1/150 151/1/151 141/1/141 138/1/138
f 134/1/134 123/1/123 147/1/147
f 148/1/148 136/1/136 134/1/134
f 150/1/150 139/1/139 152/1/152 151/1/151
f 160/1/160 161/1/161 157/1/157 156/1/156
f 158/1/158 153/1/153 157/1/157
f 158/1/158 154/1/154 153/1/153
f 155/1/155 154/1/154 158/1/158
f 156/1/156 166/1/166 160/1/160
f 178/1/178 173/1/173 172/1/172 174/1/174
f 162/1/162 157/1/157 161/1/161
f 162/1/162 158/1/158 157/1/157
f 156/1/156 159/1/159 166/1/166
f 161/1/161 168/1/168 169/1/169
f 169/1/169 163/1/163 162/1/162
f 166/1/166 142/1/142 171/1/171
f 166/1/166 167/1/167 160/1/160
f 155/1/155 163/1/163 172/1/172
f 172/1/172 164/1/164 174/1/174
f 106/1/106 107/1/107 182/1/182 181/1/181
f 173/1/173 178/1/178 175/1/175
f 174/1/174 164/1/164 170/1/170
f 178/1/178 174/1/174 177/1/177
f 179/1/179 175/1/175 390/1/390
f 181/1/181 116/1/116 106/1/106
f 107/1/107 117/1/117 183/1/183 182/1/182
f 15/1/15 116/1/116 181/1/181 189/1/189
f 181/1/181 182/1/182 191/1/191 190/1/190
f 190/1/190 189/1/189 181/1/181
f 193/1/193 184/1/184 186/1/186 194/1/194
f 183/1/183 117/1/117 128/1/128
f 30/1/30 189/1/189 197/1/197 31/1/31
f 185/1/185 195/1/195 194/1/194
f 186/1/186 185/1/185 194/1/194
f 188/1/188 196/1/196 195/1/195
f 188/1/188 195/1/195 185/1/185
f 198/1/198 183/1/183 128/1/128 199/1/199
f 190/1/190 197/1/197 189/1/189
f 183/1/183 198/1/198 191/1/191
f 140/1/140 199/1/199 128/1/128 118/1/118
f 191/1/191 203/1/203 202/1/202 190/1/190
f 202/1/202 197/1/197 190/1/190
f 206/1/206 194/1/194 195/1/195 207/1/207
f 194/1/194 204/1/204 193/1/193
f 210/1/210 199/1/199 140/1/140 211/1/211
f 196/1/196 209/1/209 208/1/208
f 199/1/199 210/1/210 198/1/198
f 151/1/151 211/1/211 140/1/140 141/1/141
f 151/1/151 152/1/152 212/1/212 211/1/211
f 152/1/152 142/1/142 213/1/213 212/1/212
f 200/1/200 212/1/212 213/1/213 201/1/201
f 34/1/34 197/1/197 202/1/202 214/1/214
f 198/1/198 210/1/210 216/1/216 203/1/203
f 203/1/203 215/1/215 202/1/202
f 210/1/210 211/1/211 217/1/217 216/1/216
f 211/1/211 212/1/212 218/1/218 217/1/217
f 200/1/200 204/1/204 218/1/218 212/1/212
f 216/1/216 217/1/217 205/1/205 219/1/219
f 208/1/208 209/1/209 222/1/222 221/1/221
f 205/1/205 217/1/217 204/1/204
f 205/1/205 206/1/206 219/1/219
f 230/1/230 231/1/231 236/1/236 235/1/235
f 227/1/227 223/1/223 225/1/225
f 227/1/227 228/1/228 224/1/224
f 235/1/235 234/1/234 230/1/230
f 236/1/236 237/1/237 242/1/242 223/1/223
f 239/1/239 234/1/234 235/1/235
f 239/1/239 241/1/241 233/1/233
f 223/1/223 235/1/235 236/1/236
f 249/1/249 153/1/153 234/1/234 233/1/233
f 241/1/241 243/1/243 238/1/238
f 223/1/223 224/1/224 239/1/239
f 226/1/226 244/1/244 241/1/241
f 224/1/224 226/1/226 241/1/241
f 244/1/244 246/1/246 243/1/243
f 159/1/159 156/1/156 249/1/249 248/1/248
f 230/1/230 234/1/234 153/1/153
f 233/1/233 232/1/232 248/1/248
f 251/1/251 237/1/237 231/1/231
f 238/1/238 252/1/252 250/1/250
f 232/1/232 238/1/238 250/1/250
f 238/1/238 240/1/240 252/1/252
f 187/1/187 186/1/186 243/1/243
f 246/1/246 188/1/188 187/1/187
f 248/1/248 253/1/253 159/1/159
f 266/1/266 257/1/257 256/1/256 255/1/255
f 250/1/250 201/1/201 253/1/253
f 248/1/248 250/1/250 253/1/253
f 252/1/252 201/1/201 250/1/250
f 252/1/252 184/1/184 192/1/192
f 253/1/253 201/1/201 142/1/142
f 253/1/253 165/1/165 159/1/159
f 229/1/229 225/1/225 245/1/245
f 242/1/242 237/1/237 255/1/255
f 257/1/257 260/1/260 259/1/259 256/1/256
f 245/1/245 242/1/242 256/1/256
f 258/1/258 245/1/245 256/1/256
f 270/1/270 262/1/262 261/1/261 173/1/173
f 231/1/231 155/1/155 254/1/254
f 251/1/251 231/1/231 254/1/254
f 251/1/251 254/1/254 261/1/261
f 251/1/251 261/1/261 262/1/262
f 263/1/263 255/1/255 251/1/251
f 263/1/263 251/1/251 262/1/262
f 266/1/266 263/1/263 264/1/264
f 266/1/266 264/1/264 265/1/265
f 267/1/267 257/1/257 266/1/266
f 267/1/267 266/1/266 265/1/265
f 260/1/260 257/1/257 267/1/267
f 254/1/254 155/1/155 172/1/172
f 261/1/261 172/1/172 173/1/173
f 277/1/277 281/1/281 278/1/278 272/1/272
f 264/1/264 262/1/262 271/1/271
f 265/1/265 264/1/264 272/1/272
f 268/1/268 267/1/267 265/1/265
f 268/1/268 272/1/272 273/1/273
f 274/1/274 269/1/269 268/1/268
f 274/1/274 268/1/268 273/1/273
f 270/1/270 175/1/175 179/1/179
f 276/1/276 262/1/262 270/1/270
f 276/1/276 270/1/270 179/1/179
f 276/1/276 179/1/179 275/1/275
f 271/1/271 276/1/276 275/1/275
f 271/1/271 275/1/275 277/1/277
f 272/1/272 271/1/271 277/1/277
f 273/1/273 272/1/272 278/1/278
f 280/1/280 274/1/274 273/1/273
f 280/1/280 273/1/273 279/1/279
f 275/1/275 179/1/179 180/1/180
f 275/1/275 180/1/180 391/1/391
f 277/1/277 275/1/275 482/1/482
f 282/1/282 284/1/284 283/1/283 279/1/279
f 283/1/283 280/1/280 279/1/279
f 23/1/23 35/1/35 285/1/285 143/1/143
f 287/1/287 288/1/288 134/1/134 147/1/147
f 144/1/144 143/1/143 285/1/285
f 286/1/286 146/1/146 145/1/145
f 147/1/147 146/1/146 287/1/287
f 288/1/288 289/1/289 148/1/148 134/1/134
f 149/1/149 290/1/290 292/1/292 139/1/139
f 290/1/290 149/1/149 148/1/148
f 139/1/139 292/1/292 293/1/293 152/1/152
f 292/1/292 291/1/291 294/1/294 293/1/293
f 293/1/293 294/1/294 142/1/142 152/1/152
f 285/1/285 295/1/295 296/1/296 144/1/144
f 296/1/296 297/1/297 145/1/145 144/1/144
f 145/1/145 297/1/297 298/1/298 286/1/286
f 35/1/35 44/1/44 299/1/299 295/1/295
f 302/1/302 304/1/304 289/1/289 301/1/301
f 287/1/287 286/1/286 298/1/298
f 300/1/300 301/1/301 288/1/288
f 290/1/290 304/1/304 305/1/305 292/1/292
f 303/1/303 306/1/306 305/1/305 304/1/304
f 292/1/292 305/1/305 306/1/306 291/1/291
f 307/1/307 308/1/308 298/1/298 297/1/297
f 306/1/306 303/1/303 291/1/291
f 307/1/307 297/1/297 296/1/296
f 299/1/299 44/1/44 49/1/49
f 298/1/298 308/1/308 309/1/309 300/1/300
f 300/1/300 309/1/309 310/1/310 301/1/301
f 310/1/310 311/1/311 302/1/302 301/1/301
f 310/1/310 313/1/313 314/1/314 311/1/311
f 302/1/302 311/1/311 315/1/315 304/1/304
f 311/1/311 312/1/312 303/1/303 315/1/315
f 57/1/57 316/1/316 307/1/307 299/1/299
f 299/1/299 49/1/49 57/1/57
f 307/1/307 316/1/316 317/1/317 308/1/308
f 309/1/309 322/1/322 323/1/323 310/1/310
f 318/1/318 309/1/309 308/1/308
f 320/1/320 316/1/316 57/1/57
f 317/1/317 321/1/321 318/1/318
f 321/1/321 322/1/322 318/1/318
f 324/1/324 325/1/325 312/1/312 311/1/311
f 324/1/324 311/1/311 314/1/314 326/1/326
f 321/1/321 323/1/323 322/1/322
f 313/1/313 310/1/310 323/1/323
f 326/1/326 314/1/314 313/1/313
f 328/1/328 316/1/316 320/1/320 329/1/329
f 328/1/328 317/1/317 316/1/316
f 320/1/320 59/1/59 62/1/62
f 317/1/317 328/1/328 330/1/330 321/1/321
f 62/1/62 332/1/332 333/1/333 329/1/329
f 328/1/328 329/1/329 333/1/333 334/1/334
f 321/1/321 330/1/330 335/1/335 323/1/323
f 323/1/323 335/1/335 336/1/336 313/1/313
f 331/1/331 325/1/325 326/1/326 336/1/336
f 332/1/332 64/1/64 65/1/65 337/1/337
f 326/1/326 325/1/325 324/1/324
f 333/1/333 332/1/332 337/1/337 338/1/338
f 334/1/334 333/1/333 338/1/338 339/1/339
f 338/1/338 337/1/337 66/1/66 340/1/340
f 338/1/338 340/1/340 341/1/341 339/1/339
f 327/1/327 340/1/340 66/1/66
f 344/1/344 345/1/345 335/1/335 330/1/330
f 335/1/335 345/1/345 346/1/346 336/1/336
f 331/1/331 336/1/336 346/1/346 343/1/343
f 347/1/347 348/1/348 334/1/334 339/1/339
f 344/1/344 330/1/330 334/1/334 348/1/348
f 344/1/344 348/1/348 349/1/349 345/1/345
f 347/1/347 339/1/339 341/1/341 350/1/350
f 347/1/347 350/1/350 351/1/351 348/1/348
f 353/1/353 345/1/345 349/1/349 354/1/354
f 352/1/352 331/1/331 343/1/343
f 346/1/346 345/1/345 353/1/353
f 349/1/349 348/1/348 354/1/354
f 354/1/354 348/1/348 351/1/351 355/1/355
f 303/1/303 312/1/312 365/1/365 363/1/363
f 357/1/357 352/1/352 343/1/343
f 353/1/353 357/1/357 343/1/343
f 359/1/359 168/1/168 167/1/167
f 360/1/360 168/1/168 359/1/359
f 360/1/360 169/1/169 168/1/168
f 170/1/170 169/1/169 361/1/361
f 171/1/171 291/1/291 363/1/363
f 167/1/167 171/1/171 363/1/363
f 361/1/361 360/1/360 364/1/364
f 366/1/366 363/1/363 365/1/365
f 366/1/366 167/1/167 363/1/363
f 366/1/366 359/1/359 167/1/167
f 368/1/368 366/1/366 367/1/367
f 368/1/368 364/1/364 359/1/359
f 362/1/362 364/1/364 369/1/369
f 365/1/365 312/1/312 370/1/370
f 319/1/319 370/1/370 312/1/312 325/1/325
f 372/1/372 364/1/364 368/1/368
f 369/1/369 364/1/364 373/1/373
f 370/1/370 367/1/367 365/1/365
f 370/1/370 371/1/371 367/1/367
f 376/1/376 373/1/373 372/1/372 375/1/375
f 374/1/374 368/1/368 367/1/367
f 390/1/390 391/1/391 180/1/180 179/1/179
f 380/1/380 371/1/371 319/1/319
f 377/1/377 374/1/374 371/1/371
f 382/1/382 375/1/375 378/1/378
f 379/1/379 375/1/375 382/1/382
f 385/1/385 377/1/377 380/1/380
f 385/1/385 381/1/381 377/1/377
f 384/1/384 380/1/380 342/1/342
f 386/1/386 378/1/378 381/1/381
f 387/1/387 379/1/379 382/1/382
f 383/1/383 379/1/379 387/1/387
f 176/1/176 170/1/170 362/1/362
f 177/1/177 174/1/174 176/1/176
f 390/1/390 175/1/175 177/1/177
f 390/1/390 177/1/177 389/1/389
f 392/1/392 393/1/393 388/1/388 176/1/176
f 176/1/176 362/1/362 392/1/392
f 373/1/373 404/1/404 398/1/398 369/1/369
f 389/1/389 177/1/177 388/1/388
f 396/1/396 390/1/390 389/1/389
f 396/1/396 389/1/389 395/1/395
f 397/1/397 391/1/391 396/1/396
f 397/1/397 396/1/396 401/1/401
f 392/1/392 362/1/362 398/1/398
f 393/1/393 392/1/392 398/1/398
f 394/1/394 388/1/388 399/1/399
f 395/1/395 389/1/389 394/1/394
f 401/1/401 396/1/396 395/1/395
f 401/1/401 395/1/395 407/1/407
f 403/1/403 397/1/397 401/1/401
f 403/1/403 401/1/401 402/1/402
f 405/1/405 406/1/406 399/1/399 393/1/393
f 393/1/393 398/1/398 405/1/405
f 411/1/411 412/1/412 400/1/400 406/1/406
f 394/1/394 399/1/399 406/1/406
f 400/1/400 394/1/394 406/1/406
f 407/1/407 395/1/395 400/1/400
f 402/1/402 401/1/401 407/1/407
f 408/1/408 403/1/403 402/1/402
f 373/1/373 376/1/376 409/1/409
f 405/1/405 404/1/404 410/1/410
f 405/1/405 410/1/410 417/1/417
f 402/1/402 414/1/414 415/1/415 408/1/408
f 412/1/412 407/1/407 400/1/400
f 402/1/402 407/1/407 414/1/414
f 215/1/215 203/1/203 433/1/433 432/1/432
f 411/1/411 417/1/417 418/1/418
f 411/1/411 418/1/418 421/1/421
f 413/1/413 412/1/412 421/1/421
f 414/1/414 412/1/412 413/1/413
f 419/1/419 415/1/415 414/1/414
f 409/1/409 376/1/376 383/1/383
f 416/1/416 409/1/409 383/1/383
f 420/1/420 418/1/418 417/1/417
f 413/1/413 421/1/421 422/1/422
f 414/1/414 413/1/413 423/1/423
f 423/1/423 419/1/419 414/1/414
f 420/1/420 416/1/416 424/1/424
f 426/1/426 422/1/422 421/1/421
f 427/1/427 423/1/423 422/1/422
f 429/1/429 423/1/423 428/1/428
f 214/1/214 68/1/68 34/1/34
f 202/1/202 432/1/432 214/1/214
f 203/1/203 216/1/216 434/1/434 433/1/433
f 434/1/434 216/1/216 219/1/219 436/1/436
f 219/1/219 206/1/206 437/1/437 436/1/436
f 71/1/71 214/1/214 432/1/432 440/1/440
f 437/1/437 206/1/206 220/1/220
f 432/1/432 433/1/433 441/1/441 440/1/440
f 433/1/433 434/1/434 442/1/442 441/1/441
f 442/1/442 435/1/435 443/1/443 441/1/441
f 434/1/434 436/1/436 435/1/435 442/1/442
f 70/1/70 71/1/71 440/1/440 448/1/448
f 444/1/444 443/1/443 437/1/437
f 444/1/444 220/1/220 438/1/438
f 445/1/445 444/1/444 438/1/438
f 70/1/70 446/1/446 72/1/72
f 70/1/70 448/1/448 446/1/446
f 447/1/447 446/1/446 448/1/448 449/1/449
f 440/1/440 441/1/441 450/1/450 449/1/449
f 440/1/440 449/1/449 448/1/448
f 450/1/450 452/1/452 451/1/451 449/1/449
f 441/1/441 443/1/443 452/1/452 450/1/450
f 447/1/447 458/1/458 457/1/457 456/1/456
f 453/1/453 443/1/443 444/1/444
f 453/1/453 452/1/452 443/1/443
f 454/1/454 453/1/453 444/1/444
f 445/1/445 454/1/454 444/1/444
f 445/1/445 455/1/455 454/1/454
f 73/1/73 456/1/456 327/1/327
f 446/1/446 456/1/456 73/1/73
f 447/1/447 456/1/456 446/1/446
f 458/1/458 449/1/449 451/1/451 459/1/459
f 451/1/451 453/1/453 461/1/461 459/1/459
f 327/1/327 456/1/456 463/1/463 340/1/340
f 462/1/462 461/1/461 453/1/453
f 468/1/468 462/1/462 454/1/454
f 455/1/455 468/1/468 454/1/454
f 341/1/341 340/1/340 463/1/463 464/1/464
f 464/1/464 463/1/463 457/1/457 465/1/465
f 458/1/458 459/1/459 467/1/467 465/1/465
f 458/1/458 465/1/465 457/1/457
f 350/1/350 341/1/341 464/1/464 470/1/470
f 467/1/467 461/1/461 460/1/460
f 464/1/464 465/1/465 471/1/471 470/1/470
f 470/1/470 351/1/351 350/1/350
f 466/1/466 479/1/479 471/1/471 467/1/467
f 466/1/466 460/1/460 468/1/468 472/1/472
f 474/1/474 470/1/470 471/1/471 475/1/475
f 469/1/469 473/1/473 472/1/472
f 469/1/469 472/1/472 468/1/468
f 495/1/495 499/1/499 500/1/500 496/1/496
f 475/1/475 471/1/471 479/1/479
f 476/1/476 479/1/479 466/1/466
f 474/1/474 358/1/358 355/1/355
f 479/1/479 478/1/478 475/1/475
f 476/1/476 480/1/480 479/1/479
f 476/1/476 481/1/481 480/1/480
f 482/1/482 275/1/275 391/1/391
f 482/1/482 391/1/391 483/1/483
f 483/1/483 397/1/397 403/1/403
f 484/1/484 482/1/482 483/1/483
f 485/1/485 483/1/483 403/1/403
f 485/1/485 484/1/484 483/1/483
f 408/1/408 485/1/485 403/1/403
f 281/1/281 482/1/482 486/1/486
f 282/1/282 281/1/281 486/1/486
f 284/1/284 282/1/282 487/1/487
f 486/1/486 482/1/482 484/1/484
f 490/1/490 282/1/282 486/1/486
f 490/1/490 486/1/486 489/1/489
f 487/1/487 282/1/282 490/1/490
f 491/1/491 488/1/488 487/1/487
f 492/1/492 485/1/485 495/1/495
f 492/1/492 486/1/486 484/1/484
f 489/1/489 486/1/486 492/1/492
f 491/1/491 490/1/490 493/1/493
f 496/1/496 489/1/489 495/1/495
f 493/1/493 490/1/490 497/1/497
f 498/1/498 494/1/494 493/1/493
f 499/1/499 495/1/495 408/1/408
f 497/1/497 501/1/501 502/1/502 493/1/493
f 497/1/497 496/1/496 500/1/500
f 415/1/415 419/1/419 503/1/503 499/1/499
f 503/1/503 430/1/430 507/1/507 504/1/504
f 504/1/504 499/1/499 503/1/503
f 504/1/504 500/1/500 499/1/499
f 501/1/501 500/1/500 504/1/504
f 506/1/506 498/1/498 502/1/502
f 506/1/506 502/1/502 505/1/505
f 526/1/526 525/1/525 522/1/522 520/1/520
f 508/1/508 501/1/501 504/1/504
f 508/1/508 505/1/505 501/1/501
f 509/1/509 506/1/506 505/1/505
f 431/1/431 507/1/507 430/1/430
f 508/1/508 507/1/507 510/1/510
f 505/1/505 508/1/508 511/1/511
f 356/1/356 352/1/352 512/1/512
f 516/1/516 356/1/356 512/1/512
f 512/1/512 513/1/513 516/1/516
f 517/1/517 513/1/513 514/1/514
f 514/1/514 515/1/515 517/1/517
f 515/1/515 358/1/358 518/1/518
f 522/1/522 519/1/519 516/1/516
f 515/1/515 521/1/521 517/1/517
f 522/1/522 516/1/516 520/1/520
f 517/1/517 523/1/523 520/1/520
f 521/1/521 524/1/524 523/1/523
f 527/1/527 526/1/526 520/1/520 523/1/523
f 527/1/527 523/1/523 524/1/524 528/1/528
f 529/1/529 530/1/530 526/1/526 527/1/527
f 535/1/535 536/1/536 534/1/534 531/1/531
f 528/1/528 531/1/531 527/1/527
f 530/1/530 533/1/533 532/1/532
f 529/1/529 534/1/534 530/1/530
f 527/1/527 531/1/531 529/1/529
f 534/1/534 536/1/536 537/1/537 533/1/533
f 539/1/539 540/1/540 387/1/387 382/1/382
f 538/1/538 386/1/386 381/1/381
f 382/1/382 386/1/386 539/1/539
f 381/1/381 385/1/385 541/1/541 538/1/538
f 383/1/383 387/1/387 540/1/540
f 542/1/542 543/1/543 540/1/540 539/1/539
f 548/1/548 549/1/549 543/1/543 542/1/542
f 541/1/541 356/1/356 544/1/544
f 544/1/544 356/1/356 516/1/516
f 542/1/542 538/1/538 545/1/545
f 541/1/541 544/1/544 546/1/546
f 544/1/544 516/1/516 519/1/519
f 544/1/544 519/1/519 546/1/546
f 542/1/542 545/1/545 547/1/547
f 551/1/551 552/1/552 553/1/553 547/1/547
f 551/1/551 545/1/545 546/1/546
f 554/1/554 555/1/555 548/1/548 547/1/547
f 548/1/548 555/1/555 2857/1/2837 549/1/549
f 550/1/550 549/1/549 2857/1/2837 2858/1/2838
f 556/1/556 557/1/557 551/1/551 525/1/525
f 546/1/546 522/1/522 525/1/525
f 551/1/551 546/1/546 525/1/525
f 559/1/559 560/1/560 2860/1/2840 557/1/557
f 552/1/552 551/1/551 557/1/557
f 558/1/558 553/1/553 552/1/552
f 558/1/558 554/1/554 553/1/553
f 2859/1/2839 558/1/558 552/1/552
f 552/1/552 2860/1/2840 2859/1/2839
f 556/1/556 530/1/530 532/1/532
f 557/1/557 556/1/556 532/1/532
f 540/1/540 543/1/543 565/1/565 562/1/562
f 2866/1/2846 560/1/560 559/1/559
f 564/1/564 426/1/426 425/1/425
f 427/1/427 426/1/426 564/1/564
f 563/1/563 570/1/570 571/1/571 566/1/566
f 566/1/566 425/1/425 563/1/563
f 567/1/567 425/1/425 566/1/566
f 564/1/564 425/1/425 567/1/567
f 568/1/568 573/1/573 428/1/428 427/1/427
f 573/1/573 574/1/574 569/1/569 428/1/428
f 565/1/565 550/1/550 575/1/575 570/1/570
f 550/1/550 565/1/565 543/1/543
f 573/1/573 579/1/579 580/1/580 574/1/574
f 576/1/576 571/1/571 570/1/570
f 577/1/577 571/1/571 576/1/576
f 572/1/572 567/1/567 571/1/571
f 573/1/573 568/1/568 579/1/579
f 582/1/582 583/1/583 575/1/575 550/1/550
f 2858/1/2838 582/1/582 550/1/550
f 585/1/585 586/1/586 578/1/578 572/1/572
f 583/1/583 577/1/577 575/1/575
f 577/1/577 576/1/576 575/1/575
f 572/1/572 571/1/571 584/1/584
f 592/1/592 593/1/593 585/1/585 584/1/584
f 586/1/586 579/1/579 578/1/578
f 589/1/589 577/1/577 2861/1/2841
f 584/1/584 577/1/577 589/1/589
f 585/1/585 593/1/593 594/1/594 586/1/586
f 590/1/590 591/1/591 587/1/587 594/1/594
f 592/1/592 595/1/595 596/1/596 593/1/593
f 587/1/587 586/1/586 594/1/594
f 592/1/592 589/1/589 2862/1/2842 597/1/597
f 593/1/593 598/1/598 599/1/599 594/1/594
f 595/1/595 597/1/597 600/1/600 596/1/596
f 595/1/595 592/1/592 597/1/597
f 598/1/598 593/1/593 596/1/596 600/1/600
f 590/1/590 602/1/602 603/1/603 591/1/591
f 604/1/604 605/1/605 598/1/598 597/1/597
f 601/1/601 602/1/602 599/1/599 605/1/605
f 2863/1/2843 2864/1/2844 604/1/604 597/1/597
f 599/1/599 602/1/602 590/1/590
f 604/1/604 2864/1/2844 606/1/606 605/1/605
f 569/1/569 607/1/607 431/1/431 429/1/429
f 609/1/609 610/1/610 580/1/580 579/1/579
f 574/1/574 608/1/608 569/1/569
f 611/1/611 609/1/609 588/1/588 587/1/587
f 581/1/581 580/1/580 610/1/610
f 608/1/608 574/1/574 581/1/581
f 609/1/609 613/1/613 615/1/615 610/1/610
f 609/1/609 579/1/579 588/1/588
f 612/1/612 581/1/581 610/1/610
f 613/1/613 609/1/609 611/1/611
f 615/1/615 616/1/616 612/1/612 610/1/610
f 615/1/615 613/1/613 614/1/614
f 591/1/591 618/1/618 611/1/611 587/1/587
f 619/1/619 614/1/614 613/1/613 618/1/618
f 620/1/620 621/1/621 616/1/616 615/1/615
f 620/1/620 615/1/615 614/1/614
f 629/1/629 518/1/518 626/1/626 630/1/630
f 617/1/617 591/1/591 603/1/603
f 622/1/622 618/1/618 617/1/617
f 619/1/619 618/1/618 622/1/622
f 623/1/623 614/1/614 619/1/619
f 620/1/620 614/1/614 623/1/623
f 480/1/480 624/1/624 479/1/479
f 481/1/481 625/1/625 480/1/480
f 358/1/358 478/1/478 626/1/626
f 358/1/358 626/1/626 518/1/518
f 627/1/627 626/1/626 624/1/624
f 518/1/518 629/1/629 521/1/521
f 632/1/632 627/1/627 628/1/628 633/1/633
f 627/1/627 632/1/632 631/1/631
f 524/1/524 521/1/521 629/1/629 635/1/635
f 625/1/625 634/1/634 633/1/633
f 634/1/634 637/1/637 633/1/633
f 640/1/640 632/1/632 637/1/637 641/1/641
f 630/1/630 635/1/635 629/1/629
f 630/1/630 631/1/631 635/1/635
f 632/1/632 636/1/636 631/1/631
f 634/1/634 638/1/638 637/1/637
f 632/1/632 640/1/640 636/1/636
f 644/1/644 648/1/648 649/1/649 647/1/647
f 642/1/642 641/1/641 637/1/637
f 528/1/528 643/1/643 531/1/531
f 635/1/635 644/1/644 528/1/528
f 638/1/638 646/1/646 642/1/642
f 640/1/640 641/1/641 651/1/651 650/1/650
f 652/1/652 651/1/651 654/1/654 653/1/653
f 642/1/642 646/1/646 654/1/654 651/1/651
f 655/1/655 643/1/643 647/1/647 657/1/657
f 656/1/656 657/1/657 649/1/649 659/1/659
f 650/1/650 660/1/660 659/1/659 648/1/648
f 659/1/659 660/1/660 658/1/658
f 650/1/650 651/1/651 662/1/662 661/1/661
f 661/1/661 660/1/660 650/1/650
f 676/1/676 671/1/671 668/1/668 675/1/675
f 652/1/652 662/1/662 651/1/651
f 672/1/672 666/1/666 511/1/511
f 509/1/509 511/1/511 666/1/666
f 510/1/510 665/1/665 668/1/668
f 669/1/669 511/1/511 510/1/510
f 672/1/672 511/1/511 669/1/669
f 668/1/668 607/1/607 675/1/675
f 669/1/669 668/1/668 671/1/671
f 673/1/673 666/1/666 672/1/672
f 674/1/674 670/1/670 673/1/673
f 670/1/670 666/1/666 673/1/673
f 672/1/672 682/1/682 677/1/677 673/1/673
f 682/1/682 672/1/672 671/1/671
f 612/1/612 679/1/679 675/1/675 581/1/581
f 674/1/674 673/1/673 678/1/678
f 679/1/679 680/1/680 676/1/676 675/1/675
f 616/1/616 684/1/684 679/1/679 612/1/612
f 671/1/671 676/1/676 681/1/681
f 683/1/683 677/1/677 682/1/682
f 684/1/684 685/1/685 680/1/680 679/1/679
f 683/1/683 688/1/688 678/1/678 677/1/677
f 683/1/683 682/1/682 686/1/686
f 687/1/687 688/1/688 683/1/683
f 689/1/689 690/1/690 685/1/685 684/1/684
f 684/1/684 616/1/616 621/1/621
f 690/1/690 691/1/691 686/1/686 685/1/685
f 689/1/689 694/1/694 866/1/866 695/1/695
f 683/1/683 686/1/686 692/1/692
f 687/1/687 683/1/683 693/1/693
f 684/1/684 694/1/694 689/1/689
f 695/1/695 696/1/696 691/1/691 690/1/690
f 663/1/663 664/1/664 697/1/697 696/1/696
f 691/1/691 696/1/696 697/1/697 692/1/692
f 700/1/700 701/1/701 702/1/702 699/1/699
f 693/1/693 692/1/692 697/1/697
f 536/1/536 535/1/535 700/1/700
f 706/1/706 710/1/710 709/1/709 705/1/705
f 707/1/707 701/1/701 705/1/705
f 707/1/707 702/1/702 701/1/701
f 2865/1/2845 2866/1/2846 559/1/559 718/1/718
f 711/1/711 704/1/704 708/1/708
f 708/1/708 707/1/707 709/1/709
f 709/1/709 710/1/710 712/1/712
f 714/1/714 709/1/709 712/1/712
f 708/1/708 709/1/709 714/1/714
f 714/1/714 713/1/713 708/1/708
f 716/1/716 711/1/711 713/1/713
f 699/1/699 719/1/719 561/1/561 533/1/533
f 2867/1/2847 2865/1/2845 718/1/718 720/1/720
f 719/1/719 718/1/718 561/1/561
f 720/1/720 721/1/721 722/1/722 2867/1/2847
f 719/1/719 699/1/699 702/1/702
f 721/1/721 726/1/726 723/1/723 722/1/722
f 726/1/726 721/1/721 704/1/704
f 739/1/739 605/1/605 606/1/606 740/1/740
f 722/1/722 723/1/723 725/1/725
f 727/1/727 724/1/724 723/1/723
f 2868/1/2848 724/1/724 727/1/727
f 728/1/728 2868/1/2848 727/1/727
f 726/1/726 704/1/704 729/1/729
f 2869/1/2849 728/1/728 731/1/731
f 730/1/730 723/1/723 726/1/726
f 727/1/727 723/1/723 730/1/730
f 731/1/731 728/1/728 727/1/727
f 732/1/732 2869/1/2849 731/1/731
f 734/1/734 727/1/727 730/1/730
f 731/1/731 727/1/727 735/1/735
f 716/1/716 729/1/729 711/1/711
f 736/1/736 732/1/732 731/1/731
f 738/1/738 602/1/602 601/1/601
f 603/1/603 602/1/602 738/1/738
f 739/1/739 740/1/740 743/1/743 742/1/742
f 739/1/739 742/1/742 601/1/601
f 743/1/743 2871/1/2851 742/1/742
f 744/1/744 745/1/745 738/1/738 601/1/601
f 747/1/747 748/1/748 741/1/741 745/1/745
f 741/1/741 738/1/738 745/1/745
f 742/1/742 744/1/744 601/1/601
f 2871/1/2851 746/1/746 742/1/742
f 747/1/747 745/1/745 744/1/744
f 753/1/753 755/1/755 756/1/756 754/1/754
f 742/1/742 749/1/749 744/1/744
f 746/1/746 750/1/750 742/1/742
f 747/1/747 744/1/744 752/1/752
f 749/1/749 752/1/752 744/1/744
f 751/1/751 754/1/754 750/1/750
f 757/1/757 758/1/758 747/1/747 752/1/752
f 747/1/747 758/1/758 759/1/759 748/1/748
f 757/1/757 752/1/752 749/1/749 760/1/760
f 769/1/769 765/1/765 2872/1/2852 764/1/764
f 749/1/749 750/1/750 762/1/762
f 749/1/749 762/1/762 760/1/760
f 757/1/757 760/1/760 766/1/766 758/1/758
f 2872/1/2852 765/1/765 755/1/755
f 756/1/756 755/1/755 765/1/765
f 737/1/737 761/1/761 2870/1/2850 732/1/732
f 763/1/763 767/1/767 769/1/769 764/1/764
f 737/1/737 767/1/767 761/1/761
f 767/1/767 763/1/763 761/1/761
f 770/1/770 754/1/754 756/1/756 771/1/771
f 762/1/762 754/1/754 770/1/770
f 772/1/772 773/1/773 759/1/759 758/1/758
f 774/1/774 775/1/775 766/1/766 760/1/760
f 772/1/772 758/1/758 766/1/766 775/1/775
f 776/1/776 777/1/777 769/1/769 767/1/767
f 770/1/770 771/1/771 779/1/779 778/1/778
f 762/1/762 778/1/778 768/1/768
f 765/1/765 769/1/769 777/1/777
f 781/1/781 782/1/782 622/1/622 780/1/780
f 619/1/619 782/1/782 783/1/783 623/1/623
f 623/1/623 783/1/783 784/1/784 620/1/620
f 787/1/787 788/1/788 783/1/783 782/1/782
f 785/1/785 621/1/621 784/1/784
f 786/1/786 780/1/780 741/1/741
f 781/1/781 780/1/780 786/1/786
f 787/1/787 782/1/782 781/1/781
f 788/1/788 789/1/789 784/1/784 783/1/783
f 790/1/790 792/1/792 793/1/793 794/1/794
f 786/1/786 741/1/741 748/1/748
f 790/1/790 781/1/781 786/1/786
f 787/1/787 781/1/781 790/1/790
f 748/1/748 759/1/759 796/1/796 792/1/792
f 795/1/795 789/1/789 788/1/788
f 791/1/791 789/1/789 795/1/795
f 795/1/795 799/1/799 800/1/800 791/1/791
f 793/1/793 792/1/792 796/1/796
f 795/1/795 788/1/788 797/1/797
f 798/1/798 794/1/794 793/1/793
f 797/1/797 794/1/794 798/1/798
f 759/1/759 773/1/773 801/1/801 796/1/796
f 801/1/801 802/1/802 793/1/793 796/1/796
f 773/1/773 802/1/802 801/1/801
f 798/1/798 802/1/802 803/1/803 804/1/804
f 655/1/655 657/1/657 656/1/656 807/1/807
f 535/1/535 655/1/655 807/1/807
f 807/1/807 700/1/700 535/1/535
f 810/1/810 656/1/656 658/1/658 813/1/813
f 658/1/658 660/1/660 808/1/808 813/1/813
f 661/1/661 662/1/662 815/1/815 814/1/814
f 662/1/662 652/1/652 811/1/811 815/1/815
f 652/1/652 653/1/653 812/1/812 811/1/811
f 817/1/817 811/1/811 812/1/812 818/1/818
f 807/1/807 706/1/706 703/1/703
f 706/1/706 807/1/807 809/1/809
f 817/1/817 818/1/818 826/1/826 825/1/825
f 706/1/706 819/1/819 710/1/710
f 809/1/809 820/1/820 819/1/819
f 821/1/821 810/1/810 813/1/813
f 821/1/821 820/1/820 810/1/810
f 816/1/816 821/1/821 813/1/813
f 817/1/817 822/1/822 814/1/814
f 817/1/817 824/1/824 822/1/822
f 825/1/825 824/1/824 817/1/817
f 823/1/823 821/1/821 822/1/822 829/1/829
f 819/1/819 715/1/715 710/1/710
f 827/1/827 820/1/820 823/1/823
f 715/1/715 819/1/819 949/1/949 717/1/717
f 824/1/824 828/1/828 822/1/822
f 949/1/949 819/1/819 827/1/827
f 830/1/830 832/1/832 833/1/833 831/1/831
f 663/1/663 831/1/831 833/1/833 664/1/664
f 830/1/830 831/1/831 837/1/837 836/1/836
f 836/1/836 838/1/838 832/1/832 830/1/830
f 836/1/836 837/1/837 840/1/840 838/1/838
f 832/1/832 838/1/838 840/1/840 833/1/833
f 833/1/833 840/1/840 841/1/841 664/1/664
f 841/1/841 840/1/840 839/1/839
f 841/1/841 842/1/842 834/1/834 664/1/664
f 834/1/834 843/1/843 844/1/844 835/1/835
f 841/1/841 846/1/846 847/1/847 842/1/842
f 845/1/845 840/1/840 837/1/837
f 846/1/846 841/1/841 839/1/839
f 842/1/842 847/1/847 848/1/848 843/1/843
f 848/1/848 849/1/849 844/1/844 843/1/843
f 845/1/845 852/1/852 853/1/853 839/1/839
f 851/1/851 846/1/846 839/1/839
f 851/1/851 847/1/847 846/1/846
f 850/1/850 852/1/852 845/1/845
f 854/1/854 855/1/855 849/1/849 848/1/848
f 848/1/848 851/1/851 854/1/854
f 852/1/852 856/1/856 858/1/858 859/1/859
f 850/1/850 856/1/856 852/1/852
f 857/1/857 851/1/851 853/1/853
f 861/1/861 862/1/862 855/1/855 854/1/854
f 854/1/854 857/1/857 860/1/860
f 663/1/663 696/1/696 867/1/867 831/1/831
f 865/1/865 853/1/853 859/1/859
f 865/1/865 857/1/857 853/1/853
f 866/1/866 867/1/867 696/1/696 695/1/695
f 621/1/621 785/1/785 868/1/868 694/1/694
f 698/1/698 693/1/693 834/1/834
f 868/1/868 870/1/870 866/1/866 694/1/694
f 866/1/866 870/1/870 869/1/869
f 831/1/831 867/1/867 869/1/869 837/1/837
f 791/1/791 871/1/871 868/1/868 785/1/785
f 867/1/867 866/1/866 869/1/869
f 869/1/869 870/1/870 873/1/873 872/1/872
f 868/1/868 871/1/871 873/1/873 870/1/870
f 874/1/874 876/1/876 873/1/873 875/1/875
f 856/1/856 876/1/876 877/1/877 858/1/858
f 873/1/873 876/1/876 872/1/872
f 805/1/805 878/1/878 875/1/875 806/1/806
f 877/1/877 876/1/876 874/1/874
f 713/1/713 714/1/714 880/1/880 879/1/879
f 875/1/875 878/1/878 874/1/874
f 877/1/877 878/1/878 863/1/863
f 877/1/877 863/1/863 858/1/858
f 716/1/716 713/1/713 879/1/879
f 881/1/881 712/1/712 717/1/717 882/1/882
f 880/1/880 712/1/712 881/1/881
f 884/1/884 889/1/889 2886/1/2866 883/1/883
f 880/1/880 884/1/884 879/1/879
f 884/1/884 883/1/883 879/1/879
f 882/1/882 886/1/886 881/1/881
f 884/1/884 881/1/881 887/1/887
f 891/1/891 892/1/892 888/1/888 890/1/890
f 2887/1/2867 889/1/889 888/1/888
f 888/1/888 887/1/887 890/1/890
f 898/1/898 899/1/899 894/1/894 735/1/735
f 892/1/892 2887/1/2867 888/1/888
f 730/1/730 733/1/733 893/1/893
f 734/1/734 730/1/730 893/1/893
f 894/1/894 731/1/731 735/1/735
f 894/1/894 736/1/736 731/1/731
f 733/1/733 716/1/716 895/1/895
f 733/1/733 895/1/895 893/1/893
f 896/1/896 737/1/737 736/1/736
f 895/1/895 900/1/900 893/1/893
f 899/1/899 896/1/896 894/1/894
f 898/1/898 734/1/734 901/1/901
f 902/1/902 896/1/896 899/1/899
f 904/1/904 2889/1/2869 900/1/900
f 897/1/897 900/1/900 2889/1/2869 2890/1/2870 905/1/905
f 901/1/901 897/1/897 905/1/905
f 906/1/906 899/1/899 898/1/898
f 2886/1/2866 904/1/904 883/1/883
f 905/1/905 907/1/907 901/1/901
f 909/1/909 910/1/910 903/1/903 902/1/902
f 906/1/906 898/1/898 908/1/908
f 908/1/908 911/1/911 912/1/912 906/1/906
f 907/1/907 2891/1/2871 908/1/908
f 2891/1/2871 911/1/911 908/1/908
f 774/1/774 917/1/917 918/1/918 775/1/775
f 912/1/912 909/1/909 906/1/906
f 913/1/913 910/1/910 909/1/909
f 914/1/914 909/1/909 912/1/912
f 768/1/768 917/1/917 774/1/774
f 917/1/917 768/1/768 778/1/778 919/1/919
f 917/1/917 919/1/919 920/1/920 918/1/918
f 921/1/921 922/1/922 771/1/771 765/1/765
f 922/1/922 923/1/923 779/1/779 771/1/771
f 919/1/919 778/1/778 779/1/779 923/1/923
f 919/1/919 923/1/923 924/1/924 920/1/920
f 915/1/915 925/1/925 918/1/918 927/1/927
f 915/1/915 775/1/775 925/1/925
f 926/1/926 776/1/776 916/1/916
f 918/1/918 928/1/928 929/1/929 927/1/927
f 926/1/926 777/1/777 776/1/776
f 920/1/920 928/1/928 918/1/918
f 921/1/921 930/1/930 931/1/931 922/1/922
f 928/1/928 920/1/920 924/1/924 932/1/932
f 928/1/928 932/1/932 933/1/933 929/1/929
f 903/1/903 934/1/934 916/1/916 896/1/896
f 935/1/935 938/1/938 939/1/939 931/1/931
f 935/1/935 777/1/777 926/1/926
f 930/1/930 777/1/777 935/1/935
f 936/1/936 926/1/926 934/1/934
f 936/1/936 935/1/935 926/1/926
f 931/1/931 930/1/930 935/1/935
f 910/1/910 937/1/937 903/1/903
f 910/1/910 913/1/913 941/1/941 937/1/937
f 940/1/940 936/1/936 937/1/937
f 938/1/938 936/1/936 940/1/940
f 773/1/773 915/1/915 944/1/944 802/1/802
f 943/1/943 940/1/940 941/1/941
f 944/1/944 927/1/927 946/1/946 803/1/803
f 803/1/803 802/1/802 944/1/944
f 946/1/946 927/1/927 929/1/929 947/1/947
f 946/1/946 947/1/947 945/1/945 803/1/803
f 929/1/929 933/1/933 948/1/948 947/1/947
f 945/1/945 947/1/947 948/1/948 805/1/805
f 828/1/828 824/1/824 76/1/76 75/1/75
f 950/1/950 949/1/949 827/1/827
f 828/1/828 75/1/75 829/1/829
f 882/1/882 717/1/717 949/1/949 952/1/952
f 829/1/829 75/1/75 955/1/955 954/1/954
f 950/1/950 823/1/823 953/1/953
f 951/1/951 829/1/829 954/1/954
f 79/1/79 954/1/954 955/1/955 80/1/80
f 950/1/950 953/1/953 952/1/952
f 956/1/956 951/1/951 954/1/954
f 958/1/958 953/1/953 956/1/956 959/1/959
f 960/1/960 886/1/886 885/1/885
f 953/1/953 957/1/957 952/1/952
f 959/1/959 954/1/954 79/1/79
f 956/1/956 954/1/954 959/1/959
f 958/1/958 962/1/962 963/1/963 957/1/957
f 885/1/885 957/1/957 961/1/961
f 885/1/885 961/1/961 960/1/960
f 84/1/84 965/1/965 966/1/966 962/1/962
f 957/1/957 963/1/963 961/1/961
f 85/1/85 959/1/959 79/1/79
f 962/1/962 85/1/85 84/1/84
f 964/1/964 961/1/961 963/1/963 969/1/969
f 963/1/963 962/1/962 966/1/966
f 968/1/968 890/1/890 964/1/964
f 967/1/967 963/1/963 966/1/966
f 84/1/84 91/1/91 970/1/970 965/1/965
f 968/1/968 964/1/964 969/1/969
f 971/1/971 972/1/972 967/1/967 965/1/965
f 972/1/972 973/1/973 969/1/969 967/1/967
f 923/1/923 922/1/922 974/1/974 975/1/975
f 924/1/924 923/1/923 975/1/975 976/1/976
f 977/1/977 864/1/864 979/1/979 978/1/978
f 860/1/860 981/1/981 982/1/982 861/1/861
f 980/1/980 859/1/859 864/1/864
f 981/1/981 860/1/860 865/1/865
f 861/1/861 982/1/982 983/1/983 862/1/862
f 931/1/931 984/1/984 974/1/974 922/1/922
f 984/1/984 985/1/985 975/1/975 974/1/974
f 985/1/985 986/1/986 976/1/976 975/1/975
f 932/1/932 924/1/924 976/1/976 986/1/986
f 932/1/932 986/1/986 987/1/987 933/1/933
f 977/1/977 978/1/978 987/1/987 986/1/986
f 985/1/985 988/1/988 989/1/989 986/1/986
f 977/1/977 986/1/986 989/1/989 864/1/864
f 989/1/989 988/1/988 990/1/990 991/1/991
f 989/1/989 991/1/991 980/1/980 864/1/864
f 980/1/980 991/1/991 992/1/992 865/1/865
f 994/1/994 996/1/996 988/1/988 985/1/985
f 981/1/981 865/1/865 993/1/993
f 994/1/994 985/1/985 984/1/984
f 995/1/995 996/1/996 994/1/994
f 982/1/982 998/1/998 999/1/999 983/1/983
f 990/1/990 988/1/988 996/1/996
f 992/1/992 991/1/991 990/1/990
f 998/1/998 982/1/982 981/1/981
f 1001/1/1001 1002/1/1002 992/1/992 990/1/990
f 995/1/995 994/1/994 1000/1/1000
f 1001/1/1001 990/1/990 996/1/996
f 1004/1/1004 1006/1/1006 998/1/998 997/1/997
f 997/1/997 992/1/992 1002/1/1002
f 1000/1/1000 931/1/931 939/1/939
f 1003/1/1003 1005/1/1005 1001/1/1001 995/1/995
f 999/1/999 998/1/998 1007/1/1007
f 1003/1/1003 1000/1/1000 1009/1/1009
f 1014/1/1014 1011/1/1011 1001/1/1001 1005/1/1005
f 1011/1/1011 1002/1/1002 1001/1/1001
f 1004/1/1004 1002/1/1002 1011/1/1011
f 1009/1/1009 939/1/939 942/1/942
f 1005/1/1005 1003/1/1003 1010/1/1010
f 1004/1/1004 1012/1/1012 1016/1/1016 1006/1/1006
f 1009/1/1009 942/1/942 2137/1/2117 1010/1/1010
f 1007/1/1007 1006/1/1006 1016/1/1016
f 1007/1/1007 1017/1/1017 2139/1/2119 1008/1/1008
f 1013/1/1013 1014/1/1014 1010/1/1010
f 1012/1/1012 1011/1/1011 1015/1/1015
f 933/1/933 987/1/987 978/1/978 948/1/948
f 978/1/978 878/1/878 805/1/805
f 1019/1/1018 1023/1/1022 1021/1/1020 1020/1/1019
f 1024/1/1023 1025/1/1024 1028/1/5 1027/1/4
f 1026/1/1025 1027/1/4 1033/1/11 1031/1/9
f 1032/1/10 1031/1/9 1018/1/7
f 1033/1/11 1027/1/4 1028/1/5 1034/1/12
f 1034/1/12 1028/1/5 1029/1/1026 1036/1/14
f 1018/1/7 1031/1/9 1039/1/1028 1019/1/1018
f 1037/1/1027 1036/1/14 1029/1/1026
f 1038/1/30 1036/1/14 1037/1/1027
f 1039/1/1028 1031/1/9 1030/1/8
f 1040/1/19 1033/1/11 1034/1/12 1041/1/20
f 1041/1/20 1034/1/12 1035/1/13 1042/1/21
f 1035/1/13 1036/1/14 1043/1/1029 1042/1/21
f 1043/1/1029 1036/1/14 1038/1/30 1044/1/1030
f 1022/1/1021 1023/1/1022 1039/1/1028 1045/1/26
f 1030/1/8 1040/1/19 1046/1/27 1045/1/26
f 1039/1/1028 1023/1/1022 1019/1/1018
f 1046/1/27 1040/1/19 1041/1/20 1047/1/28
f 1047/1/28 1041/1/20 1042/1/21 1048/1/29
f 1043/1/1029 1050/1/1032 1049/1/1031 1048/1/29
f 1043/1/1029 1048/1/29 1042/1/21
f 1023/1/1022 1053/1/1035 1052/1/1034 1021/1/1020
f 1044/1/1030 1050/1/1032 1043/1/1029
f 1051/1/1033 1050/1/1032 1044/1/1030
f 1053/1/1035 1023/1/1022 1022/1/1021
f 1055/1/1037 1056/1/1038 1052/1/1034 1053/1/1035
f 1022/1/1021 1059/1/1041 1060/1/1042 1053/1/1035
f 1052/1/1034 1056/1/1038 1054/1/1036
f 1045/1/26 1046/1/27 1061/1/39 1059/1/1041
f 1061/1/39 1046/1/27 1047/1/28 1062/1/40
f 1062/1/40 1047/1/28 1048/1/29 1063/1/1043
f 1064/1/1044 1063/1/1043 1049/1/1031 1065/1/1045
f 1067/1/1047 1059/1/1041 1061/1/39 1068/1/1048
f 1051/1/1033 1066/1/1046 1065/1/1045
f 1060/1/1042 1059/1/1041 1067/1/1047
f 1068/1/1048 1061/1/39 1062/1/40 1069/1/1049
f 1062/1/40 1063/1/1043 1070/1/1050 1069/1/1049
f 1067/1/1047 1074/1/1054 1075/1/1055 1073/1/1053
f 1065/1/1045 1072/1/1052 1071/1/1051
f 1066/1/1046 1072/1/1052 1065/1/1045
f 1060/1/1042 1073/1/1053 1055/1/1037
f 1073/1/1053 1057/1/1039 1055/1/1037
f 1068/1/1048 1074/1/1054 1067/1/1047
f 1074/1/1054 1068/1/1048 1069/1/1049 1076/1/1056
f 1077/1/1057 1076/1/1056 1070/1/1050 1078/1/1058
f 1070/1/1050 1076/1/1056 1069/1/1049
f 1058/1/1040 1057/1/1039 1073/1/1053 1080/1/1060
f 1064/1/1044 1078/1/1058 1070/1/1050
f 1071/1/1051 1078/1/1058 1064/1/1044
f 1071/1/1051 1079/1/1059 1078/1/1058
f 1072/1/1052 1079/1/1059 1071/1/1051
f 1074/1/1054 1076/1/1056 1082/1/1062 1075/1/1055
f 1083/1/1063 1082/1/1062 1077/1/1057 1084/1/1064
f 1077/1/1057 1082/1/1062 1076/1/1056
f 1075/1/1055 1082/1/1062 1087/1/1067 1086/1/1066
f 1078/1/1058 1084/1/1064 1077/1/1057
f 1079/1/1059 1084/1/1064 1078/1/1058
f 1081/1/1061 1075/1/1055 1086/1/1066
f 1081/1/1061 1086/1/1066 1085/1/1065
f 1087/1/1067 1082/1/1062 1083/1/1063 1088/1/1068
f 78/1/78 826/1/826 1699/1/1679 1092/1/1072
f 1089/1/1069 1090/1/1070 1094/1/1074 1093/1/1073
f 1089/1/1069 1093/1/1073 1092/1/1072
f 78/1/78 1092/1/1072 1098/1/1078 87/1/87
f 1091/1/1071 1097/1/1077 1094/1/1074
f 1098/1/1078 1092/1/1072 1093/1/1073 1099/1/1079
f 1099/1/1079 1093/1/1073 1094/1/1074 1100/1/1080
f 1097/1/1077 1103/1/1083 1102/1/1082 1096/1/1076
f 87/1/87 1098/1/1078 1106/1/1086 94/1/94
f 1095/1/1075 1103/1/1083 1097/1/1077
f 1099/1/1079 1107/1/1087 1098/1/1078
f 1100/1/1080 1107/1/1087 1099/1/1079
f 1101/1/1081 1105/1/1085 1103/1/1083
f 1018/1/7 1020/1/1019 1131/1/1111 1121/1/1101
f 1111/1/1091 1109/1/1089 1110/1/1090
f 1115/1/1095 196/1/196 1109/1/1089
f 1118/1/1098 1111/1/1091 1117/1/1097
f 1119/1/1099 1118/1/1098 1117/1/1097
f 1125/1/1105 209/1/209 196/1/196
f 1126/1/1106 1125/1/1105 1116/1/1096
f 1127/1/1107 1116/1/1096 1118/1/1098
f 1119/1/1099 1128/1/1108 1118/1/1098
f 1130/1/1110 1132/1/1112 1123/1/1103 1113/1/1093
f 1122/1/1102 1131/1/1111 1129/1/1109
f 1130/1/1110 1122/1/1102 1129/1/1109
f 1127/1/1107 1142/1/1122 1141/1/1121 1137/1/1117
f 1124/1/1104 1123/1/1103 1132/1/1112
f 1134/1/1114 1128/1/1108 1120/1/1100
f 1125/1/1105 1286/1/1266 222/1/222
f 1136/1/1116 1286/1/1266 1125/1/1105
f 1137/1/1117 1126/1/1106 1127/1/1107
f 1130/1/1110 1129/1/1109 1139/1/1119
f 1020/1/1019 1021/1/1020 1138/1/1118 1131/1/1111
f 1128/1/1108 1142/1/1122 1127/1/1107
f 1143/1/1123 1142/1/1122 1128/1/1108
f 1141/1/1121 1144/1/1124 1132/1/1112 1140/1/1120
f 1142/1/1122 1145/1/1125 1144/1/1124 1141/1/1121
f 1144/1/1124 1145/1/1125 1133/1/1113 1124/1/1104
f 1143/1/1123 1146/1/1126 1145/1/1125 1142/1/1122
f 1143/1/1123 1128/1/1108 1134/1/1114 1146/1/1126
f 1156/1/1136 1159/1/1139 1158/1/1138 1155/1/1135
f 1135/1/1115 1146/1/1126 1134/1/1114
f 1147/1/1127 226/1/226 228/1/228
f 1148/1/1128 227/1/227 229/1/229
f 1150/1/1130 228/1/228 1148/1/1128
f 1151/1/1131 1152/1/1132 1148/1/1128
f 1153/1/1133 246/1/246 244/1/244
f 1153/1/1133 244/1/244 247/1/247
f 1155/1/1135 1153/1/1133 247/1/247
f 1156/1/1136 1155/1/1135 1147/1/1127
f 1156/1/1136 1147/1/1127 1150/1/1130
f 1158/1/1138 1154/1/1134 1155/1/1135
f 1150/1/1130 1160/1/1140 1159/1/1139 1156/1/1136
f 1157/1/1137 1164/1/1144 1163/1/1143 1152/1/1132
f 1160/1/1140 1150/1/1130 1152/1/1132
f 1163/1/1143 1162/1/1142 1152/1/1132
f 1160/1/1140 1166/1/1146 1165/1/1145 1159/1/1139
f 1165/1/1145 1161/1/1141 1159/1/1139
f 1162/1/1142 1163/1/1143 1171/1/1151 1167/1/1147
f 1162/1/1142 1166/1/1146 1160/1/1140
f 1154/1/1134 1158/1/1138 1117/1/1097 1111/1/1091
f 1110/1/1090 188/1/188 246/1/246
f 1154/1/1134 1111/1/1091 1110/1/1090
f 1158/1/1138 1170/1/1150 1169/1/1149 1168/1/1148
f 1166/1/1146 1174/1/1154 1173/1/1153 1165/1/1145
f 1170/1/1150 1158/1/1138 1161/1/1141
f 1165/1/1145 1170/1/1150 1161/1/1141
f 1173/1/1153 1170/1/1150 1165/1/1145
f 1170/1/1150 1177/1/1157 1176/1/1156 1169/1/1149
f 1174/1/1154 1166/1/1146 1167/1/1147
f 1168/1/1148 1119/1/1099 1117/1/1097
f 1120/1/1100 1119/1/1099 1168/1/1148
f 1169/1/1149 1120/1/1100 1168/1/1148
f 1176/1/1156 1120/1/1100 1169/1/1149
f 1187/1/1167 1188/1/1168 1190/1/1170 1198/1/1178
f 1173/1/1153 1177/1/1157 1170/1/1150
f 1149/1/1129 229/1/229 245/1/245
f 258/1/258 1149/1/1129 245/1/245
f 1180/1/1160 1151/1/1131 258/1/258
f 1179/1/1159 1180/1/1160 259/1/259
f 1181/1/1161 1157/1/1137 1151/1/1131
f 1180/1/1160 1181/1/1161 1151/1/1131
f 1187/1/1167 1183/1/1163 1180/1/1160
f 1182/1/1162 1187/1/1167 1180/1/1160
f 1183/1/1163 1164/1/1144 1181/1/1161
f 1182/1/1162 1179/1/1159 1184/1/1164
f 1188/1/1168 1187/1/1167 1182/1/1162
f 1194/1/1174 1188/1/1168 1182/1/1162
f 1164/1/1144 1189/1/1169 1171/1/1151
f 1189/1/1169 1183/1/1163 1187/1/1167
f 1198/1/1178 1189/1/1169 1187/1/1167
f 1198/1/1178 1190/1/1170 1204/1/1184 1199/1/1179
f 1191/1/1171 1178/1/1158 1189/1/1169
f 1198/1/1178 1191/1/1171 1189/1/1169
f 1178/1/1158 1175/1/1155 1171/1/1151
f 1185/1/1165 269/1/269 274/1/274
f 1186/1/1166 1185/1/1165 1193/1/1173
f 1194/1/1174 1196/1/1176 1188/1/1168
f 1197/1/1177 1190/1/1170 1188/1/1168
f 1199/1/1179 1191/1/1171 1198/1/1178
f 1193/1/1173 1201/1/1181 1202/1/1182 1195/1/1175
f 1200/1/1180 1192/1/1172 280/1/280
f 1201/1/1181 1193/1/1173 1192/1/1172
f 1206/1/1186 1207/1/1187 1202/1/1182 1201/1/1181
f 1202/1/1182 1203/1/1183 1195/1/1175
f 1197/1/1177 1196/1/1176 1195/1/1175
f 1203/1/1183 1197/1/1177 1195/1/1175
f 1205/1/1185 1204/1/1184 1197/1/1177
f 1203/1/1183 1205/1/1185 1197/1/1177
f 1205/1/1185 1280/1/1260 1204/1/1184
f 1200/1/1180 280/1/280 283/1/283
f 1208/1/1188 1205/1/1185 1203/1/1183 1209/1/1189
f 1202/1/1182 1207/1/1187 1203/1/1183
f 1210/1/1190 1280/1/1260 1205/1/1185 1208/1/1188
f 1213/1/1193 1216/1/1196 1025/1/1024 1024/1/1023
f 1214/1/1194 1213/1/1193 1211/1/1191
f 1214/1/1194 1211/1/1191 1212/1/1192
f 1213/1/1193 1214/1/1194 1217/1/1197 1216/1/1196
f 1214/1/1194 1215/1/1195 1219/1/1199 1218/1/1198
f 1217/1/1197 1221/1/1201 1220/1/1200 1216/1/1196
f 1217/1/1197 1218/1/1198 1222/1/1202 1221/1/1201
f 1113/1/1093 1212/1/1192 1224/1/1204 1112/1/1092
f 1224/1/1204 1223/1/1203 1112/1/1092
f 1114/1/1094 1225/1/1205 1212/1/1192 1113/1/1093
f 1212/1/1192 1211/1/1191 1224/1/1204
f 1026/1/1025 1223/1/1203 1213/1/1193 1024/1/1023
f 1226/1/1206 1227/1/1207 1215/1/1195 1225/1/1205
f 1213/1/1193 1223/1/1203 1211/1/1191
f 1215/1/1195 1214/1/1194 1212/1/1192
f 1215/1/1195 1227/1/1207 1228/1/1208 1219/1/1199
f 1216/1/1196 1229/1/1209 1029/1/1026 1025/1/1024
f 1218/1/1198 1219/1/1199 1230/1/1210 1222/1/1202
f 1220/1/1200 1229/1/1209 1216/1/1196
f 1221/1/1201 1229/1/1209 1220/1/1200
f 1219/1/1199 1228/1/1208 1231/1/1211 1230/1/1210
f 1221/1/1201 1222/1/1202 1233/1/1213 1232/1/1212
f 1232/1/1212 1229/1/1209 1221/1/1201
f 1112/1/1092 1223/1/1203 1032/1/10 1121/1/1101
f 1032/1/10 1223/1/1203 1026/1/1025
f 1124/1/1104 1226/1/1206 1114/1/1094 1123/1/1103
f 1228/1/1208 1236/1/1216 1238/1/1218 1237/1/1217
f 1226/1/1206 1225/1/1205 1114/1/1094
f 1235/1/1215 1227/1/1207 1226/1/1206
f 1235/1/1215 1226/1/1206 1234/1/1214
f 1236/1/1216 1228/1/1208 1235/1/1215
f 1231/1/1211 1237/1/1217 1230/1/1210
f 1037/1/1027 1229/1/1209 1232/1/1212 1239/1/1219
f 1232/1/1212 1233/1/1213 1241/1/1221 1240/1/1220
f 1240/1/1220 1239/1/1219 1232/1/1212
f 1133/1/1113 1243/1/1223 1234/1/1214 1226/1/1206
f 1233/1/1213 1242/1/1222 1241/1/1221
f 1133/1/1113 1226/1/1206 1124/1/1104
f 1234/1/1214 1243/1/1223 1245/1/1225 1235/1/1215
f 1245/1/1225 1247/1/1227 1236/1/1216 1235/1/1215
f 1247/1/1227 1248/1/1228 1238/1/1218 1236/1/1216
f 1038/1/30 1239/1/1219 1249/1/1229 1044/1/1030
f 1250/1/1230 1241/1/1221 1242/1/1222 1251/1/1231
f 1240/1/1220 1249/1/1229 1239/1/1219
f 1241/1/1221 1250/1/1230 1240/1/1220
f 1248/1/1228 1252/1/1232 1242/1/1222 1237/1/1217
f 1242/1/1222 1252/1/1232 1251/1/1231
f 1133/1/1113 1145/1/1125 1255/1/1235 1243/1/1223
f 1253/1/1233 1252/1/1232 1248/1/1228
f 1254/1/1234 1249/1/1229 1240/1/1220
f 1254/1/1234 1240/1/1220 1250/1/1230
f 1146/1/1126 1256/1/1236 1255/1/1235 1145/1/1125
f 1135/1/1115 1244/1/1224 1256/1/1236 1146/1/1126
f 1243/1/1223 1255/1/1235 1257/1/1237 1245/1/1225
f 1256/1/1236 1246/1/1226 1257/1/1237 1255/1/1235
f 1259/1/1239 1260/1/1240 1248/1/1228 1247/1/1227
f 1246/1/1226 1245/1/1225 1257/1/1237
f 1261/1/1241 1251/1/1231 1252/1/1232 1262/1/1242
f 1051/1/1033 1249/1/1229 1254/1/1234 1263/1/1243
f 1253/1/1233 1248/1/1228 1260/1/1240
f 1264/1/1244 1250/1/1230 1251/1/1231 1261/1/1241
f 1264/1/1244 1263/1/1243 1254/1/1234
f 1267/1/1247 1272/1/1252 1271/1/1251 1265/1/1245
f 1267/1/1247 1174/1/1154 1266/1/1246
f 1244/1/1224 1135/1/1115 1176/1/1156
f 1177/1/1157 1268/1/1248 1176/1/1156
f 1265/1/1245 1268/1/1248 1177/1/1157
f 1270/1/1250 1269/1/1249 1266/1/1246
f 1271/1/1251 1268/1/1248 1265/1/1245
f 1274/1/1254 1268/1/1248 1271/1/1251 1275/1/1255
f 1272/1/1252 1267/1/1247 1269/1/1249
f 1268/1/1248 1258/1/1238 1244/1/1224
f 1274/1/1254 1258/1/1238 1268/1/1248
f 1279/1/1259 1199/1/1179 1282/1/1262 1281/1/1261
f 1276/1/1256 1275/1/1255 1271/1/1251
f 1272/1/1252 1276/1/1256 1271/1/1251
f 1269/1/1249 1277/1/1257 1272/1/1252
f 1273/1/1253 1277/1/1257 1270/1/1250
f 1277/1/1257 1276/1/1256 1272/1/1252
f 1279/1/1259 1175/1/1155 1178/1/1158
f 1199/1/1179 1279/1/1259 1191/1/1171
f 1279/1/1259 1270/1/1250 1175/1/1155
f 1270/1/1250 1279/1/1259 1281/1/1261 1273/1/1253
f 1021/1/1020 1052/1/1034 1289/1/1269 1138/1/1118
f 1281/1/1261 1278/1/1258 1273/1/1253
f 1281/1/1261 1284/1/1264 1278/1/1258
f 1285/1/1265 1284/1/1264 1282/1/1262
f 1136/1/1116 1293/1/1273 1286/1/1266
f 1126/1/1106 1288/1/1268 1136/1/1116
f 1137/1/1117 1141/1/1121 1291/1/1271 1288/1/1268
f 1139/1/1119 1138/1/1118 1289/1/1269
f 1291/1/1271 1141/1/1121 1140/1/1120
f 1287/1/1267 1288/1/1268 1295/1/1275 1294/1/1274
f 1292/1/1272 445/1/445 439/1/439
f 1286/1/1266 1293/1/1273 1292/1/1272
f 1296/1/1276 1297/1/1277 1290/1/1270 1289/1/1269
f 1289/1/1269 1052/1/1034 1054/1/1036
f 1290/1/1270 1297/1/1277 1298/1/1278 1140/1/1120
f 1294/1/1274 1295/1/1275 1299/1/1279 1298/1/1278
f 1140/1/1120 1298/1/1278 1299/1/1279 1291/1/1271
f 1295/1/1275 1288/1/1268 1291/1/1271 1299/1/1279
f 1301/1/1281 1287/1/1267 1294/1/1274 1303/1/1283
f 1300/1/1280 455/1/455 1292/1/1272
f 1293/1/1273 1300/1/1280 1292/1/1272
f 1293/1/1273 1301/1/1281 1300/1/1280
f 1056/1/1038 1304/1/1284 1296/1/1276 1054/1/1036
f 1304/1/1284 1305/1/1285 1297/1/1277 1296/1/1276
f 1302/1/1282 1303/1/1283 1306/1/1286 1305/1/1285
f 1297/1/1277 1305/1/1285 1306/1/1286 1298/1/1278
f 1303/1/1283 1294/1/1274 1298/1/1278 1306/1/1286
f 1056/1/1038 1057/1/1039 1307/1/1287 1304/1/1284
f 1304/1/1284 1307/1/1287 1308/1/1288 1305/1/1285
f 1311/1/1291 1301/1/1281 1302/1/1282 1312/1/1292
f 1300/1/1280 1310/1/1290 1309/1/1289
f 1301/1/1281 1311/1/1291 1310/1/1290
f 1302/1/1282 1305/1/1285 1314/1/1294 1312/1/1292
f 1058/1/1040 1315/1/1295 1307/1/1287 1057/1/1039
f 1313/1/1293 1314/1/1294 1308/1/1288 1315/1/1295
f 1317/1/1297 1311/1/1291 1312/1/1292 1318/1/1298
f 1309/1/1289 469/1/469 455/1/455
f 1318/1/1298 1312/1/1292 1314/1/1294 1319/1/1299
f 1313/1/1293 1320/1/1300 1321/1/1301 1319/1/1299
f 1323/1/1303 1319/1/1299 1321/1/1301 1324/1/1304
f 1309/1/1289 1322/1/1302 473/1/473
f 1327/1/1307 1322/1/1302 1316/1/1296
f 1317/1/1297 1327/1/1307 1316/1/1296
f 1325/1/1305 473/1/473 1322/1/1302 1326/1/1306
f 473/1/473 1325/1/1305 477/1/477
f 1323/1/1303 1324/1/1304 1330/1/1310 1329/1/1309
f 1327/1/1307 1326/1/1306 1322/1/1302
f 1317/1/1297 1329/1/1309 1328/1/1308
f 1347/1/1327 1348/1/1328 1346/1/1326 1344/1/1324
f 1324/1/1304 1331/1/1311 1330/1/1310
f 1332/1/1312 1326/1/1306 1327/1/1307
f 1328/1/1308 1332/1/1312 1327/1/1307
f 1333/1/1313 1332/1/1312 1328/1/1308
f 1329/1/1309 1334/1/1314 1333/1/1313
f 1336/1/1316 1209/1/1189 1335/1/1315
f 1336/1/1316 1335/1/1315 1337/1/1317
f 488/1/488 1200/1/1180 284/1/284
f 1206/1/1186 1200/1/1180 488/1/488
f 1339/1/1319 1206/1/1186 488/1/488
f 1339/1/1319 1340/1/1320 1206/1/1186
f 1207/1/1187 1206/1/1186 1340/1/1320
f 1341/1/1321 1335/1/1315 1207/1/1187
f 1339/1/1319 488/1/488 1342/1/1322
f 1339/1/1319 1343/1/1323 1340/1/1320
f 1341/1/1321 1207/1/1187 1340/1/1320
f 1344/1/1324 1341/1/1321 1340/1/1320
f 494/1/494 1342/1/1322 491/1/491
f 1345/1/1325 1343/1/1323 1342/1/1322
f 1335/1/1315 1341/1/1321 1346/1/1326
f 1349/1/1329 1337/1/1317 1346/1/1326
f 1344/1/1324 1343/1/1323 1347/1/1327
f 1350/1/1330 1351/1/1331 1345/1/1325 494/1/494
f 1349/1/1329 1346/1/1326 1348/1/1328
f 1350/1/1330 494/1/494 498/1/498
f 1351/1/1331 1352/1/1332 1347/1/1327 1345/1/1325
f 1353/1/1333 1354/1/1334 1349/1/1329 1348/1/1328
f 1350/1/1330 506/1/506 1355/1/1335 1351/1/1331
f 1338/1/1318 1349/1/1329 1354/1/1334
f 1350/1/1330 498/1/498 506/1/506
f 1360/1/1340 1361/1/1341 1357/1/1337 1356/1/1336
f 1356/1/1336 1353/1/1333 1352/1/1332
f 1354/1/1334 1353/1/1333 1356/1/1336
f 1357/1/1337 1354/1/1334 1356/1/1336
f 1355/1/1335 506/1/506 1358/1/1338
f 1352/1/1332 1355/1/1335 1359/1/1339
f 1356/1/1336 1352/1/1332 1359/1/1339
f 1365/1/1345 1256/1/1236 1244/1/1224 1366/1/1346
f 1355/1/1335 1362/1/1342 1359/1/1339
f 1363/1/1343 1360/1/1340 1359/1/1339
f 1361/1/1341 1360/1/1340 1364/1/1344
f 1365/1/1345 1367/1/1347 1246/1/1226 1256/1/1236
f 1366/1/1346 1258/1/1238 1367/1/1347 1365/1/1345
f 1367/1/1347 1369/1/1349 1259/1/1239 1246/1/1226
f 1371/1/1351 1262/1/1242 1253/1/1233 1372/1/1352
f 1260/1/1240 1369/1/1349 1368/1/1348
f 1260/1/1240 1259/1/1239 1369/1/1349
f 1260/1/1240 1368/1/1348 1372/1/1352 1253/1/1233
f 1264/1/1244 1261/1/1241 1374/1/1354 1373/1/1353
f 1263/1/1243 1066/1/1046 1051/1/1033
f 1264/1/1244 1373/1/1353 1263/1/1243
f 1367/1/1347 1258/1/1238 1376/1/1356 1375/1/1355
f 1375/1/1355 1377/1/1357 1369/1/1349 1367/1/1347
f 1375/1/1355 1376/1/1356 1370/1/1350 1377/1/1357
f 1368/1/1348 1377/1/1357 1380/1/1360 1379/1/1359
f 1378/1/1358 1384/1/1364 1372/1/1352 1379/1/1359
f 1384/1/1364 1383/1/1363 1371/1/1351
f 1263/1/1243 1373/1/1353 1385/1/1365 1381/1/1361
f 1372/1/1352 1384/1/1364 1371/1/1351
f 1263/1/1243 1381/1/1361 1066/1/1046
f 1373/1/1353 1374/1/1354 1383/1/1363 1382/1/1362
f 1373/1/1353 1382/1/1362 1385/1/1365
f 1377/1/1357 1370/1/1350 1389/1/1369 1388/1/1368
f 1383/1/1363 1374/1/1354 1371/1/1351
f 1378/1/1358 1379/1/1359 1380/1/1360 1387/1/1367
f 1388/1/1368 1387/1/1367 1380/1/1360 1377/1/1357
f 1389/1/1369 1390/1/1370 1387/1/1367 1388/1/1368
f 1079/1/1059 1072/1/1052 1381/1/1361 1391/1/1371
f 1370/1/1350 1390/1/1370 1389/1/1369
f 1382/1/1362 1383/1/1363 1394/1/1374 1393/1/1373
f 1386/1/1366 1387/1/1367 1399/1/1379 1398/1/1378
f 1394/1/1374 1384/1/1364 1378/1/1358
f 1385/1/1365 1392/1/1372 1381/1/1361
f 1395/1/1375 1315/1/1295 1058/1/1040
f 1386/1/1366 1398/1/1378 1402/1/1382 1378/1/1358
f 1402/1/1382 1397/1/1377 1396/1/1376
f 1402/1/1382 1398/1/1378 1397/1/1377
f 1403/1/1383 1387/1/1367 1390/1/1370 1404/1/1384
f 1403/1/1383 1399/1/1379 1387/1/1367
f 1400/1/1380 1084/1/1064 1079/1/1059 1391/1/1371
f 1392/1/1372 1393/1/1373 1401/1/1381 1405/1/1385
f 1391/1/1371 1405/1/1385 1400/1/1380
f 1392/1/1372 1405/1/1385 1391/1/1371
f 1393/1/1373 1394/1/1374 1406/1/1386 1401/1/1381
f 1406/1/1386 1396/1/1376 1401/1/1381
f 1378/1/1358 1402/1/1382 1406/1/1386 1394/1/1374
f 1406/1/1386 1402/1/1382 1396/1/1376
f 1320/1/1300 1315/1/1295 1395/1/1375 1407/1/1387
f 1395/1/1375 1080/1/1060 1085/1/1065
f 1320/1/1300 1407/1/1387 1408/1/1388 1321/1/1301
f 1085/1/1065 1409/1/1389 1410/1/1390 1407/1/1387
f 1408/1/1388 1407/1/1387 1410/1/1390 1411/1/1391
f 1086/1/1066 1088/1/1068 1413/1/1393 1409/1/1389
f 1409/1/1389 1413/1/1393 1414/1/1394 1410/1/1390
f 1410/1/1390 1414/1/1394 1412/1/1392 1411/1/1391
f 1396/1/1376 1397/1/1377 1416/1/1396 1415/1/1395
f 1397/1/1377 1398/1/1378 1417/1/1397 1416/1/1396
f 1413/1/1393 1088/1/1068 1083/1/1063 1418/1/1398
f 1399/1/1379 1417/1/1397 1398/1/1378
f 1083/1/1063 1084/1/1064 1400/1/1380 1418/1/1398
f 1414/1/1394 1413/1/1393 1418/1/1398 1419/1/1399
f 1414/1/1394 1419/1/1399 1420/1/1400 1412/1/1392
f 1400/1/1380 1419/1/1399 1418/1/1398
f 1399/1/1379 1422/1/1402 1421/1/1401 1417/1/1397
f 1420/1/1400 1415/1/1395 1412/1/1392
f 1400/1/1380 1405/1/1385 1423/1/1403 1419/1/1399
f 1403/1/1383 1422/1/1402 1399/1/1379
f 1321/1/1301 1408/1/1388 1425/1/1405 1324/1/1304
f 1404/1/1384 1424/1/1404 1422/1/1402
f 1408/1/1388 1411/1/1391 1426/1/1406 1425/1/1405
f 1425/1/1405 1426/1/1406 1324/1/1304
f 1426/1/1406 1411/1/1391 1412/1/1392 1427/1/1407
f 1412/1/1392 1415/1/1395 1429/1/1409 1427/1/1407
f 1429/1/1409 1415/1/1395 1416/1/1396 1428/1/1408
f 1416/1/1396 1417/1/1397 1430/1/1410 1428/1/1408
f 1426/1/1406 1427/1/1407 1432/1/1412 1331/1/1311
f 1431/1/1411 1421/1/1401 1422/1/1402
f 1506/1/1486 1330/1/1310 1331/1/1311
f 1432/1/1412 1427/1/1407 1428/1/1408 1433/1/1413
f 1433/1/1413 1428/1/1408 1430/1/1410 1434/1/1414
f 1434/1/1414 1430/1/1410 1421/1/1401 1435/1/1415
f 1438/1/1418 1275/1/1255 1444/1/1424 1443/1/1423
f 1433/1/1413 1436/1/1416 1432/1/1412
f 1431/1/1411 1437/1/1417 1435/1/1415
f 1274/1/1254 1370/1/1350 1258/1/1238
f 1438/1/1418 1370/1/1350 1274/1/1254
f 1438/1/1418 1274/1/1254 1275/1/1255
f 1277/1/1257 1441/1/1421 1440/1/1420
f 1439/1/1419 1276/1/1256 1440/1/1420
f 1443/1/1423 1370/1/1350 1438/1/1418
f 1452/1/1432 1455/1/1435 1459/1/1439 1458/1/1438
f 1440/1/1420 1445/1/1425 1439/1/1419
f 1442/1/1422 1445/1/1425 1441/1/1421
f 1446/1/1426 1390/1/1370 1370/1/1350
f 1447/1/1427 1446/1/1426 1443/1/1423
f 1444/1/1424 1447/1/1427 1443/1/1423
f 1439/1/1419 1448/1/1428 1444/1/1424
f 1450/1/1430 1444/1/1424 1448/1/1428
f 1451/1/1431 1404/1/1384 1446/1/1426
f 1447/1/1427 1451/1/1431 1446/1/1426
f 1452/1/1432 1451/1/1431 1447/1/1427
f 1450/1/1430 1452/1/1432 1447/1/1427
f 1454/1/1434 1453/1/1433 1445/1/1425
f 1451/1/1431 1424/1/1404 1404/1/1384
f 1457/1/1437 1424/1/1404 1451/1/1431
f 1452/1/1432 1457/1/1437 1451/1/1431
f 1450/1/1430 1455/1/1435 1452/1/1432
f 1453/1/1433 1455/1/1435 1448/1/1428
f 1457/1/1437 1431/1/1411 1424/1/1404
f 1457/1/1437 1458/1/1438 1462/1/1442 1461/1/1441
f 1460/1/1440 1459/1/1439 1455/1/1435
f 1456/1/1436 1460/1/1440 1453/1/1433
f 1459/1/1439 1460/1/1440 1466/1/1446 1465/1/1445
f 1456/1/1436 1464/1/1444 1463/1/1443
f 1461/1/1441 1437/1/1417 1431/1/1411
f 1462/1/1442 1437/1/1417 1461/1/1441
f 1283/1/1263 1467/1/1447 1472/1/1452 1285/1/1265
f 1463/1/1443 1466/1/1446 1460/1/1440
f 1210/1/1190 1468/1/1448 1467/1/1447
f 1283/1/1263 1210/1/1190 1467/1/1447
f 1473/1/1453 1284/1/1264 1469/1/1449 1474/1/1454
f 1471/1/1451 1472/1/1452 1467/1/1447
f 1478/1/1458 1442/1/1422 1473/1/1453 1479/1/1459
f 1469/1/1449 1472/1/1452 1474/1/1454
f 1469/1/1449 1285/1/1265 1472/1/1452
f 1470/1/1450 1336/1/1316 1337/1/1317
f 1480/1/1460 1475/1/1455 1470/1/1450
f 1475/1/1455 1476/1/1456 1471/1/1451
f 1472/1/1452 1477/1/1457 1474/1/1454
f 1472/1/1452 1476/1/1456 1477/1/1457
f 1478/1/1458 1449/1/1429 1442/1/1422
f 1481/1/1461 1476/1/1456 1475/1/1455 1480/1/1460
f 1470/1/1450 1337/1/1317 1338/1/1318
f 1480/1/1460 1470/1/1450 1338/1/1318
f 1483/1/1463 1474/1/1454 1477/1/1457 1482/1/1462
f 1474/1/1454 1483/1/1463 1479/1/1459
f 1484/1/1464 1485/1/1465 1480/1/1460 1338/1/1318
f 1486/1/1466 1481/1/1461 1480/1/1460 1485/1/1465
f 1487/1/1467 1482/1/1462 1481/1/1461 1486/1/1466
f 1478/1/1458 1479/1/1459 1483/1/1463 1488/1/1468
f 1482/1/1462 1493/1/1473 1483/1/1463
f 1482/1/1462 1487/1/1467 1493/1/1473
f 1478/1/1458 1488/1/1468 1454/1/1434
f 1464/1/1444 1456/1/1436 1492/1/1472 1499/1/1479
f 1488/1/1468 1456/1/1436 1454/1/1434
f 1485/1/1465 1484/1/1464 1489/1/1469
f 1486/1/1466 1497/1/1477 1487/1/1467
f 1486/1/1466 1485/1/1465 1490/1/1470
f 1497/1/1477 1491/1/1471 1487/1/1467
f 1493/1/1473 1492/1/1472 1483/1/1463
f 1488/1/1468 1492/1/1472 1456/1/1436
f 1490/1/1470 1489/1/1469 1494/1/1474
f 1491/1/1471 1497/1/1477 1496/1/1476
f 1493/1/1473 1496/1/1476 1498/1/1478
f 1493/1/1473 1491/1/1471 1496/1/1476
f 1357/1/1337 1489/1/1469 1484/1/1464 1354/1/1334
f 1500/1/1480 1501/1/1481 1490/1/1470
f 1490/1/1470 1494/1/1474 1500/1/1480
f 1495/1/1475 1501/1/1481 1502/1/1482
f 1495/1/1475 1490/1/1470 1501/1/1481
f 1497/1/1477 1503/1/1483 1496/1/1476
f 1502/1/1482 1503/1/1483 1497/1/1477
f 1497/1/1477 1495/1/1475 1502/1/1482
f 1496/1/1476 1503/1/1483 1498/1/1478
f 477/1/477 1325/1/1305 1505/1/1485 625/1/625
f 1361/1/1341 1364/1/1344 1504/1/1484
f 1494/1/1474 1504/1/1484 1500/1/1480
f 1494/1/1474 1361/1/1341 1504/1/1484
f 1509/1/1489 1510/1/1490 1515/1/1495 1514/1/1494
f 1332/1/1312 1505/1/1485 1326/1/1306
f 1332/1/1312 1508/1/1488 1507/1/1487
f 1333/1/1313 1509/1/1489 1508/1/1488
f 1510/1/1490 1509/1/1489 1506/1/1486
f 1507/1/1487 634/1/634 1505/1/1485
f 1507/1/1487 1511/1/1491 634/1/634
f 1512/1/1492 1507/1/1487 1508/1/1488
f 1513/1/1493 1512/1/1492 1508/1/1488
f 1509/1/1489 1514/1/1494 1513/1/1493
f 1511/1/1491 1512/1/1492 1520/1/1500 1519/1/1499
f 1511/1/1491 638/1/638 634/1/634
f 1513/1/1493 1516/1/1496 1512/1/1492
f 1517/1/1497 1513/1/1493 1514/1/1494
f 1515/1/1495 1517/1/1497 1514/1/1494
f 1511/1/1491 1519/1/1499 1518/1/1498
f 654/1/654 1526/1/1506 1525/1/1505 653/1/653
f 1516/1/1496 1520/1/1500 1512/1/1492
f 1517/1/1497 1521/1/1501 1513/1/1493
f 1518/1/1498 646/1/646 638/1/638
f 1522/1/1502 1524/1/1504 1523/1/1503
f 654/1/654 646/1/646 1518/1/1498 1526/1/1506
f 1526/1/1506 1519/1/1499 1520/1/1500 1527/1/1507
f 1520/1/1500 1521/1/1501 1528/1/1508 1527/1/1507
f 1521/1/1501 1523/1/1503 1529/1/1509 1528/1/1508
f 1533/1/1513 1526/1/1506 1527/1/1507 1534/1/1514
f 1531/1/1511 1529/1/1509 1523/1/1503
f 1524/1/1504 1531/1/1511 1523/1/1503
f 1526/1/1506 1533/1/1513 1525/1/1505
f 1534/1/1514 1527/1/1507 1528/1/1508 1535/1/1515
f 1530/1/1510 1539/1/1519 1538/1/1518 1536/1/1516
f 1536/1/1516 1535/1/1515 1528/1/1508
f 1537/1/1517 1535/1/1515 1536/1/1516
f 1530/1/1510 1536/1/1516 1529/1/1509
f 1531/1/1511 1524/1/1504 1540/1/1520 1539/1/1519
f 1554/1/1534 1555/1/1535 1548/1/1528 1552/1/1532
f 1524/1/1504 1541/1/1521 1540/1/1520
f 1358/1/1338 509/1/509 667/1/667
f 1544/1/1524 1362/1/1342 1358/1/1338
f 1362/1/1342 1544/1/1524 1545/1/1525
f 1547/1/1527 1544/1/1524 667/1/667
f 1548/1/1528 1362/1/1342 1545/1/1525
f 1363/1/1343 1362/1/1342 1548/1/1528
f 1550/1/1530 1546/1/1526 1363/1/1343
f 1552/1/1532 670/1/670 674/1/674
f 1552/1/1532 1545/1/1525 1547/1/1527
f 1549/1/1529 1550/1/1530 1548/1/1528
f 1553/1/1533 1550/1/1530 1549/1/1529
f 1553/1/1533 1551/1/1531 1550/1/1530
f 1554/1/1534 1552/1/1532 674/1/674
f 1555/1/1535 1556/1/1536 1549/1/1529 1548/1/1528
f 1549/1/1529 1556/1/1536 1557/1/1537 1553/1/1533
f 1557/1/1537 1562/1/1542 1563/1/1543 1558/1/1538
f 1557/1/1537 1558/1/1538 1553/1/1533
f 1559/1/1539 674/1/674 678/1/678
f 1561/1/1541 1562/1/1542 1557/1/1537
f 1561/1/1541 1557/1/1537 1556/1/1536
f 688/1/688 687/1/687 1564/1/1544 1559/1/1539
f 1565/1/1545 1569/1/1549 1570/1/1550 1562/1/1542
f 1560/1/1540 1559/1/1539 1564/1/1544
f 1565/1/1545 1555/1/1535 1560/1/1540
f 1566/1/1546 1563/1/1543 1562/1/1542
f 1567/1/1547 1560/1/1540 1564/1/1544
f 1568/1/1548 1565/1/1545 1560/1/1540
f 1562/1/1542 1570/1/1550 1571/1/1551 1566/1/1546
f 687/1/687 698/1/698 1572/1/1552 1564/1/1544
f 1573/1/1553 1542/1/1522 1543/1/1523 1574/1/1554
f 1573/1/1553 1567/1/1547 1542/1/1522
f 1573/1/1553 1574/1/1554 1569/1/1549 1568/1/1548
f 1569/1/1549 1574/1/1554 1575/1/1555 1570/1/1550
f 1436/1/1416 1433/1/1413 1434/1/1414 1578/1/1558
f 1506/1/1486 1577/1/1557 1510/1/1490
f 1578/1/1558 1434/1/1414 1435/1/1415 1579/1/1559
f 1515/1/1495 1582/1/1562 1522/1/1502 1517/1/1497
f 1510/1/1490 1577/1/1557 1515/1/1495
f 1436/1/1416 1580/1/1560 1577/1/1557
f 1581/1/1561 1578/1/1558 1579/1/1559
f 1586/1/1566 1582/1/1562 1580/1/1560
f 1580/1/1560 1583/1/1563 1586/1/1566
f 1578/1/1558 1581/1/1561 1583/1/1563
f 1581/1/1561 1585/1/1565 1584/1/1564
f 1586/1/1566 1587/1/1567 1590/1/1570 1588/1/1568
f 1586/1/1566 1522/1/1502 1582/1/1562
f 1583/1/1563 1587/1/1567 1586/1/1566
f 1581/1/1561 1587/1/1567 1583/1/1563
f 1591/1/1571 1587/1/1567 1584/1/1564 1589/1/1569
f 1591/1/1571 1590/1/1570 1587/1/1567
f 1597/1/1577 1462/1/1442 1465/1/1445 1598/1/1578
f 1588/1/1568 1524/1/1504 1522/1/1502
f 1589/1/1569 1592/1/1572 1591/1/1571
f 1588/1/1568 1593/1/1573 1524/1/1504
f 1590/1/1570 1593/1/1573 1588/1/1568
f 1591/1/1571 1593/1/1573 1590/1/1570
f 1592/1/1572 1594/1/1574 1591/1/1571
f 1593/1/1573 1595/1/1575 1541/1/1521
f 1593/1/1573 1594/1/1574 1595/1/1575
f 1465/1/1445 1466/1/1446 1599/1/1579 1598/1/1578
f 1466/1/1446 1463/1/1443 1600/1/1580 1599/1/1579
f 1603/1/1583 1599/1/1579 1600/1/1580 1604/1/1584
f 1597/1/1577 1601/1/1581 1596/1/1576
f 1598/1/1578 1602/1/1582 1601/1/1581
f 1599/1/1579 1603/1/1583 1602/1/1582
f 1610/1/1590 1603/1/1583 1604/1/1584 1611/1/1591
f 1605/1/1585 1585/1/1565 1596/1/1576
f 1602/1/1582 1606/1/1586 1601/1/1581
f 1585/1/1565 1605/1/1585 1584/1/1564
f 1605/1/1585 1608/1/1588 1607/1/1587
f 1603/1/1583 1610/1/1590 1606/1/1586
f 1611/1/1591 2873/1/2853 1614/1/1594 1610/1/1590
f 1612/1/1592 1611/1/1591 1604/1/1584
f 1608/1/1588 1613/1/1593 1607/1/1587
f 1610/1/1590 1614/1/1594 1609/1/1589
f 1612/1/1592 2874/1/2854 2873/1/2853 1611/1/1591
f 1615/1/1595 1589/1/1569 1607/1/1587 1616/1/1596
f 1589/1/1569 1615/1/1595 1592/1/1572
f 1621/1/1601 1616/1/1596 1619/1/1599 1622/1/1602
f 1607/1/1587 1613/1/1593 1616/1/1596
f 1609/1/1589 1618/1/1598 1613/1/1593
f 1615/1/1595 1620/1/1600 1592/1/1572
f 1613/1/1593 1619/1/1599 1616/1/1596
f 1619/1/1599 1613/1/1593 1617/1/1597
f 1592/1/1572 1620/1/1600 1594/1/1574
f 1616/1/1596 1621/1/1601 1620/1/1600
f 1621/1/1601 1622/1/1602 2879/1/2859
f 1464/1/1444 1499/1/1479 1626/1/1606 1600/1/1580
f 1503/1/1483 1625/1/1605 1498/1/1478
f 1625/1/1605 1626/1/1606 1499/1/1479 1498/1/1478
f 1630/1/1610 1501/1/1481 1500/1/1480 1631/1/1611
f 1630/1/1610 1628/1/1608 1623/1/1603
f 1626/1/1606 1604/1/1584 1600/1/1580
f 1624/1/1604 1628/1/1608 1633/1/1613 1635/1/1615
f 1631/1/1611 1500/1/1480 1627/1/1607
f 1630/1/1610 1633/1/1613 1628/1/1608
f 1629/1/1609 1636/1/1616 1637/1/1617 1627/1/1607
f 1635/1/1615 1634/1/1614 1625/1/1605
f 1634/1/1614 1626/1/1606 1625/1/1605
f 1637/1/1617 1638/1/1618 1631/1/1611 1627/1/1607
f 1639/1/1619 1633/1/1613 1630/1/1610 1640/1/1620
f 1635/1/1615 1633/1/1613 1632/1/1612 1641/1/1621
f 1642/1/1622 1634/1/1614 1635/1/1615 1641/1/1621
f 1604/1/1584 1634/1/1614 1642/1/1622 1612/1/1592
f 1632/1/1612 1639/1/1619 1647/1/1627 1646/1/1626
f 1638/1/1618 1644/1/1624 1643/1/1623
f 1647/1/1627 1639/1/1619 1640/1/1620 1648/1/1628
f 1643/1/1623 1648/1/1628 1640/1/1620 1638/1/1618
f 1643/1/1623 1644/1/1624 1649/1/1629 1648/1/1628
f 1642/1/1622 2875/1/2855 2874/1/2854 1612/1/1592
f 1645/1/1625 1650/1/1630 1641/1/1621
f 1642/1/1622 1641/1/1621 1650/1/1630 2876/1/2856
f 1642/1/1622 2876/1/2856 2875/1/2855
f 1645/1/1625 1646/1/1626 1654/1/1634 1653/1/1633
f 1652/1/1632 1651/1/1631 1654/1/1634 1655/1/1635
f 1654/1/1634 1646/1/1626 1647/1/1627 1655/1/1635
f 1647/1/1627 1648/1/1628 1656/1/1636 1655/1/1635
f 1649/1/1629 1659/1/1639 1658/1/1638 1656/1/1636
f 1650/1/1630 1645/1/1625 1657/1/1637
f 1654/1/1634 1661/1/1641 2878/1/2858 1653/1/1633
f 1660/1/1640 1662/1/1642 1661/1/1641 1651/1/1631
f 1661/1/1641 1654/1/1634 1651/1/1631
f 1652/1/1632 1655/1/1635 1662/1/1642 1660/1/1640
f 1665/1/1645 1661/1/1641 1662/1/1642 1666/1/1646
f 1659/1/1639 1649/1/1629 1663/1/1643
f 1665/1/1645 2877/1/2857 1661/1/1641
f 1658/1/1638 1659/1/1639 1669/1/1649 1667/1/1647
f 1667/1/1647 1666/1/1646 1662/1/1642
f 1668/1/1648 1666/1/1646 1667/1/1647
f 1553/1/1533 1558/1/1538 1636/1/1616 1629/1/1609
f 1364/1/1344 1551/1/1531 1504/1/1484
f 1637/1/1617 1670/1/1650 1671/1/1651 1638/1/1618
f 1670/1/1650 1637/1/1617 1636/1/1616
f 1558/1/1538 1563/1/1543 1672/1/1652 1636/1/1616
f 1644/1/1624 1671/1/1651 1673/1/1653 1649/1/1629
f 1670/1/1650 1636/1/1616 1672/1/1652
f 1563/1/1543 1566/1/1546 1674/1/1654 1672/1/1652
f 1672/1/1652 1674/1/1654 1675/1/1655 1670/1/1650
f 1675/1/1655 1676/1/1656 1671/1/1651 1670/1/1650
f 1566/1/1546 1571/1/1551 1678/1/1658 1674/1/1654
f 1677/1/1657 1676/1/1656 1675/1/1655
f 1673/1/1653 1671/1/1651 1676/1/1656
f 1674/1/1654 1678/1/1658 1679/1/1659 1675/1/1655
f 1663/1/1643 1649/1/1629 1673/1/1653 1680/1/1660
f 1677/1/1657 1675/1/1655 1679/1/1659
f 1676/1/1656 1677/1/1657 1681/1/1661 1680/1/1660
f 1663/1/1643 1680/1/1660 1682/1/1662 1659/1/1639
f 1538/1/1518 1539/1/1519 1540/1/1520 1686/1/1666
f 1683/1/1663 1677/1/1657 1679/1/1659
f 1681/1/1661 1677/1/1657 1683/1/1663
f 1682/1/1662 1680/1/1660 1684/1/1664
f 1686/1/1666 1540/1/1520 1541/1/1521 1687/1/1667
f 812/1/812 653/1/653 1532/1/1512 1688/1/1668
f 1688/1/1668 1532/1/1512 1525/1/1505 1689/1/1669
f 1689/1/1669 1525/1/1505 1533/1/1513 1692/1/1672
f 1692/1/1672 1533/1/1513 1534/1/1514 1693/1/1673
f 1685/1/1665 1535/1/1515 1537/1/1517 1690/1/1670
f 1716/1/1696 1715/1/1695 1717/1/1697 1718/1/1698
f 1685/1/1665 1694/1/1674 1693/1/1673
f 1688/1/1668 1699/1/1679 818/1/818
f 1696/1/1676 1699/1/1679 1688/1/1668
f 1693/1/1673 1700/1/1680 1696/1/1676
f 1694/1/1674 1701/1/1681 1700/1/1680
f 1694/1/1674 1702/1/1682 1701/1/1681
f 1697/1/1677 1703/1/1683 1702/1/1682
f 1695/1/1675 1703/1/1683 1697/1/1677
f 1704/1/1684 1703/1/1683 1695/1/1675
f 1698/1/1678 1704/1/1684 1695/1/1675
f 1696/1/1676 1705/1/1685 1699/1/1679
f 1696/1/1676 1706/1/1686 1705/1/1685
f 1700/1/1680 1706/1/1686 1696/1/1676
f 1700/1/1680 1708/1/1688 1706/1/1686
f 1707/1/1687 1708/1/1688 1701/1/1681
f 1709/1/1689 1711/1/1691 1707/1/1687
f 1710/1/1690 1712/1/1692 1709/1/1689
f 1716/1/1696 1718/1/1698 1543/1/1523 1542/1/1522
f 844/1/844 1720/1/1700 1714/1/1694 835/1/835
f 1714/1/1694 1719/1/1699 1721/1/1701 1542/1/1522
f 1715/1/1695 1716/1/1696 1724/1/1704 1723/1/1703
f 1722/1/1702 1724/1/1704 1721/1/1701
f 1721/1/1701 1724/1/1704 1716/1/1696 1542/1/1522
f 1715/1/1695 1723/1/1703 1725/1/1705 1717/1/1697
f 1724/1/1704 1726/1/1706 1725/1/1705 1723/1/1703
f 1717/1/1697 1725/1/1705 1726/1/1706 1718/1/1698
f 1719/1/1699 1720/1/1700 1729/1/1709 1728/1/1708
f 844/1/844 1727/1/1707 1729/1/1709 1720/1/1700
f 1728/1/1708 1730/1/1710 1721/1/1701 1719/1/1699
f 1731/1/1711 1732/1/1712 1726/1/1706 1724/1/1704
f 1722/1/1702 1721/1/1701 1730/1/1710
f 1731/1/1711 1724/1/1704 1722/1/1702
f 849/1/849 855/1/855 1735/1/1715 1727/1/1707
f 1730/1/1710 1728/1/1708 1733/1/1713
f 1722/1/1702 1730/1/1710 1733/1/1713
f 1734/1/1714 1731/1/1711 1722/1/1702
f 1732/1/1712 1731/1/1711 1734/1/1714
f 1727/1/1707 1735/1/1715 1736/1/1716 1729/1/1709
f 1743/1/1723 1744/1/1724 1740/1/1720 1737/1/1717
f 1736/1/1716 1733/1/1713 1729/1/1709
f 1734/1/1714 1722/1/1702 1737/1/1717
f 1738/1/1718 1732/1/1712 1734/1/1714
f 1737/1/1717 1733/1/1713 1739/1/1719
f 1738/1/1718 1734/1/1714 1740/1/1720
f 1735/1/1715 855/1/855 862/1/862
f 1741/1/1721 1736/1/1716 1735/1/1715
f 1742/1/1722 1739/1/1719 1736/1/1716
f 1740/1/1720 1744/1/1724 1745/1/1725 1738/1/1718
f 1543/1/1523 1718/1/1698 1749/1/1729 1574/1/1554
f 1747/1/1727 1745/1/1725 1744/1/1724
f 1572/1/1552 698/1/698 835/1/835
f 1714/1/1694 1567/1/1547 1572/1/1552
f 1718/1/1698 1726/1/1706 1750/1/1730 1749/1/1729
f 1749/1/1729 1575/1/1555 1574/1/1554
f 1750/1/1730 1751/1/1731 1575/1/1555 1749/1/1729
f 1575/1/1555 1751/1/1731 1752/1/1732 1576/1/1556
f 1753/1/1733 1755/1/1735 1756/1/1736 1751/1/1731
f 1750/1/1730 1726/1/1706 1732/1/1712
f 1751/1/1731 1750/1/1730 1753/1/1733
f 1753/1/1733 1732/1/1712 1755/1/1735
f 1756/1/1736 1755/1/1735 1758/1/1738 1757/1/1737
f 1754/1/1734 1751/1/1731 1756/1/1736
f 1745/1/1725 1755/1/1735 1738/1/1718
f 1745/1/1725 1747/1/1727 1759/1/1739 1758/1/1738
f 1758/1/1738 1755/1/1735 1745/1/1725
f 1687/1/1667 1541/1/1521 1595/1/1575 1760/1/1740
f 1595/1/1575 1594/1/1574 1761/1/1741 1760/1/1740
f 1687/1/1667 1760/1/1740 1762/1/1742 1691/1/1671
f 1760/1/1740 1761/1/1741 1763/1/1743 1762/1/1742
f 1698/1/1678 1764/1/1744 1768/1/1748 1767/1/1747
f 1691/1/1671 1698/1/1678 1686/1/1666
f 1764/1/1744 1698/1/1678 1691/1/1671
f 1762/1/1742 1764/1/1744 1691/1/1671
f 1767/1/1747 1704/1/1684 1698/1/1678
f 1761/1/1741 1594/1/1574 1620/1/1600 1775/1/1755
f 1766/1/1746 1768/1/1748 1764/1/1744
f 1769/1/1749 1767/1/1747 1768/1/1748
f 1767/1/1747 1772/1/1752 1704/1/1684
f 1770/1/1750 1774/1/1754 1773/1/1753
f 1771/1/1751 1774/1/1754 1770/1/1750
f 1769/1/1749 1940/1/1920 1772/1/1752
f 1773/1/1753 1940/1/1920 1769/1/1749
f 1776/1/1756 1621/1/1601 2879/1/2859 2881/1/2861
f 1620/1/1600 1776/1/1756 1775/1/1755
f 1621/1/1601 1776/1/1756 1620/1/1600
f 1763/1/1743 1761/1/1741 1775/1/1755 1777/1/1757
f 1778/1/1758 1776/1/1756 2881/1/2861 2880/1/2860
f 1775/1/1755 1778/1/1758 1777/1/1757
f 1779/1/1759 1778/1/1758 2880/1/2860 1780/1/1760
f 1777/1/1757 1766/1/1746 1763/1/1743
f 1765/1/1745 1766/1/1746 1777/1/1757
f 1664/1/1644 1666/1/1646 1796/1/1776 1795/1/1775
f 1780/1/1760 1781/1/1761 1779/1/1759
f 1782/1/1762 1780/1/1760 1783/1/1763
f 1781/1/1761 1786/1/1766 1771/1/1751
f 1782/1/1762 1786/1/1766 1781/1/1761
f 1785/1/1765 1788/1/1768 1787/1/1767
f 1788/1/1768 2883/1/2863 1792/1/1772
f 1786/1/1766 1789/1/1769 1771/1/1751
f 2883/1/2863 2882/1/2862 1790/1/1770
f 2883/1/2863 1790/1/1770 1792/1/1772
f 1789/1/1769 1774/1/1754 1771/1/1751
f 1791/1/1771 1953/1/1933 1786/1/1766
f 1796/1/1776 1668/1/1648 1798/1/1778 1801/1/1781
f 2884/1/2864 1795/1/1775 1801/1/1781
f 1796/1/1776 1801/1/1781 1795/1/1775
f 1801/1/1781 1798/1/1778 1805/1/1785 1804/1/1784
f 1797/1/1777 1798/1/1778 1668/1/1648
f 1669/1/1649 1799/1/1779 1797/1/1777
f 1801/1/1781 1803/1/1783 1800/1/1780
f 1798/1/1778 1797/1/1777 1806/1/1786 1805/1/1785
f 1806/1/1786 1797/1/1777 1799/1/1779 1807/1/1787
f 1809/1/1789 1808/1/1788 1810/1/1790 1811/1/1791
f 1804/1/1784 1805/1/1785 1819/1/1799 1818/1/1798
f 1811/1/1791 1810/1/1790 1802/1/1782
f 1803/1/1783 1811/1/1791 1802/1/1782
f 1807/1/1787 1812/1/1792 1806/1/1786
f 1814/1/1794 2885/1/2865 1815/1/1795
f 1818/1/1798 1816/1/1796 1804/1/1784
f 1819/1/1799 1805/1/1785 1806/1/1786 1820/1/1800
f 1822/1/1802 1790/1/1770 2882/1/2862 1817/1/1797
f 1812/1/1792 1820/1/1800 1806/1/1786
f 1815/1/1795 1822/1/1802 1814/1/1794
f 1824/1/1804 1818/1/1798 1819/1/1799 1820/1/1800
f 1817/1/1797 1814/1/1794 1822/1/1802
f 1826/1/1806 1813/1/1793 1809/1/1789 1827/1/1807
f 1829/1/1809 1822/1/1802 1815/1/1795 1830/1/1810
f 1813/1/1793 1826/1/1806 1830/1/1810 1815/1/1795
f 1828/1/1808 1827/1/1807 1821/1/1801 1831/1/1811
f 1821/1/1801 1827/1/1807 1809/1/1789
f 1833/1/1813 1824/1/1804 1834/1/1814 1825/1/1805
f 1816/1/1796 1831/1/1811 1821/1/1801
f 1823/1/1803 1831/1/1811 1816/1/1796
f 1835/1/1815 1836/1/1816 1683/1/1663 1679/1/1659
f 1836/1/1816 1837/1/1817 1681/1/1661 1683/1/1663
f 1681/1/1661 1837/1/1817 1684/1/1664
f 1684/1/1664 1837/1/1817 1839/1/1819 1838/1/1818
f 1682/1/1662 1838/1/1818 1669/1/1649
f 1752/1/1732 1840/1/1820 1678/1/1658 1576/1/1556
f 1669/1/1649 1838/1/1818 1841/1/1821 1799/1/1779
f 1835/1/1815 1678/1/1658 1840/1/1820
f 1835/1/1815 1842/1/1822 1843/1/1823 1836/1/1816
f 1836/1/1816 1843/1/1823 1844/1/1824 1837/1/1817
f 1844/1/1824 1845/1/1825 1839/1/1819 1837/1/1817
f 1839/1/1819 1845/1/1825 1841/1/1821
f 1752/1/1732 1754/1/1734 1846/1/1826 1840/1/1820
f 1807/1/1787 1799/1/1779 1841/1/1821 1847/1/1827
f 1849/1/1829 1847/1/1827 1845/1/1825 1850/1/1830
f 1845/1/1825 1847/1/1827 1841/1/1821
f 1848/1/1828 1842/1/1822 1846/1/1826
f 1843/1/1823 1842/1/1822 1848/1/1828
f 1853/1/1833 1854/1/1834 1848/1/1828 1846/1/1826
f 1851/1/1831 1843/1/1823 1848/1/1828
f 1852/1/1832 1847/1/1827 1849/1/1829
f 1757/1/1737 1759/1/1739 1856/1/1836 1857/1/1837
f 1855/1/1835 1850/1/1830 1851/1/1831
f 1852/1/1832 1825/1/1805 1812/1/1792
f 1858/1/1838 1860/1/1840 1855/1/1835 1859/1/1839
f 1833/1/1813 1825/1/1805 1861/1/1841 1860/1/1840
f 1855/1/1835 1860/1/1840 1849/1/1829
f 1849/1/1829 1860/1/1840 1861/1/1841 1852/1/1832
f 1090/1/1070 1706/1/1686 1708/1/1688 1862/1/1842
f 1708/1/1688 1711/1/1691 1864/1/1844 1862/1/1842
f 1091/1/1071 1864/1/1844 1865/1/1845 1868/1/1848
f 1712/1/1692 1711/1/1691 1709/1/1689
f 1710/1/1690 1863/1/1843 1712/1/1692
f 1711/1/1691 1866/1/1846 1865/1/1845
f 1869/1/1849 1866/1/1846 1872/1/1852 1871/1/1851
f 1869/1/1849 1868/1/1848 1865/1/1845
f 1867/1/1847 1870/1/1850 1863/1/1843
f 1869/1/1849 1871/1/1851 1868/1/1848
f 1872/1/1852 1866/1/1846 1870/1/1850 1873/1/1853
f 1875/1/1855 1871/1/1851 1878/1/1858 1877/1/1857
f 1871/1/1851 1875/1/1855 1868/1/1848
f 1101/1/1081 1095/1/1075 1875/1/1855
f 1873/1/1853 1871/1/1851 1872/1/1852
f 1878/1/1858 1871/1/1851 1873/1/1853 1879/1/1859
f 1878/1/1858 1879/1/1859 1884/1/1864 1883/1/1863
f 1876/1/1856 1879/1/1859 1873/1/1853
f 1877/1/1857 1105/1/1085 1101/1/1081
f 1886/1/1866 1884/1/1864 1880/1/1860 1887/1/1867
f 1881/1/1861 1880/1/1860 1876/1/1856
f 1884/1/1864 1886/1/1866 1883/1/1863
f 1891/1/1871 1892/1/1872 1742/1/1722 1741/1/1721
f 1888/1/1868 1887/1/1867 1880/1/1860
f 1882/1/1862 1889/1/1869 1885/1/1865
f 1746/1/1726 862/1/862 983/1/983
f 1892/1/1872 1893/1/1873 1743/1/1723 1742/1/1722
f 1893/1/1873 1894/1/1874 1744/1/1724 1743/1/1723
f 1895/1/1875 1899/1/1879 1759/1/1739 1747/1/1727
f 1748/1/1728 1744/1/1724 1894/1/1874
f 1895/1/1875 1747/1/1727 1748/1/1728
f 1902/1/1882 1904/1/1884 1894/1/1874 1893/1/1873
f 1891/1/1871 1746/1/1726 1900/1/1880
f 1901/1/1881 1902/1/1882 1893/1/1873
f 1901/1/1881 1893/1/1873 1892/1/1872
f 1903/1/1883 1905/1/1885 1906/1/1886 1904/1/1884
f 1894/1/1874 1904/1/1884 1906/1/1886 1748/1/1728
f 1907/1/1887 1896/1/1876 1897/1/1877 1908/1/1888
f 1906/1/1886 1905/1/1885 1908/1/1888 1909/1/1889
f 1908/1/1888 1897/1/1877 1898/1/1878 1909/1/1889
f 1906/1/1886 1909/1/1889 1895/1/1875 1748/1/1728
f 1895/1/1875 1909/1/1889 1910/1/1890 1899/1/1879
f 1905/1/1885 1913/1/1893 1914/1/1894 1908/1/1888
f 1900/1/1880 983/1/983 999/1/999
f 1892/1/1872 1891/1/1871 1911/1/1891
f 1901/1/1881 1892/1/1872 1911/1/1891
f 1903/1/1883 1904/1/1884 1902/1/1882
f 1913/1/1893 1905/1/1885 1903/1/1883
f 1902/1/1882 1916/1/1896 1920/1/1900 1903/1/1883
f 1915/1/1895 1900/1/1880 999/1/999
f 1912/1/1892 1901/1/1881 1911/1/1891
f 1916/1/1896 1902/1/1882 1912/1/1892
f 1008/1/1008 1922/1/1902 1915/1/1895 999/1/999
f 1923/1/1903 1911/1/1891 1915/1/1895
f 1932/1/1912 1928/1/1908 1919/1/1899 1918/1/1898
f 1929/1/1909 1916/1/1896 1919/1/1899
f 1927/1/1907 1926/1/1906 1917/1/1897
f 1927/1/1907 1917/1/1897 1921/1/1901
f 1932/1/1912 1918/1/1898 1923/1/1903
f 1920/1/1900 1929/1/1909 1935/1/1915 1924/1/1904
f 1936/1/1916 1938/1/1918 1925/1/1905 1930/1/1910
f 1930/1/1910 1921/1/1901 1924/1/1904
f 1927/1/1907 1925/1/1905 1926/1/1906
f 1933/1/1913 1929/1/1909 1928/1/1908
f 1930/1/1910 1935/1/1915 1934/1/1914
f 1889/1/1869 1882/1/1862 1949/1/1929 1952/1/1932
f 1773/1/1753 1941/1/1921 1940/1/1920
f 1943/1/1923 1867/1/1847 1713/1/1693
f 1944/1/1924 1943/1/1923 1940/1/1920
f 1944/1/1924 1945/1/1925 1943/1/1923
f 1941/1/1921 1946/1/1926 1944/1/1924
f 1942/1/1922 1947/1/1927 1946/1/1926
f 1943/1/1923 1874/1/1854 1867/1/1847
f 1943/1/1923 1945/1/1925 1874/1/1854
f 1945/1/1925 1948/1/1928 1881/1/1861
f 1947/1/1927 1950/1/1930 1948/1/1928
f 1948/1/1928 1882/1/1862 1881/1/1861
f 1950/1/1930 1951/1/1931 1948/1/1928
f 1942/1/1922 1774/1/1754 1789/1/1769 1953/1/1933
f 1951/1/1931 1952/1/1932 1949/1/1929
f 1952/1/1932 1890/1/1870 1889/1/1869
f 1794/1/1774 1956/1/1936 1792/1/1772
f 1953/1/1933 1957/1/1937 1942/1/1922
f 1955/1/1935 1957/1/1937 1953/1/1933
f 1793/1/1773 1958/1/1938 1955/1/1935
f 1794/1/1774 1961/1/1941 1956/1/1936
f 1957/1/1937 1947/1/1927 1942/1/1922
f 1954/1/1934 1962/1/1942 1959/1/1939
f 1793/1/1773 1960/1/1940 1958/1/1938
f 1961/1/1941 1960/1/1940 1956/1/1936
f 1957/1/1937 1963/1/1943 1947/1/1927
f 2894/1/2874 2893/1/2873 1957/1/1937 1958/1/1938 1964/1/1944
f 1973/1/1953 1826/1/1806 1827/1/1807 1974/1/1954
f 1965/1/1945 1960/1/1940 1961/1/1941
f 1962/1/1942 1965/1/1945 1959/1/1939
f 1968/1/1948 1967/1/1947 1960/1/1940
f 1962/1/1942 1966/1/1946 1965/1/1945
f 1965/1/1945 1969/1/1949 1971/1/1951
f 1966/1/1946 1969/1/1949 1965/1/1945
f 1971/1/1951 1970/1/1950 1968/1/1948
f 1972/1/1952 2592/1/2572 1969/1/1949
f 1896/1/1876 1974/1/1954 1975/1/1955 1897/1/1877
f 1974/1/1954 1827/1/1807 1828/1/1808 1975/1/1955
f 1897/1/1877 1975/1/1955 1976/1/1956 1898/1/1878
f 1828/1/1808 1831/1/1811 1977/1/1957 1975/1/1955
f 1976/1/1956 1975/1/1955 1977/1/1957 1978/1/1958
f 1790/1/1770 1822/1/1802 1979/1/1959 1954/1/1934
f 1831/1/1811 1823/1/1803 1980/1/1960 1977/1/1957
f 1829/1/1809 1979/1/1959 1822/1/1802
f 1978/1/1958 1977/1/1957 1980/1/1960 1981/1/1961
f 1981/1/1961 1980/1/1960 1832/1/1812 1983/1/1963
f 1832/1/1812 1980/1/1960 1823/1/1803
f 1983/1/1963 1824/1/1804 1833/1/1813 1984/1/1964
f 1824/1/1804 1983/1/1963 1832/1/1812
f 1973/1/1953 1974/1/1954 1986/1/1966 1985/1/1965
f 1896/1/1876 1907/1/1887 1986/1/1966 1974/1/1954
f 1898/1/1878 1976/1/1956 1987/1/1967 1909/1/1889
f 1910/1/1890 1909/1/1889 1987/1/1967 1988/1/1968
f 1976/1/1956 1978/1/1958 1990/1/1970 1987/1/1967
f 1985/1/1965 1989/1/1969 1830/1/1810
f 1985/1/1965 1830/1/1810 1973/1/1953
f 1988/1/1968 1987/1/1967 1990/1/1970 1991/1/1971
f 1991/1/1971 1990/1/1970 1981/1/1961 1992/1/1972
f 1981/1/1961 1990/1/1970 1978/1/1958
f 1981/1/1961 1983/1/1963 1984/1/1964 1992/1/1972
f 1985/1/1965 1986/1/1966 1994/1/1974 1993/1/1973
f 1907/1/1887 1914/1/1894 1994/1/1974 1986/1/1966
f 1962/1/1942 1954/1/1934 1979/1/1959 1995/1/1975
f 1993/1/1973 1994/1/1974 1926/1/1906 1997/1/1977
f 1989/1/1969 1995/1/1975 1979/1/1959
f 1966/1/1946 1998/1/1978 1999/1/1979 1972/1/1952
f 1926/1/1906 1994/1/1974 1917/1/1897
f 1996/1/1976 1998/1/1978 1995/1/1975
f 1995/1/1975 1998/1/1978 1966/1/1946
f 1995/1/1975 1966/1/1946 1962/1/1942
f 2000/1/1980 1996/1/1976 1997/1/1977
f 1938/1/1918 2000/1/1980 1997/1/1977
f 1938/1/1918 1997/1/1977 1925/1/1905
f 1982/1/1962 1984/1/1964 1860/1/1840 1858/1/1838
f 2000/1/1980 1999/1/1979 1998/1/1978
f 1938/1/1918 1937/1/1917 2000/1/1980
f 1856/1/1836 1759/1/1739 1899/1/1879
f 1939/1/1919 1910/1/1890 1988/1/1968 2002/1/1982
f 1860/1/1840 1984/1/1964 1833/1/1813
f 1939/1/1919 2002/1/1982 1856/1/1836 1899/1/1879
f 2002/1/1982 1988/1/1968 1991/1/1971 2003/1/1983
f 2002/1/1982 2003/1/1983 2001/1/1981 1856/1/1836
f 1991/1/1971 1992/1/1972 2004/1/1984 2003/1/1983
f 1982/1/1962 1858/1/1838 2004/1/1984 1992/1/1972
f 2001/1/1981 2003/1/1983 2004/1/1984 1858/1/1838
f 2005/1/1985 2007/1/1987 2010/1/1990 2009/1/1989
f 2007/1/1987 88/1/88 2006/1/1986
f 92/1/92 2008/1/1988 90/1/90
f 2010/1/1990 2007/1/1987 2006/1/1986
f 93/1/93 94/1/94 2014/1/1994 2013/1/1993
f 2011/1/1991 2008/1/1988 2020/1/2000 2016/1/1996
f 2010/1/1990 2006/1/1986 2015/1/1995
f 2011/1/1991 2015/1/1995 2006/1/1986
f 2009/1/1989 2010/1/1990 2019/1/1999 2018/1/1998
f 2013/1/1993 2017/1/1997 2012/1/1992
f 2019/1/1999 2010/1/1990 2015/1/1995
f 2013/1/1993 2014/1/1994 2023/1/2003 2022/1/2002
f 2017/1/1997 2021/1/2001 2012/1/1992
f 2025/1/2005 2015/1/1995 2016/1/1996 2026/1/2006
f 2026/1/2006 2016/1/1996 2020/1/2000
f 2019/1/1999 2029/1/2009 2030/1/2010 2027/1/2007
f 2027/1/2007 2018/1/1998 2019/1/1999
f 2026/1/2006 2020/1/2000 2028/1/2008
f 2021/1/2001 2028/1/2008 2020/1/2000
f 2019/1/1999 2025/1/2005 2031/1/2011 2029/1/2009
f 2021/1/2001 2017/1/1997 2033/1/2013 2032/1/2012
f 2026/1/2006 2031/1/2011 2025/1/2005
f 2022/1/2002 2023/1/2003 2038/1/2018 2037/1/2017
f 2035/1/2015 2026/1/2006 2028/1/2008
f 2026/1/2006 2035/1/2015 2031/1/2011
f 2032/1/2012 2036/1/2016 2028/1/2008
f 2040/1/2020 2041/1/2021 2030/1/2010 2029/1/2009
f 2039/1/2019 2034/1/2014 2030/1/2010 2041/1/2021
f 2040/1/2020 2029/1/2009 2031/1/2011 2042/1/2022
f 2040/1/2020 2046/1/2026 2047/1/2027 2045/1/2025
f 2033/1/2013 2044/1/2024 2036/1/2016
f 2037/1/2017 2044/1/2024 2033/1/2013
f 2041/1/2021 2045/1/2025 2039/1/2019
f 2042/1/2022 2046/1/2026 2040/1/2020
f 2042/1/2022 2035/1/2015 2048/1/2028 2046/1/2026
f 2049/1/2029 2037/1/2017 2038/1/2018 2050/1/2030
f 2044/1/2024 2049/1/2029 2036/1/2016
f 2052/1/2032 2045/1/2025 2047/1/2027 2053/1/2033
f 2051/1/2031 2043/1/2023 2036/1/2016
f 2043/1/2023 2051/1/2031 2048/1/2028
f 2053/1/2033 2047/1/2027 2046/1/2026
f 2056/1/2036 2059/1/2039 2060/1/2040 2058/1/2038
f 2049/1/2029 2054/1/2034 2051/1/2031
f 2055/1/2035 2054/1/2034 2049/1/2029
f 2053/1/2033 2046/1/2026 2056/1/2036
f 2053/1/2033 2058/1/2038 2052/1/2032
f 2048/1/2028 2059/1/2039 2056/1/2036
f 2059/1/2039 2064/1/2044 2065/1/2045 2060/1/2040
f 2057/1/2037 2059/1/2039 2048/1/2028
f 2054/1/2034 2061/1/2041 2057/1/2037
f 2050/1/2030 2062/1/2042 2055/1/2035
f 2057/1/2037 2064/1/2044 2059/1/2039
f 2055/1/2035 2062/1/2042 2067/1/2047 2066/1/2046
f 2061/1/2041 2064/1/2044 2057/1/2037
f 2064/1/2044 2069/1/2049 2070/1/2050 2065/1/2045
f 2060/1/2040 2068/1/2048 2063/1/2043
f 2061/1/2041 2069/1/2049 2064/1/2044
f 2076/1/2056 2074/1/2054 2072/1/2052 2077/1/2057
f 2066/1/2046 2069/1/2049 2061/1/2041
f 2067/1/2047 2072/1/2052 2066/1/2046
f 2065/1/2045 2073/1/2053 2071/1/2051
f 2066/1/2046 2074/1/2054 2069/1/2049
f 2074/1/2054 2070/1/2050 2069/1/2049
f 2070/1/2050 2075/1/2055 2073/1/2053
f 2074/1/2054 2076/1/2056 2075/1/2055
f 2078/1/2058 2076/1/2056 2077/1/2057 2079/1/2059
f 2082/1/2062 2083/1/2063 912/1/912 911/1/911
f 2005/1/1985 2088/1/2068 970/1/970 91/1/91
f 2084/1/2064 913/1/913 914/1/914
f 2085/1/2065 2083/1/2063 2896/1/2876
f 2085/1/2065 914/1/914 2083/1/2063
f 2086/1/2066 941/1/941 913/1/913
f 2888/1/2868 891/1/891 2087/1/2067
f 968/1/968 969/1/969 2090/1/2070
f 2089/1/2069 2091/1/2071 970/1/970 2088/1/2068
f 969/1/969 973/1/973 2092/1/2072 2090/1/2070
f 2099/1/2079 2095/1/2075 972/1/972 2091/1/2071
f 2093/1/2073 2888/1/2868 2087/1/2067
f 2087/1/2067 2090/1/2070 2094/1/2074
f 2087/1/2067 2094/1/2074 2093/1/2073
f 2099/1/2079 2091/1/2071 2089/1/2069
f 2095/1/2075 2096/1/2076 2092/1/2072 972/1/972
f 2090/1/2070 2092/1/2072 2096/1/2076 2094/1/2074
f 2009/1/1989 2098/1/2078 2088/1/2068 2005/1/1985
f 2093/1/2073 2097/1/2077 2897/1/2877
f 2098/1/2078 2099/1/2079 2089/1/2069 2088/1/2068
f 2100/1/2080 2101/1/2081 2096/1/2076 2095/1/2075
f 2101/1/2081 2102/1/2082 2097/1/2077 2094/1/2074
f 2096/1/2076 2101/1/2081 2094/1/2074
f 2100/1/2080 2099/1/2079 2098/1/2078
f 2102/1/2082 2101/1/2081 2100/1/2080
f 2009/1/1989 2018/1/1998 2107/1/2087 2098/1/2078
f 2097/1/2077 2104/1/2084 2897/1/2877
f 2100/1/2080 2098/1/2078 2105/1/2085
f 2103/1/2083 2097/1/2077 2102/1/2082
f 2102/1/2082 2100/1/2080 2105/1/2085
f 2111/1/2091 2104/1/2084 2081/1/2061
f 2109/1/2089 2112/1/2092 2107/1/2087 2108/1/2088
f 2106/1/2086 2102/1/2082 2105/1/2085
f 2110/1/2090 2103/1/2083 2106/1/2086
f 2081/1/2061 2103/1/2083 2110/1/2090
f 2899/1/2879 2111/1/2091 2081/1/2061
f 2085/1/2065 2113/1/2093 2114/1/2094 2084/1/2064
f 2112/1/2092 2105/1/2085 2107/1/2087
f 2896/1/2876 2898/1/2878 2085/1/2065
f 2113/1/2093 2085/1/2065 2898/1/2878
f 2113/1/2093 2115/1/2095 2117/1/2097 2114/1/2094
f 2115/1/2095 2113/1/2093 2898/1/2878
f 2116/1/2096 2120/1/2100 2121/1/2101 2115/1/2095
f 2115/1/2095 2121/1/2101 2122/1/2102 2117/1/2097
f 2122/1/2102 2123/1/2103 2118/1/2098 2117/1/2097
f 2121/1/2101 2123/1/2103 2122/1/2102
f 2118/1/2098 2123/1/2103 2124/1/2104 2119/1/2099
f 2126/1/2106 2127/1/2107 2121/1/2101 2120/1/2100
f 2129/1/2109 2130/1/2110 2125/1/2105 2124/1/2104
f 2128/1/2108 2123/1/2103 2121/1/2101
f 2129/1/2109 2124/1/2104 2123/1/2103
f 2202/1/2182 2132/1/2112 2127/1/2107 2126/1/2106
f 2126/1/2106 2131/1/2111 2202/1/2182
f 2129/1/2109 2135/1/2115 2136/1/2116 2130/1/2110
f 2128/1/2108 2132/1/2112 2133/1/2113
f 2135/1/2115 2129/1/2109 2128/1/2108
f 2135/1/2115 2128/1/2108 2134/1/2114
f 2137/1/2117 2146/1/2126 2140/1/2120 2141/1/2121
f 2137/1/2117 942/1/942 943/1/943
f 2141/1/2121 1010/1/1010 2137/1/2117
f 1013/1/1013 1010/1/1010 2141/1/2121
f 1015/1/1015 1014/1/1014 1013/1/1013
f 1016/1/1016 1012/1/1012 2138/1/2118
f 2146/1/2126 943/1/943 2086/1/2066
f 2144/1/2124 2145/1/2125 1017/1/1017 1016/1/1016
f 2138/1/2118 1015/1/1015 2143/1/2123
f 2148/1/2128 2149/1/2129 2144/1/2124 2138/1/2118
f 2139/1/2119 1017/1/1017 2145/1/2125
f 2146/1/2126 2086/1/2066 2084/1/2064
f 2142/1/2122 2141/1/2121 2140/1/2120
f 2147/1/2127 2143/1/2123 2142/1/2122
f 2148/1/2128 2155/1/2135 2156/1/2136 2149/1/2129
f 2145/1/2125 2144/1/2124 2149/1/2129
f 2150/1/2130 2151/1/2131 2145/1/2125
f 2152/1/2132 2146/1/2126 2114/1/2094
f 2152/1/2132 2140/1/2120 2146/1/2126
f 2153/1/2133 2142/1/2122 2140/1/2120
f 2154/1/2134 2147/1/2127 2153/1/2133
f 2147/1/2127 2142/1/2122 2153/1/2133
f 2155/1/2135 2148/1/2128 2147/1/2127
f 2148/1/2128 2143/1/2123 2147/1/2127
f 2155/1/2135 2159/1/2139 2160/1/2140 2156/1/2136
f 2158/1/2138 2150/1/2130 2157/1/2137
f 2150/1/2130 2145/1/2125 2157/1/2137
f 2119/1/2099 2154/1/2134 2153/1/2133
f 2159/1/2139 2155/1/2135 2154/1/2134
f 2155/1/2135 2147/1/2127 2154/1/2134
f 2159/1/2139 2125/1/2105 2163/1/2143 2160/1/2140
f 2161/1/2141 2149/1/2129 2156/1/2136
f 2157/1/2137 2149/1/2129 2161/1/2141
f 2158/1/2138 2157/1/2137 2161/1/2141
f 2162/1/2142 2154/1/2134 2119/1/2099
f 2125/1/2105 2159/1/2139 2162/1/2142
f 2159/1/2139 2154/1/2134 2162/1/2142
f 2164/1/2144 2165/1/2145 2158/1/2138 2161/1/2141
f 2130/1/2110 2166/1/2146 2163/1/2143 2125/1/2105
f 2163/1/2143 2166/1/2146 2167/1/2147 2168/1/2148
f 2163/1/2143 2168/1/2148 2164/1/2144 2160/1/2140
f 2130/1/2110 2136/1/2116 2169/1/2149 2166/1/2146
f 2165/1/2145 2164/1/2144 2168/1/2148
f 2169/1/2149 2170/1/2150 2167/1/2147 2166/1/2146
f 2179/1/2159 2181/1/2161 2182/1/2162 2180/1/2160
f 2081/1/2061 2172/1/2152 2899/1/2879
f 2174/1/2154 2172/1/2152 2173/1/2153
f 2172/1/2152 2174/1/2154 2175/1/2155
f 2175/1/2155 2174/1/2154 2900/1/2880
f 2181/1/2161 2179/1/2159 2178/1/2158
f 2177/1/2157 2183/1/2163 2178/1/2158 2174/1/2154
f 2185/1/2165 2186/1/2166 2109/1/2089 2108/1/2088
f 2188/1/2168 2081/1/2061 2110/1/2090
f 2108/1/2088 2018/1/1998 2024/1/2004
f 2108/1/2088 2107/1/2087 2018/1/1998
f 2185/1/2165 2108/1/2088 2024/1/2004
f 2024/1/2004 2034/1/2014 2192/1/2172 2185/1/2165
f 2188/1/2168 2173/1/2153 2081/1/2061
f 2189/1/2169 2188/1/2168 2187/1/2167
f 2188/1/2168 2189/1/2169 2173/1/2153
f 2184/1/2164 2112/1/2092 2190/1/2170
f 2189/1/2169 2187/1/2167 2191/1/2171
f 2192/1/2172 2193/1/2173 2186/1/2166 2185/1/2165
f 2195/1/2175 2196/1/2176 2187/1/2167 2184/1/2164
f 2189/1/2169 2194/1/2174 2173/1/2153
f 2190/1/2170 2186/1/2166 2193/1/2173
f 2239/1/2219 2199/1/2179 2176/1/2156 2194/1/2174
f 2194/1/2174 2191/1/2171 2198/1/2178
f 2195/1/2175 2190/1/2170 2197/1/2177
f 2199/1/2179 2200/1/2180 2177/1/2157 2176/1/2156
f 2204/1/2184 2206/1/2186 2207/1/2187 2202/1/2182
f 2201/1/2181 2196/1/2176 2195/1/2175
f 2198/1/2178 2196/1/2176 2201/1/2181
f 2131/1/2111 2204/1/2184 2202/1/2182
f 2134/1/2114 2128/1/2108 2133/1/2113
f 2203/1/2183 2135/1/2115 2134/1/2114
f 2136/1/2116 2135/1/2115 2203/1/2183
f 2132/1/2112 2208/1/2188 2209/1/2189 2133/1/2113
f 2208/1/2188 2132/1/2112 2202/1/2182
f 2210/1/2190 2206/1/2186 2901/1/2881 2182/1/2162
f 2134/1/2114 2133/1/2113 2209/1/2189
f 2901/1/2881 2180/1/2160 2182/1/2162
f 2214/1/2194 2211/1/2191 2203/1/2183 2134/1/2114
f 2214/1/2194 2134/1/2114 2209/1/2189
f 2215/1/2195 2216/1/2196 2210/1/2190 2182/1/2162
f 2213/1/2193 2214/1/2194 2209/1/2189
f 2217/1/2197 2211/1/2191 2214/1/2194
f 2218/1/2198 2205/1/2185 2211/1/2191
f 2212/1/2192 2219/1/2199 2220/1/2200 2213/1/2193
f 2216/1/2196 2207/1/2187 2210/1/2190
f 2212/1/2192 2207/1/2187 2216/1/2196
f 2217/1/2197 2214/1/2194 2213/1/2193
f 2218/1/2198 2211/1/2191 2217/1/2197
f 2181/1/2161 2223/1/2203 2224/1/2204 2215/1/2195
f 2183/1/2163 2177/1/2157 2200/1/2180
f 2223/1/2203 2181/1/2161 2183/1/2163
f 2226/1/2206 2227/1/2207 2222/1/2202 2218/1/2198
f 2224/1/2204 2216/1/2196 2215/1/2195
f 2219/1/2199 2216/1/2196 2224/1/2204
f 2225/1/2205 2217/1/2197 2220/1/2200
f 2221/1/2201 2217/1/2197 2225/1/2205
f 2226/1/2206 2218/1/2198 2221/1/2201
f 2229/1/2209 2230/1/2210 2171/1/2151 2170/1/2150
f 2169/1/2149 2136/1/2116 2228/1/2208
f 2281/1/2261 2282/1/2262 2234/1/2214 2235/1/2215
f 2232/1/2212 2169/1/2149 2228/1/2208
f 2229/1/2209 2169/1/2149 2232/1/2212
f 2233/1/2213 2230/1/2210 2229/1/2209
f 2234/1/2214 2229/1/2209 2232/1/2212
f 2236/1/2216 2233/1/2213 2234/1/2214
f 2222/1/2202 2228/1/2208 2218/1/2198
f 2235/1/2215 2228/1/2208 2222/1/2202
f 2227/1/2207 2235/1/2215 2222/1/2202
f 2281/1/2261 2235/1/2215 2227/1/2207
f 2282/1/2262 2237/1/2217 2236/1/2216 2234/1/2214
f 2039/1/2019 2238/1/2218 2192/1/2172 2034/1/2014
f 2242/1/2222 2243/1/2223 2199/1/2179 2239/1/2219
f 2201/1/2181 2195/1/2175 2240/1/2220
f 2198/1/2178 2246/1/2226 2239/1/2219
f 2241/1/2221 2244/1/2224 2197/1/2177 2193/1/2173
f 2200/1/2180 2199/1/2179 2243/1/2223
f 2244/1/2224 2245/1/2225 2240/1/2220 2197/1/2177
f 2245/1/2225 2246/1/2226 2201/1/2181 2240/1/2220
f 2246/1/2226 2245/1/2225 2247/1/2227 2250/1/2230
f 2241/1/2221 2252/1/2232 2253/1/2233 2254/1/2234
f 2249/1/2229 2245/1/2225 2244/1/2224
f 2242/1/2222 2246/1/2226 2250/1/2230
f 2247/1/2227 2245/1/2225 2249/1/2229
f 2241/1/2221 2238/1/2218 2252/1/2232
f 2238/1/2218 2253/1/2233 2252/1/2232
f 2253/1/2233 2256/1/2236 2257/1/2237 2254/1/2234
f 2243/1/2223 2242/1/2222 2258/1/2238
f 2257/1/2237 2260/1/2240 2247/1/2227 2249/1/2229
f 2249/1/2229 2254/1/2234 2257/1/2237
f 2247/1/2227 2260/1/2240 2261/1/2241 2251/1/2231
f 2265/1/2245 2266/1/2246 2262/1/2242 2257/1/2237
f 2255/1/2235 2251/1/2231 2261/1/2241
f 2262/1/2242 2260/1/2240 2257/1/2237
f 2258/1/2238 2255/1/2235 2264/1/2244
f 2256/1/2236 2045/1/2025 2052/1/2032
f 2267/1/2247 2268/1/2248 2264/1/2244 2261/1/2241
f 2268/1/2248 2269/1/2249 2259/1/2239 2264/1/2244
f 2225/1/2205 2279/1/2259 2286/1/2266 2280/1/2260
f 2263/1/2243 2259/1/2239 2269/1/2249
f 2265/1/2245 2256/1/2236 2270/1/2250
f 2271/1/2251 2262/1/2242 2266/1/2246
f 2267/1/2247 2262/1/2242 2271/1/2251
f 2267/1/2247 2272/1/2252 2273/1/2253
f 2268/1/2248 2273/1/2253 2274/1/2254
f 2278/1/2258 2220/1/2200 2219/1/2199
f 2283/1/2263 2224/1/2204 2223/1/2203
f 2285/1/2265 2279/1/2259 2278/1/2258
f 2291/1/2271 2292/1/2272 2281/1/2261 2227/1/2207
f 2291/1/2271 2227/1/2207 2226/1/2206
f 2200/1/2180 2248/1/2228 2287/1/2267 2277/1/2257
f 2282/1/2262 2281/1/2261 2292/1/2272
f 2277/1/2257 2287/1/2267 2288/1/2268 2223/1/2203
f 2284/1/2264 2289/1/2269 2290/1/2270 2278/1/2258
f 2286/1/2266 2291/1/2271 2226/1/2206 2280/1/2260
f 2285/1/2265 2278/1/2258 2290/1/2270
f 2286/1/2266 2279/1/2259 2285/1/2265
f 2294/1/2274 2293/1/2273 2237/1/2217 2282/1/2262
f 2294/1/2274 2282/1/2262 2292/1/2272
f 2288/1/2268 2295/1/2275 2296/1/2276 2283/1/2263
f 2289/1/2269 2285/1/2265 2290/1/2270
f 2297/1/2277 2286/1/2266 2285/1/2265
f 2298/1/2278 2291/1/2271 2286/1/2266
f 2305/1/2285 2299/1/2279 2292/1/2272 2291/1/2271
f 2297/1/2277 2285/1/2265 2289/1/2269
f 2298/1/2278 2286/1/2266 2297/1/2277
f 2305/1/2285 2291/1/2271 2298/1/2278
f 2299/1/2279 2300/1/2280 2294/1/2274 2292/1/2272
f 2263/1/2243 2301/1/2281 2287/1/2267 2248/1/2228
f 2293/1/2273 2294/1/2274 2300/1/2280
f 2298/1/2278 2303/1/2283 2304/1/2284 2305/1/2285
f 2302/1/2282 2289/1/2269 2296/1/2276
f 2302/1/2282 2303/1/2283 2297/1/2277
f 2269/1/2249 2307/1/2287 2301/1/2281 2263/1/2243
f 2306/1/2286 2299/1/2279 2305/1/2285
f 2301/1/2281 2307/1/2287 2308/1/2288 2295/1/2275
f 2295/1/2275 2308/1/2288 2309/1/2289 2296/1/2276
f 2303/1/2283 2302/1/2282 2315/1/2295 2304/1/2284
f 2305/1/2285 2304/1/2284 2311/1/2291 2306/1/2286
f 2306/1/2286 2312/1/2292 2300/1/2280 2299/1/2279
f 2276/1/2256 2314/1/2294 2307/1/2287 2269/1/2249
f 2313/1/2293 2300/1/2280 2312/1/2292
f 2311/1/2291 2316/1/2296 2312/1/2292 2306/1/2286
f 2314/1/2294 2309/1/2289 2308/1/2288
f 2272/1/2252 2321/1/2301 2322/1/2302 2273/1/2253
f 2317/1/2297 2265/1/2245 2270/1/2250
f 2272/1/2252 2271/1/2251 2318/1/2298
f 2275/1/2255 2265/1/2245 2317/1/2297
f 2274/1/2254 2319/1/2299 2320/1/2300
f 2321/1/2301 2272/1/2252 2318/1/2298
f 2327/1/2307 2328/1/2308 2320/1/2300 2319/1/2299
f 2319/1/2299 2273/1/2253 2323/1/2303
f 2321/1/2301 2317/1/2297 2325/1/2305
f 2322/1/2302 2321/1/2301 2326/1/2306
f 2270/1/2250 2329/1/2309 2330/1/2310 2325/1/2305
f 2052/1/2032 2329/1/2309 2270/1/2250
f 2331/1/2311 2332/1/2312 2323/1/2303 2322/1/2302
f 2324/1/2304 2320/1/2300 2328/1/2308
f 2325/1/2305 2333/1/2313 2334/1/2314 2326/1/2306
f 2327/1/2307 2323/1/2303 2332/1/2312
f 2329/1/2309 2058/1/2038 2063/1/2043
f 2327/1/2307 2335/1/2315 2911/1/2891 2328/1/2308
f 2911/1/2891 2912/1/2892 2324/1/2304 2328/1/2308
f 2336/1/2316 2337/1/2317 2332/1/2312 2331/1/2311
f 2915/1/2895 2913/1/2893 2335/1/2315 2332/1/2312 2337/1/2317
f 2329/1/2309 2338/1/2318 2339/1/2319 2330/1/2310
f 2063/1/2043 2068/1/2048 2340/1/2320 2338/1/2318
f 2333/1/2313 2330/1/2310 2339/1/2319
f 2341/1/2321 2343/1/2323 2337/1/2317 2336/1/2316
f 2339/1/2319 2342/1/2322 2333/1/2313
f 2342/1/2322 2341/1/2321 2333/1/2313
f 2343/1/2323 2341/1/2321 2346/1/2326 2347/1/2327
f 2337/1/2317 2343/1/2323 2914/1/2894
f 2342/1/2322 2338/1/2318 2344/1/2324
f 2342/1/2322 2345/1/2325 2341/1/2321
f 2276/1/2256 2320/1/2300 2348/1/2328 2314/1/2294
f 2343/1/2323 2347/1/2327 2916/1/2896
f 2340/1/2320 2068/1/2048 2071/1/2051
f 2355/1/2335 2356/1/2336 2350/1/2330 2349/1/2329
f 2349/1/2329 2309/1/2289 2314/1/2294
f 2348/1/2328 2320/1/2300 2324/1/2304
f 2358/1/2338 2359/1/2339 2353/1/2333 2352/1/2332
f 2362/1/2342 2363/1/2343 2358/1/2338 2357/1/2337
f 2355/1/2335 2348/1/2328 2361/1/2341
f 2362/1/2342 2357/1/2337 2356/1/2336
f 2364/1/2344 2365/1/2345 2360/1/2340 2359/1/2339
f 2363/1/2343 2364/1/2344 2358/1/2338
f 2355/1/2335 2366/1/2346 2367/1/2347 2356/1/2336
f 2366/1/2346 2355/1/2335 2361/1/2341
f 2356/1/2336 2367/1/2347 2368/1/2348 2362/1/2342
f 2368/1/2348 2369/1/2349 2363/1/2343 2362/1/2342
f 2361/1/2341 2324/1/2304 2912/1/2892 2370/1/2350
f 2363/1/2343 2371/1/2351 2377/1/2357 2364/1/2344
f 2366/1/2346 2361/1/2341 2370/1/2350
f 2377/1/2357 2372/1/2352 2365/1/2345 2364/1/2344
f 2378/1/2358 2379/1/2359 2374/1/2354 2376/1/2356
f 2367/1/2347 2366/1/2346 2374/1/2354
f 2368/1/2348 2367/1/2347 2374/1/2354
f 2371/1/2351 2369/1/2349 2375/1/2355
f 2379/1/2359 2368/1/2348 2374/1/2354
f 2375/1/2355 2368/1/2348 2379/1/2359
f 2375/1/2355 2380/1/2360 2381/1/2361 2377/1/2357
f 2377/1/2357 2381/1/2361 2382/1/2362 2372/1/2352
f 2347/1/2327 2346/1/2326 2388/1/2368 2389/1/2369
f 2916/1/2896 2347/1/2327 2917/1/2897
f 2347/1/2327 2918/1/2898 2917/1/2897
f 2344/1/2324 2340/1/2320 2384/1/2364
f 2346/1/2326 2345/1/2325 2385/1/2365
f 2918/1/2898 2347/1/2327 2386/1/2366
f 2383/1/2363 2344/1/2324 2387/1/2367
f 2388/1/2368 2346/1/2326 2385/1/2365
f 2390/1/2370 2920/1/2900 2919/1/2899 2386/1/2366
f 2073/1/2053 2075/1/2055 2395/1/2375 2384/1/2364
f 2392/1/2372 2393/1/2373 2385/1/2365 2383/1/2363
f 2383/1/2363 2387/1/2367 2392/1/2372
f 2395/1/2375 2396/1/2376 2387/1/2367 2384/1/2364
f 2394/1/2374 2386/1/2366 2389/1/2369
f 2390/1/2370 2394/1/2374 2398/1/2378 2391/1/2371
f 2387/1/2367 2396/1/2376 2392/1/2372
f 2397/1/2377 2393/1/2373 2392/1/2372
f 2394/1/2374 2389/1/2369 2403/1/2383 2398/1/2378
f 2389/1/2369 2388/1/2368 2400/1/2380
f 2397/1/2377 2396/1/2376 2401/1/2381
f 2397/1/2377 2402/1/2382 2393/1/2373
f 2400/1/2380 2403/1/2383 2389/1/2369
f 2078/1/2058 2404/1/2384 2395/1/2375 2075/1/2055
f 2398/1/2378 2403/1/2383 2406/1/2386 2407/1/2387
f 2396/1/2376 2395/1/2375 2404/1/2384
f 2396/1/2376 2404/1/2384 2401/1/2381
f 2405/1/2385 2402/1/2382 2401/1/2381
f 2412/1/2392 2402/1/2382 2405/1/2385 2413/1/2393
f 2407/1/2387 2399/1/2379 2398/1/2378
f 2399/1/2379 2391/1/2371 2398/1/2378
f 2408/1/2388 2404/1/2384 2078/1/2058
f 2409/1/2389 2405/1/2385 2404/1/2384
f 2400/1/2380 2402/1/2382 2412/1/2392
f 2403/1/2383 2412/1/2392 2414/1/2394 2406/1/2386
f 2413/1/2393 2405/1/2385 2409/1/2389 2416/1/2396
f 2415/1/2395 2399/1/2379 2407/1/2387
f 2409/1/2389 2408/1/2388 2416/1/2396
f 2407/1/2387 2406/1/2386 2418/1/2398 2419/1/2399
f 2414/1/2394 2418/1/2398 2406/1/2386
f 2080/1/2060 2420/1/2400 2408/1/2388 2079/1/2059
f 2410/1/2390 2399/1/2379 2415/1/2395
f 2416/1/2396 2420/1/2400 2421/1/2401 2417/1/2397
f 2408/1/2388 2420/1/2400 2416/1/2396
f 2419/1/2399 2418/1/2398 2422/1/2402 2423/1/2403
f 2419/1/2399 2423/1/2403 2424/1/2404 2415/1/2395
f 2415/1/2395 2424/1/2404 2411/1/2391 2410/1/2390
f 2418/1/2398 2417/1/2397 2425/1/2405 2422/1/2402
f 2922/1/2902 2390/1/2370 2391/1/2371 2428/1/2408
f 2921/1/2901 2922/1/2902 2426/1/2406
f 2426/1/2406 2378/1/2358 2921/1/2901
f 2426/1/2406 2379/1/2359 2378/1/2358
f 2380/1/2360 2379/1/2359 2426/1/2406
f 2427/1/2407 2381/1/2361 2380/1/2360
f 2390/1/2370 2922/1/2902 2920/1/2900
f 2426/1/2406 2428/1/2408 2429/1/2409 2430/1/2410
f 2922/1/2902 2428/1/2408 2426/1/2406
f 2427/1/2407 2431/1/2411 2382/1/2362 2381/1/2361
f 2427/1/2407 2380/1/2360 2430/1/2410
f 2428/1/2408 2391/1/2371 2399/1/2379 2429/1/2409
f 2432/1/2412 2433/1/2413 2431/1/2411 2427/1/2407
f 2399/1/2379 2410/1/2390 2432/1/2412 2429/1/2409
f 2410/1/2390 2411/1/2391 2433/1/2413 2432/1/2412
f 2440/1/2420 2438/1/2418 2435/1/2415 2441/1/2421
f 1103/1/1083 2434/1/2414 1102/1/1082
f 1104/1/1084 2437/1/2417 1108/1/1088
f 1105/1/1085 2438/1/2418 2434/1/2414
f 94/1/94 1106/1/1086 2442/1/2422 2014/1/1994
f 2442/1/2422 1106/1/1086 1107/1/1087 2443/1/2423
f 1108/1/1088 2437/1/2417 2444/1/2424 2436/1/2416
f 2447/1/2427 2437/1/2417 2439/1/2419 2448/1/2428
f 2434/1/2414 2445/1/2425 2439/1/2419
f 2440/1/2420 2445/1/2425 2434/1/2414
f 2436/1/2416 2446/1/2426 2443/1/2423
f 2437/1/2417 2447/1/2427 2444/1/2424
f 2449/1/2429 2440/1/2420 2441/1/2421 2450/1/2430
f 2458/1/2438 2448/1/2428 2454/1/2434 2459/1/2439
f 2442/1/2422 2023/1/2003 2014/1/1994
f 2443/1/2423 2451/1/2431 2442/1/2422
f 2451/1/2431 2452/1/2432 2442/1/2422
f 2447/1/2427 2456/1/2436 2453/1/2433
f 2448/1/2428 2458/1/2438 2456/1/2436
f 2459/1/2439 2454/1/2434 2449/1/2429 2460/1/2440
f 2455/1/2435 2595/1/2575 2463/1/2443 2462/1/2442
f 2455/1/2435 2460/1/2440 2449/1/2429
f 2452/1/2432 2461/1/2441 2023/1/2003
f 2451/1/2431 2461/1/2441 2452/1/2432
f 2459/1/2439 2460/1/2440 2470/1/2450 2469/1/2449
f 2456/1/2436 2464/1/2444 2453/1/2433
f 2451/1/2431 2465/1/2445 2461/1/2441
f 2464/1/2444 2466/1/2446 2453/1/2433
f 2459/1/2439 2467/1/2447 2458/1/2438
f 2457/1/2437 2468/1/2448 2465/1/2445
f 2466/1/2446 2468/1/2448 2457/1/2437
f 2470/1/2450 2460/1/2440 2462/1/2442 2471/1/2451
f 2462/1/2442 2463/1/2443 2472/1/2452 2471/1/2451
f 2473/1/2453 2466/1/2446 2464/1/2444 2467/1/2447
f 2476/1/2456 2470/1/2450 2471/1/2451 2474/1/2454
f 2475/1/2455 2467/1/2447 2469/1/2449 2476/1/2456
f 2472/1/2452 2474/1/2454 2471/1/2451
f 2038/1/2018 2461/1/2441 2478/1/2458 2050/1/2030
f 2476/1/2456 2474/1/2454 2477/1/2457
f 2461/1/2441 2465/1/2445 2479/1/2459 2478/1/2458
f 2488/1/2468 2487/1/2467 2486/1/2466 2489/1/2469
f 2466/1/2446 2479/1/2459 2468/1/2448
f 2473/1/2453 2484/1/2464 2466/1/2446
f 2481/1/2461 2482/1/2462 2477/1/2457
f 2479/1/2459 2484/1/2464 2483/1/2463
f 2473/1/2453 2485/1/2465 2484/1/2464
f 2475/1/2455 2485/1/2465 2473/1/2453
f 2475/1/2455 2487/1/2467 2485/1/2465
f 2486/1/2466 2487/1/2467 2475/1/2455
f 2050/1/2030 2478/1/2458 2490/1/2470 2062/1/2042
f 2482/1/2462 2489/1/2469 2486/1/2466
f 2744/1/2724 2489/1/2469 2482/1/2462
f 2484/1/2464 2485/1/2465 2492/1/2472 2491/1/2471
f 2483/1/2463 2490/1/2470 2478/1/2458
f 2062/1/2042 2490/1/2470 2494/1/2474 2067/1/2047
f 2487/1/2467 2492/1/2472 2485/1/2465
f 2494/1/2474 2490/1/2470 2483/1/2463 2495/1/2475
f 2496/1/2476 2492/1/2472 2487/1/2467 2488/1/2468
f 2500/1/2480 2499/1/2479 2492/1/2472 2496/1/2476
f 2493/1/2473 2497/1/2477 2488/1/2468
f 2494/1/2474 2498/1/2478 2067/1/2047
f 2491/1/2471 2499/1/2479 2495/1/2475
f 2492/1/2472 2499/1/2479 2491/1/2471
f 2077/1/2057 2072/1/2052 2503/1/2483 2505/1/2485
f 2499/1/2479 2501/1/2481 2495/1/2475
f 2499/1/2479 2500/1/2480 2501/1/2481
f 2498/1/2478 2503/1/2483 2072/1/2052
f 2501/1/2481 2503/1/2483 2498/1/2478
f 2502/1/2482 2504/1/2484 2500/1/2480
f 2503/1/2483 2501/1/2481 2506/1/2486 2505/1/2485
f 2079/1/2059 2077/1/2057 2505/1/2485 2507/1/2487
f 2504/1/2484 2506/1/2486 2501/1/2481
f 2505/1/2485 2506/1/2486 2508/1/2488 2507/1/2487
f 2509/1/2489 1877/1/1857 1883/1/1863 2510/1/2490
f 1883/1/1863 1886/1/1866 2511/1/2491 2510/1/2490
f 2509/1/2489 2512/1/2492 2435/1/2415 1105/1/1085
f 2509/1/2489 2510/1/2490 2513/1/2493 2512/1/2492
f 2514/1/2494 1888/1/1868 1885/1/1865 2515/1/2495
f 1888/1/1868 2514/1/2494 1887/1/1867
f 1885/1/1865 1889/1/1869 2516/1/2496 2515/1/2495
f 2517/1/2497 2510/1/2490 2511/1/2491 2518/1/2498
f 2516/1/2496 1889/1/1869 1890/1/1870
f 2518/1/2498 2511/1/2491 1887/1/1867 2519/1/2499
f 2519/1/2499 2514/1/2494 2515/1/2495 2520/1/2500
f 2513/1/2493 2510/1/2490 2517/1/2497
f 2515/1/2495 2516/1/2496 2521/1/2501 2520/1/2500
f 2441/1/2421 2435/1/2415 2512/1/2492 2523/1/2503
f 2523/1/2503 2512/1/2492 2513/1/2493 2517/1/2497
f 2522/1/2502 2525/1/2505 2524/1/2504 2518/1/2498
f 2524/1/2504 2525/1/2505 2529/1/2509 2528/1/2508
f 2519/1/2499 2525/1/2505 2522/1/2502
f 2526/1/2506 2525/1/2505 2520/1/2500
f 2530/1/2510 2525/1/2505 2526/1/2506
f 2521/1/2501 2902/1/2882 2526/1/2506
f 2527/1/2507 2526/1/2506 2902/1/2882
f 2524/1/2504 2528/1/2508 2523/1/2503
f 2528/1/2508 2529/1/2509 2534/1/2514 2533/1/2513
f 2530/1/2510 2529/1/2509 2525/1/2505
f 2527/1/2507 2903/1/2883 2530/1/2510
f 2532/1/2512 2531/1/2511 2523/1/2503
f 2528/1/2508 2532/1/2512 2523/1/2503
f 2531/1/2511 2450/1/2430 2441/1/2421
f 2903/1/2883 2904/1/2884 2537/1/2517 2530/1/2510
f 2530/1/2510 2537/1/2517 2529/1/2509
f 2531/1/2511 2532/1/2512 2536/1/2516 2535/1/2515
f 2541/1/2521 2545/1/2525 2905/1/2885 2540/1/2520
f 2905/1/2885 2906/1/2886 2540/1/2520
f 2538/1/2518 2539/1/2519 2541/1/2521
f 2543/1/2523 2545/1/2525 2541/1/2521
f 2905/1/2885 2545/1/2525 2544/1/2524
f 2543/1/2523 2542/1/2522 2546/1/2526 2547/1/2527
f 2544/1/2524 2545/1/2525 2548/1/2528 2549/1/2529
f 2547/1/2527 2546/1/2526 2552/1/2532 2551/1/2531
f 2545/1/2525 2547/1/2527 2548/1/2528
f 2548/1/2528 2547/1/2527 2551/1/2531 2553/1/2533
f 2554/1/2534 2549/1/2529 2548/1/2528 2553/1/2533
f 2555/1/2535 2556/1/2536 2552/1/2532 2550/1/2530
f 2907/1/2887 2549/1/2529 2554/1/2534
f 1931/1/1911 2562/1/2542 2563/1/2543 1932/1/1912
f 2557/1/2537 2551/1/2531 2556/1/2536
f 2558/1/2538 2907/1/2887 2554/1/2534
f 2559/1/2539 1922/1/1902 2139/1/2119
f 2560/1/2540 1928/1/1908 1932/1/1912
f 2566/1/2546 1935/1/1915 1933/1/1913
f 2562/1/2542 1931/1/1911 2559/1/2539
f 2560/1/2540 2569/1/2549 2564/1/2544 1933/1/1913
f 2565/1/2545 1936/1/1916 1934/1/1914 2566/1/2546
f 2570/1/2550 2565/1/2545 2566/1/2546 2564/1/2544
f 1936/1/1916 2567/1/2547 1937/1/1917
f 2559/1/2539 2139/1/2119 2151/1/2131
f 2568/1/2548 2563/1/2543 2562/1/2542
f 2151/1/2131 2150/1/2130 2572/1/2552 2562/1/2542
f 2567/1/2547 2539/1/2519 2561/1/2541
f 2572/1/2552 2150/1/2130 2571/1/2551
f 2565/1/2545 2574/1/2554 2575/1/2555 2567/1/2547
f 2570/1/2550 2569/1/2549 2577/1/2557
f 2570/1/2550 2564/1/2544 2569/1/2549
f 2574/1/2554 2565/1/2545 2570/1/2550
f 2578/1/2558 2579/1/2559 2570/1/2550 2577/1/2557
f 2576/1/2556 2572/1/2552 2571/1/2551
f 2158/1/2138 2165/1/2145 2580/1/2560 2571/1/2551
f 2570/1/2550 2579/1/2559 2574/1/2554
f 2574/1/2554 2542/1/2522 2575/1/2555
f 2575/1/2555 2543/1/2523 2539/1/2519
f 2571/1/2551 2580/1/2560 2581/1/2561 2576/1/2556
f 2582/1/2562 2584/1/2564 2578/1/2558 2583/1/2563
f 2573/1/2553 2583/1/2563 2577/1/2557
f 2167/1/2147 2585/1/2565 2586/1/2566 2168/1/2148
f 2579/1/2559 2584/1/2564 2546/1/2526
f 2579/1/2559 2546/1/2526 2542/1/2522
f 2579/1/2559 2578/1/2558 2584/1/2564
f 2168/1/2148 2586/1/2566 2580/1/2560 2165/1/2145
f 2585/1/2565 2587/1/2567 2582/1/2562 2586/1/2566
f 2586/1/2566 2581/1/2561 2580/1/2560
f 2581/1/2561 2586/1/2566 2582/1/2562 2583/1/2563
f 2582/1/2562 2587/1/2567 2550/1/2530 2584/1/2564
f 2171/1/2151 2588/1/2568 2585/1/2565 2167/1/2147
f 2585/1/2565 2589/1/2569 2590/1/2570 2587/1/2567
f 2590/1/2570 2555/1/2535 2550/1/2530 2587/1/2567
f 2593/1/2573 1970/1/1950 1971/1/1951 2591/1/2571
f 2592/1/2572 1972/1/1952 2538/1/2518 2594/1/2574
f 2592/1/2572 2591/1/2571 1971/1/1951
f 2599/1/2579 2535/1/2515 2536/1/2516 2600/1/2580
f 2591/1/2571 2540/1/2520 2906/1/2886
f 2594/1/2574 2541/1/2521 2540/1/2520
f 2594/1/2574 2540/1/2520 2591/1/2571
f 1937/1/1917 2561/1/2541 1999/1/1979
f 2561/1/2541 2538/1/2518 1972/1/1952
f 2536/1/2516 2532/1/2512 2596/1/2576
f 2601/1/2581 2596/1/2576 2533/1/2513 2602/1/2582
f 2598/1/2578 2597/1/2577 2534/1/2514
f 2595/1/2575 2599/1/2579 2605/1/2585 2463/1/2443
f 2597/1/2577 2604/1/2584 2602/1/2582
f 2610/1/2590 2602/1/2582 2604/1/2584 2608/1/2588
f 2603/1/2583 2606/1/2586 2604/1/2584
f 2602/1/2582 2610/1/2590 2601/1/2581
f 2601/1/2581 2610/1/2590 2611/1/2591 2600/1/2580
f 2610/1/2590 2608/1/2588 2614/1/2594 2613/1/2593
f 2606/1/2586 2615/1/2595 2608/1/2588
f 2612/1/2592 2615/1/2595 2606/1/2586
f 2616/1/2596 2607/1/2587 2609/1/2589 2617/1/2597
f 2608/1/2588 2615/1/2595 2614/1/2594
f 2607/1/2587 2616/1/2596 2612/1/2592
f 2554/1/2534 2553/1/2533 2621/1/2601 2620/1/2600
f 2618/1/2598 2556/1/2536 2555/1/2535
f 2557/1/2537 2556/1/2536 2618/1/2598
f 2620/1/2600 2622/1/2602 2558/1/2538 2554/1/2534
f 2622/1/2602 2624/1/2604 2558/1/2538
f 2621/1/2601 2619/1/2599 2625/1/2605 2628/1/2608
f 2629/1/2609 2626/1/2606 2635/1/2615 2634/1/2614
f 2626/1/2606 2629/1/2609 2908/1/2888
f 2627/1/2607 2557/1/2537 2618/1/2598
f 2626/1/2606 2620/1/2600 2628/1/2608
f 2627/1/2607 2623/1/2603 2630/1/2610
f 2627/1/2607 2633/1/2613 2625/1/2605
f 2625/1/2605 2633/1/2613 2632/1/2612
f 2625/1/2605 2632/1/2612 2628/1/2608
f 2636/1/2616 2632/1/2612 2643/1/2623 2642/1/2622
f 2632/1/2612 2636/1/2616 2628/1/2608
f 2636/1/2616 2626/1/2606 2628/1/2608
f 2633/1/2613 2641/1/2621 2632/1/2612
f 2617/1/2597 2609/1/2589 2637/1/2617 2647/1/2627
f 2645/1/2625 2640/1/2620 2639/1/2619
f 2645/1/2625 2630/1/2610 2640/1/2620
f 2646/1/2626 2633/1/2613 2631/1/2611
f 2637/1/2617 2638/1/2618 2648/1/2628 2647/1/2627
f 2230/1/2210 2649/1/2629 2588/1/2568 2171/1/2151
f 2644/1/2624 2648/1/2628 2638/1/2618
f 2588/1/2568 2649/1/2629 2650/1/2630 2589/1/2569
f 2649/1/2629 2230/1/2210 2231/1/2211
f 2233/1/2213 2236/1/2216 2654/1/2634 2652/1/2632
f 2651/1/2631 2623/1/2603 2555/1/2535
f 2651/1/2631 2555/1/2535 2590/1/2570
f 2231/1/2211 2652/1/2632 2649/1/2629
f 2650/1/2630 2649/1/2629 2652/1/2632
f 2653/1/2633 2590/1/2570 2650/1/2630
f 2651/1/2631 2590/1/2570 2653/1/2633
f 2237/1/2217 2658/1/2638 2654/1/2634 2236/1/2216
f 2650/1/2630 2652/1/2632 2654/1/2634
f 2651/1/2631 2630/1/2610 2623/1/2603
f 2655/1/2635 2650/1/2630 2656/1/2636
f 2640/1/2620 2651/1/2631 2655/1/2635
f 2640/1/2620 2657/1/2637 2639/1/2619
f 2537/1/2517 2909/1/2889 2660/1/2640 2659/1/2639
f 2537/1/2517 2659/1/2639 2598/1/2578
f 2598/1/2578 2659/1/2639 2661/1/2641 2603/1/2583
f 2659/1/2639 2660/1/2640 2662/1/2642 2661/1/2641
f 2665/1/2645 2666/1/2646 2634/1/2614 2638/1/2618
f 2662/1/2642 2660/1/2640 2663/1/2643
f 2661/1/2641 2606/1/2586 2603/1/2583
f 2662/1/2642 2607/1/2587 2661/1/2641
f 2662/1/2642 2609/1/2589 2607/1/2587
f 2910/1/2890 2664/1/2644 2662/1/2642
f 2662/1/2642 2663/1/2643 2910/1/2890
f 2609/1/2589 2662/1/2642 2664/1/2644 2637/1/2617
f 2634/1/2614 2666/1/2646 2629/1/2609
f 2668/1/2648 2670/1/2650 2671/1/2651 2669/1/2649
f 2638/1/2618 2637/1/2617 2664/1/2644
f 2611/1/2591 2610/1/2590 2667/1/2647
f 2613/1/2593 2670/1/2650 2667/1/2647
f 2670/1/2650 2613/1/2593 2614/1/2594 2671/1/2651
f 2671/1/2651 2614/1/2594 2615/1/2595 2672/1/2652
f 2674/1/2654 2605/1/2585 2611/1/2591 2675/1/2655
f 2605/1/2585 2674/1/2654 2472/1/2452
f 2673/1/2653 2612/1/2592 2616/1/2596 2676/1/2656
f 2675/1/2655 2611/1/2591 2667/1/2647
f 2612/1/2592 2673/1/2653 2672/1/2652
f 2667/1/2647 2670/1/2650 2680/1/2660 2675/1/2655
f 2669/1/2649 2671/1/2651 2672/1/2652 2681/1/2661
f 2680/1/2660 2670/1/2650 2668/1/2648
f 2679/1/2659 2674/1/2654 2675/1/2655 2680/1/2660
f 2617/1/2597 2677/1/2657 2676/1/2656
f 2674/1/2654 2679/1/2659 2474/1/2454
f 2668/1/2648 2669/1/2649 2683/1/2663 2682/1/2662
f 2481/1/2461 2474/1/2454 2679/1/2659 2685/1/2665
f 2679/1/2659 2680/1/2660 2686/1/2666 2685/1/2665
f 2668/1/2648 2682/1/2662 2686/1/2666 2680/1/2660
f 2692/1/2672 2682/1/2662 2687/1/2667 2693/1/2673
f 2676/1/2656 2688/1/2668 2681/1/2661
f 2677/1/2657 2688/1/2668 2676/1/2656
f 2686/1/2666 2690/1/2670 2685/1/2665
f 2686/1/2666 2691/1/2671 2690/1/2670
f 2677/1/2657 2689/1/2669 2688/1/2668
f 2694/1/2674 2684/1/2664 2688/1/2668 2695/1/2675
f 2687/1/2667 2694/1/2674 2693/1/2673
f 2698/1/2678 2694/1/2674 2695/1/2675 2699/1/2679
f 2691/1/2671 2682/1/2662 2692/1/2672
f 2694/1/2674 2698/1/2678 2693/1/2673
f 2744/1/2724 2481/1/2461 2685/1/2665 2701/1/2681
f 2695/1/2675 2700/1/2680 2699/1/2679
f 2692/1/2672 2693/1/2673 2702/1/2682 2697/1/2677
f 2691/1/2671 2697/1/2677 2690/1/2670
f 2708/1/2688 2705/1/2685 2646/1/2626 2704/1/2684
f 2645/1/2625 2704/1/2684 2631/1/2611
f 2646/1/2626 2705/1/2685 2641/1/2621
f 2707/1/2687 2706/1/2686 2642/1/2622
f 2643/1/2623 2707/1/2687 2642/1/2622
f 2706/1/2686 2635/1/2615 2642/1/2622
f 2714/1/2694 2645/1/2625 2639/1/2619
f 2709/1/2689 2707/1/2687 2643/1/2623 2705/1/2685
f 2237/1/2217 2293/1/2273 2712/1/2692 2658/1/2638
f 2647/1/2627 2711/1/2691 2617/1/2597
f 2648/1/2628 2711/1/2691 2647/1/2627
f 2706/1/2686 2710/1/2690 2644/1/2624
f 2658/1/2638 2712/1/2692 2716/1/2696 2703/1/2683
f 2716/1/2696 2713/1/2693 2639/1/2619 2703/1/2683
f 2706/1/2686 2707/1/2687 2709/1/2689 2719/1/2699
f 2718/1/2698 2709/1/2689 2705/1/2685 2708/1/2688
f 2711/1/2691 2677/1/2657 2617/1/2597
f 2710/1/2690 2715/1/2695 2648/1/2628
f 2708/1/2688 2714/1/2694 2717/1/2697
f 2713/1/2693 2723/1/2703 2725/1/2705 2714/1/2694
f 2723/1/2703 2713/1/2693 2716/1/2696
f 2721/1/2701 2711/1/2691 2715/1/2695 2728/1/2708
f 2293/1/2273 2313/1/2293 2722/1/2702 2712/1/2692
f 2720/1/2700 2728/1/2708 2715/1/2695
f 2724/1/2704 2732/1/2712 2717/1/2697 2725/1/2705
f 2728/1/2708 2720/1/2700 2734/1/2714 2733/1/2713
f 2717/1/2697 2732/1/2712 2718/1/2698
f 2718/1/2698 2732/1/2712 2726/1/2706
f 2718/1/2698 2726/1/2706 2719/1/2699
f 2721/1/2701 2727/1/2707 2689/1/2669
f 2730/1/2710 2722/1/2702 2729/1/2709
f 2730/1/2710 2716/1/2696 2722/1/2702
f 2736/1/2716 2738/1/2718 2726/1/2706 2732/1/2712
f 2726/1/2706 2734/1/2714 2720/1/2700
f 2700/1/2680 2695/1/2675 2727/1/2707 2737/1/2717
f 2742/1/2722 2698/1/2678 2699/1/2679 2743/1/2723
f 2733/1/2713 2738/1/2718 2737/1/2717
f 2733/1/2713 2737/1/2717 2727/1/2707
f 2740/1/2720 2690/1/2670 2696/1/2676
f 2741/1/2721 2745/1/2725 2697/1/2677
f 2698/1/2678 2742/1/2722 2702/1/2682
f 2741/1/2721 2702/1/2682 2748/1/2728 2747/1/2727
f 2740/1/2720 2696/1/2676 2745/1/2725
f 2747/1/2727 2745/1/2725 2741/1/2721
f 2752/1/2732 2742/1/2722 2743/1/2723 2753/1/2733
f 2743/1/2723 2739/1/2719 2746/1/2726
f 2701/1/2681 2751/1/2731 2749/1/2729
f 2740/1/2720 2751/1/2731 2701/1/2681
f 2742/1/2722 2752/1/2732 2748/1/2728
f 2746/1/2726 2750/1/2730 2754/1/2734 2743/1/2723
f 2743/1/2723 2754/1/2734 2753/1/2733
f 2493/1/2473 2489/1/2469 2744/1/2724 2755/1/2735
f 2756/1/2736 2747/1/2727 2748/1/2728 2757/1/2737
f 2751/1/2731 2756/1/2736 2749/1/2729
f 2761/1/2741 2752/1/2732 2753/1/2733 2762/1/2742
f 2760/1/2740 2759/1/2739 2756/1/2736
f 2757/1/2737 2760/1/2740 2756/1/2736
f 2752/1/2732 2761/1/2741 2757/1/2737
f 2923/1/2903 2762/1/2742 2753/1/2733 2754/1/2734
f 2924/1/2904 2923/1/2903 2754/1/2734 2750/1/2730
f 2763/1/2743 2497/1/2477 2493/1/2473 2755/1/2735
f 2765/1/2745 2757/1/2737 2761/1/2741 2766/1/2746
f 2757/1/2737 2765/1/2745 2760/1/2740
f 2772/1/2752 2774/1/2754 2735/1/2715 2729/1/2709
f 2766/1/2746 2761/1/2741 2925/1/2905
f 2761/1/2741 2762/1/2742 2925/1/2905
f 2760/1/2740 2768/1/2748 2758/1/2738
f 2765/1/2745 2768/1/2748 2760/1/2740
f 2764/1/2744 2769/1/2749 2767/1/2747
f 2764/1/2744 2807/1/2787 2769/1/2749
f 2768/1/2748 2771/1/2751 2770/1/2750
f 2765/1/2745 2771/1/2751 2768/1/2748
f 2927/1/2907 2771/1/2751 2926/1/2906
f 2771/1/2751 2766/1/2746 2926/1/2906
f 2772/1/2752 2729/1/2709 2354/1/2334
f 2735/1/2715 2774/1/2754 2775/1/2755 2731/1/2711
f 2775/1/2755 2774/1/2754 2773/1/2753
f 2737/1/2717 2738/1/2718 2776/1/2756 2778/1/2758
f 2724/1/2704 2777/1/2757 2732/1/2712
f 2700/1/2680 2737/1/2717 2746/1/2726 2739/1/2719
f 2738/1/2718 2736/1/2716 2776/1/2756
f 2354/1/2334 2360/1/2340 2779/1/2759 2772/1/2752
f 2776/1/2756 2736/1/2716 2783/1/2763 2782/1/2762
f 2781/1/2761 2775/1/2755 2773/1/2753
f 2780/1/2760 2783/1/2763 2777/1/2757 2781/1/2761
f 2360/1/2340 2365/1/2345 2785/1/2765 2779/1/2759
f 2777/1/2757 2783/1/2763 2736/1/2716
f 2779/1/2759 2785/1/2765 2787/1/2767 2773/1/2753
f 2773/1/2753 2787/1/2767 2780/1/2760 2781/1/2761
f 2780/1/2760 2787/1/2767 2786/1/2766
f 2780/1/2760 2786/1/2766 2788/1/2768 2783/1/2763
f 2782/1/2762 2788/1/2768 2793/1/2773 2792/1/2772
f 2746/1/2726 2789/1/2769 2750/1/2730
f 2746/1/2726 2778/1/2758 2789/1/2769
f 2790/1/2770 2785/1/2765 2365/1/2345
f 2787/1/2767 2791/1/2771 2786/1/2766
f 2786/1/2766 2791/1/2771 2793/1/2773 2788/1/2768
f 2792/1/2772 2794/1/2774 2784/1/2764 2782/1/2762
f 2789/1/2769 2928/1/2908 2924/1/2904 2750/1/2730
f 2789/1/2769 2784/1/2764 2794/1/2774
f 2796/1/2776 2787/1/2767 2790/1/2770
f 2382/1/2362 2800/1/2780 2795/1/2775 2372/1/2352
f 2928/1/2908 2789/1/2769 2794/1/2774
f 2795/1/2775 2790/1/2770 2372/1/2352
f 2798/1/2778 2930/1/2910 2794/1/2774
f 2798/1/2778 2794/1/2774 2792/1/2772
f 2799/1/2779 2793/1/2773 2797/1/2777
f 2800/1/2780 2801/1/2781 2796/1/2776 2795/1/2775
f 2801/1/2781 2802/1/2782 2797/1/2777 2796/1/2776
f 2798/1/2778 2804/1/2784 2805/1/2785 2929/1/2909
f 2799/1/2779 2804/1/2784 2798/1/2778
f 2804/1/2784 2803/1/2783 2805/1/2785
f 2502/1/2482 2806/1/2786 2810/1/2790
f 2763/1/2743 2806/1/2786 2502/1/2482
f 2771/1/2751 2809/1/2789 2770/1/2750
f 2934/1/2914 2809/1/2789 2771/1/2751 2927/1/2907 2931/1/2911
f 2811/1/2791 2769/1/2749 2807/1/2787 2813/1/2793
f 2769/1/2749 2811/1/2791 2806/1/2786
f 2933/1/2913 2932/1/2912 2817/1/2797 2816/1/2796
f 2814/1/2794 2770/1/2750 2809/1/2789 2815/1/2795
f 2808/1/2788 2770/1/2750 2814/1/2794
f 2818/1/2798 2810/1/2790 2811/1/2791 2819/1/2799
f 2810/1/2790 2818/1/2798 2504/1/2484
f 2821/1/2801 2819/1/2799 2811/1/2791 2813/1/2793
f 2822/1/2802 2825/1/2805 2817/1/2797 2823/1/2803
f 2813/1/2793 2824/1/2804 2821/1/2801
f 2808/1/2788 2824/1/2804 2813/1/2793
f 2814/1/2794 2824/1/2804 2808/1/2788
f 2508/1/2488 2504/1/2484 2818/1/2798 2830/1/2810
f 2817/1/2797 2825/1/2805 2816/1/2796
f 2508/1/2488 2830/1/2810 2826/1/2806
f 2828/1/2808 2830/1/2810 2819/1/2799 2821/1/2801
f 2831/1/2811 2834/1/2814 2822/1/2802 2832/1/2812
f 2821/1/2801 2833/1/2813 2828/1/2808
f 2832/1/2812 2822/1/2802 2823/1/2803 2820/1/2800
f 2847/1/2827 2833/1/2813 2824/1/2804 2835/1/2815
f 2824/1/2804 2833/1/2813 2821/1/2801
f 2847/1/2827 2835/1/2815 2815/1/2795 2834/1/2814
f 2814/1/2794 2835/1/2815 2824/1/2804
f 2834/1/2814 2815/1/2795 2825/1/2805 2822/1/2802
f 2080/1/2060 2507/1/2487 2826/1/2806 2836/1/2816
f 2836/1/2816 2420/1/2400 2080/1/2060
f 2420/1/2400 2836/1/2816 2837/1/2817 2421/1/2401
f 2424/1/2404 2423/1/2403 2839/1/2819 2827/1/2807
f 2837/1/2817 2836/1/2816 2840/1/2820 2841/1/2821
f 2827/1/2807 2411/1/2391 2424/1/2404
f 2840/1/2820 2836/1/2816 2826/1/2806
f 2838/1/2818 2843/1/2823 2844/1/2824 2839/1/2819
f 2827/1/2807 2839/1/2819 2844/1/2824 2845/1/2825
f 2842/1/2822 2841/1/2821 2846/1/2826 2847/1/2827
f 2845/1/2825 2829/1/2809 2827/1/2807
f 2846/1/2826 2840/1/2820 2828/1/2808
f 2842/1/2822 2847/1/2827 2831/1/2811 2843/1/2823
f 2843/1/2823 2831/1/2811 2832/1/2812 2844/1/2824
f 2422/1/2402 2838/1/2818 2839/1/2819 2423/1/2403
f 2845/1/2825 2820/1/2800 2829/1/2809
f 2833/1/2813 2846/1/2826 2828/1/2808
f 2834/1/2814 2831/1/2811 2847/1/2827
f 2838/1/2818 2422/1/2402 2425/1/2405
f 2425/1/2405 2837/1/2817 2841/1/2821 2842/1/2822
f 2425/1/2405 2842/1/2822 2843/1/2823 2838/1/2818
f 2431/1/2411 2851/1/2831 2800/1/2780 2382/1/2362
f 2802/1/2782 2801/1/2781 2848/1/2828
f 2849/1/2829 2804/1/2784 2802/1/2782
f 2852/1/2832 2854/1/2834 2849/1/2829 2853/1/2833
f 2851/1/2831 2801/1/2781 2800/1/2780
f 2853/1/2833 2802/1/2782 2848/1/2828
f 2935/1/2915 2849/1/2829 2854/1/2834 2812/1/2792
f 2932/1/2912 2936/1/2916 2935/1/2915 2812/1/2792 2817/1/2797
f 2820/1/2800 2823/1/2803 2854/1/2834 2852/1/2832
f 2850/1/2830 2431/1/2411 2433/1/2413
f 2856/1/2836 2850/1/2830 2855/1/2835
f 2856/1/2836 2848/1/2828 2850/1/2830
f 2884/184/2864 2871/185/2851 743/186/743 1795/187/1775
f 2854/1/2834 2823/1/2803 2812/1/2792
f 2855/1/2835 2433/1/2413 2411/1/2391
f 2829/1/2809 2855/1/2835 2827/1/2807
f 2829/1/2809 2856/1/2836 2855/1/2835
f 2829/1/2809 2852/1/2832 2856/1/2836
f 2884/184/2864 1800/188/1780 746/189/746 2871/185/2851
f 1800/188/1780 1802/190/1782 751/191/751 746/189/746
f 1808/192/1788 2885/193/2865 2872/194/2852 755/195/755
f 1802/190/1782 1810/196/1790 1808/192/1788 755/195/755 753/197/753 751/191/751
f 1814/5/1794 763/4/763 764/198/764 2872/194/2852 2885/193/2865
f 1817/2/1797 2882/199/2862 2870/200/2850 761/3/761
f 2883/201/2863 2869/202/2849 2870/200/2850 2882/199/2862
f 1788/203/1768 728/204/728 2869/202/2849 2883/201/2863
f 728/204/728 1788/203/1768 1785/205/1765 2868/206/2848
f 2868/206/2848 1785/205/1765 1784/207/1764 724/208/724
f 1783/8/1763 725/7/725 724/208/724 1784/207/1764
f 2867/209/2847 722/6/722 1780/9/1760 2880/210/2860
f 2865/211/2845 2867/209/2847 2880/210/2860 2881/212/2861
f 2866/213/2846 2865/211/2845 2881/212/2861 2879/214/2859
f 2866/213/2846 2879/214/2859 1622/215/1602 560/216/560
f 1622/215/1602 1619/217/1599 2859/218/2839 2860/219/2840 560/216/560
f 2859/218/2839 1619/217/1599 1617/220/1597 558/221/558
f 1618/222/1598 554/223/554 558/221/558 1617/220/1597
f 554/223/554 1618/222/1598 1614/224/1594 555/225/555
f 1614/224/1594 2873/226/2853 2857/227/2837 555/225/555
f 2857/227/2837 2873/226/2853 2874/228/2854 2858/229/2838
f 2858/229/2838 2874/228/2854 2875/230/2855 582/231/582
f 2875/230/2855 2876/232/2856 583/233/583 582/231/582
f 1657/234/1637 2861/235/2841 583/233/583 2876/232/2856
f 1657/234/1637 1653/236/1633 589/237/589 2861/235/2841
f 589/237/589 1653/236/1633 2878/238/2858 2862/239/2842
f 2864/240/2844 1665/241/1645 1664/242/1644 606/243/606
f 2864/240/2844 2863/244/2843 2862/239/2842 2878/238/2858 2877/245/2857 1665/241/1645
f 1664/242/1644 1795/246/1775 743/247/743 740/248/740 606/243/606
f 2131/249/2111 2126/250/2106 2907/251/2887 2558/252/2538
f 2907/251/2887 2126/250/2106 2120/253/2100 2116/10/2096 2544/13/2524 2549/254/2529
f 2558/252/2538 2624/255/2604 2204/256/2184 2131/249/2111
f 2206/257/2186 2204/256/2184 2624/255/2604 2908/258/2888
f 2908/258/2888 2629/259/2609 2901/260/2881 2206/257/2186
f 2666/261/2646 2180/262/2160 2901/260/2881 2629/259/2609
f 2666/261/2646 2665/263/2645 2179/264/2159 2180/262/2160
f 2179/264/2159 2665/263/2645 2664/265/2644 2178/266/2158
f 2900/267/2880 2178/266/2158 2664/265/2644 2910/268/2890
f 2175/269/2155 2900/267/2880 2910/268/2890 2663/270/2643
f 2660/271/2640 2172/272/2152 2175/269/2155 2663/270/2643
f 2899/273/2879 2172/272/2152 2660/271/2640 2909/274/2889
f 2909/274/2889 2904/275/2884 2111/276/2091 2899/273/2879
f 2111/276/2091 2904/275/2884 2903/277/2883 2104/278/2084
f 2897/279/2877 2104/278/2084 2903/277/2883 2527/280/2507
f 2527/280/2507 2902/281/2882 2521/282/2501 2093/283/2073 2897/279/2877
f 2888/284/2868 2093/283/2073 2521/282/2501 2516/285/2496 1890/286/1870
f 1952/287/1932 892/288/892 2888/284/2868 1890/286/1870
f 1951/289/1931 2887/290/2867 892/288/892 1952/287/1932
f 1950/291/1930 889/292/889 2887/290/2867 1951/289/1931
f 889/292/889 1950/291/1930 2892/293/2872 2886/294/2866
f 904/295/904 2886/294/2866 2892/293/2872 1963/296/1943
f 2889/297/2869 904/295/904 1963/296/1943 2893/298/2873
f 2889/297/2869 2893/298/2873 2894/299/2874 2890/300/2870
f 1964/301/1944 905/302/905 2890/300/2870 2894/299/2874
f 907/303/907 905/302/905 1964/301/1944 1967/304/1947
f 1967/304/1947 2895/305/2875 2891/306/2871 907/303/907
f 2891/306/2871 2895/305/2875 1970/307/1950 911/308/911
f 2082/309/2062 911/308/911 1970/307/1950 2593/310/2573
f 2896/311/2876 2082/309/2062 2593/310/2573 2906/312/2886
f 2898/313/2878 2896/311/2876 2906/312/2886 2905/314/2885
f 2805/15/2785 2803/18/2783 2921/20/2901 2378/16/2358
f 2936/315/2916 2932/316/2912 2920/317/2900 2922/318/2902
f 2921/20/2901 2935/19/2915 2922/318/2902
f 2935/19/2915 2936/315/2916 2922/318/2902
f 2920/317/2900 2932/316/2912 2933/319/2913 2919/320/2899
f 2933/319/2913 2934/321/2914 2918/322/2898 2919/320/2899
f 2918/322/2898 2934/321/2914 2931/323/2911 2917/324/2897
f 2916/21/2896 2917/324/2897 2931/323/2911 2927/22/2907
f 2343/23/2323 2927/22/2907 2926/325/2906 2914/326/2894
f 2766/327/2746 2915/328/2895 2914/326/2894 2926/325/2906
f 2911/329/2891 2335/24/2315 2762/26/2742 2923/330/2903
f 2925/331/2905 2915/328/2895 2766/327/2746
f 2913/25/2893 2915/328/2895 2925/331/2905
f 2913/25/2893 2925/331/2905 2762/26/2742
f 2924/332/2904 2912/333/2892 2911/329/2891 2923/330/2903
f 2912/333/2892 2924/332/2904 2928/334/2908 2370/335/2350
f 2930/336/2910 2373/337/2353 2370/335/2350 2928/334/2908
f 2373/337/2353 2930/336/2910 2929/338/2909 2376/339/2356
f 2939/29/2919 2937/51/2917 2938/340/2918 2941/27/2921
f 2942/32/2922 2940/28/2920 2941/27/2921 2945/30/2925
f 2946/36/2926 2944/33/2924 2945/30/2925 2948/34/2928
f 2949/39/2929 2947/35/2927 2948/34/2928 2938/37/2918
f 2948/341/2928 2945/342/2925 2941/343/2921 2938/344/2918
f 2950/345/2930 2937/346/2917 2939/347/2919 2940/348/2920 2942/349/2922 2943/350/2923 2944/351/2924 2946/352/2926 2947/353/2927 2949/354/2929
f 2953/29/2932 2951/51/2917 2952/340/2931 2955/41/2934
f 2956/32/2922 2954/28/2933 2955/41/2934 2959/42/2935
f 2960/36/2926 2958/33/2924 2959/42/2935 2962/43/2936
f 2963/39/2937 2961/35/2927 2962/43/2936 2952/44/2931
f 2959/355/2935 2955/356/2934 2952/357/2931 2962/358/2936
f 2969/45/2942 2967/29/2940 2965/51/2938 2966/340/2939
f 2961/353/2927 2963/354/2937 2964/345/2930 2951/346/2917 2953/347/2932 2954/348/2933 2956/349/2922 2957/350/2923 2958/351/2924 2960/352/2926
f 2970/32/2943 2968/28/2941 2969/45/2942 2972/46/2945
f 2973/33/2946 2971/31/2944 2972/46/2945 2975/47/2948
f 2978/48/2951 2976/35/2949 2974/36/2947 2975/47/2948
f 2966/359/2939 2978/360/2951 2975/361/2948 2972/362/2945 2969/363/2942
f 2984/32/2957 2982/28/2955 2983/50/2956 2986/52/2959
f 2970/364/2943 2971/350/2944 2973/365/2946 2974/352/2947 2976/366/2949 2977/367/2950 2979/345/2952 2965/346/2938 2967/347/2940 2968/368/2941
f 2987/33/2960 2985/31/2958 2986/52/2959 2990/53/2963
f 2991/39/2964 2989/35/2962 2990/53/2963 2993/54/2966
f 2990/369/2963 2986/370/2959 2983/371/2956 2993/372/2966
f 2980/40/2953 2992/38/2965 2993/54/2966 2983/144/2956
f 2996/29/2969 2994/51/2967 2995/340/2968 2998/55/2971
f 2987/365/2960 2988/352/2961 2989/366/2962 2991/367/2964 2992/345/2965 2980/346/2953 2981/347/2954 2982/368/2955 2984/364/2957 2985/350/2958
f 2999/32/2972 2997/28/2970 2998/55/2971 3002/56/2975
f 3003/36/2976 3001/33/2974 3002/56/2975 3005/57/2978
f 3006/39/2979 3004/35/2977 3005/57/2978 2995/58/2968
f 3002/373/2975 2998/374/2971 2995/375/2968 3005/376/2978
f 3010/29/2983 3008/51/2981 3009/340/2982 3012/59/2985
f 3001/351/2974 3003/377/2976 3004/353/2977 3006/354/2979 3007/378/2980 2994/346/2967 2996/379/2969 2997/348/2970 2999/349/2972 3000/380/2973
f 3013/32/2986 3011/28/2984 3012/59/2985 3015/60/2988
f 3018/61/2991 3016/33/2989 3014/31/2987 3015/60/2988
f 3022/62/2995 3019/35/2992 3017/36/2990 3018/61/2991
f 3015/381/2988 3012/382/2985 3009/383/2982 3022/384/2995 3018/385/2991
f 3009/144/2982 3008/40/2981 3021/38/2994 3022/62/2995
f 3021/378/2994 3008/346/2981 3010/379/2983 3011/348/2984 3013/349/2986 3014/380/2987 3016/351/2989 3017/377/2990 3019/353/2992 3020/354/2993
f 3028/63/3001 3025/29/2998 3023/51/2996 3024/340/2997
f 3030/64/3003 3029/31/3002 3027/32/3000 3028/63/3001
f 3035/65/3008 3033/35/3006 3032/36/3005 3030/64/3003
f 3024/386/2997 3035/387/3008 3030/388/3003 3028/389/3001
f 3036/38/3009 3034/39/3007 3035/65/3008 3024/66/2997
f 3036/378/3009 3023/346/2996 3025/379/2998 3026/348/2999 3027/390/3000 3029/380/3002 3031/351/3004 3032/377/3005 3033/391/3006 3034/354/3007
f 3041/32/3014 3039/28/3012 3040/67/3013 3043/68/3016
f 3044/33/3017 3042/31/3015 3043/68/3016 3047/69/3020
f 3048/39/3021 3046/35/3019 3047/69/3020 3050/70/3023
f 3050/392/3023 3047/393/3020 3043/394/3016 3040/395/3013
f 3037/40/3010 3049/38/3022 3050/70/3023 3040/144/3013
f 3053/29/3026 3051/51/3024 3052/340/3025 3056/71/3029
f 3044/351/3017 3045/377/3018 3046/391/3019 3048/354/3021 3049/378/3022 3037/346/3010 3038/379/3011 3039/348/3012 3041/390/3014 3042/380/3015
f 3058/396/3031 3057/31/3030 3055/32/3028 3056/71/3029
f 3059/33/3032 3057/31/3030 3058/396/3031 3061/72/3034
f 3062/35/3035 3060/36/3033 3061/72/3034 3064/73/3037
f 3065/38/3038 3063/39/3036 3064/73/3037 3052/79/3025
f 3071/81/3044 3069/28/3042 3067/29/3040 3068/80/3041
f 3055/397/3028 3057/350/3030 3059/351/3032 3060/352/3033 3062/398/3035 3063/367/3036 3065/345/3038 3051/346/3024 3053/347/3026 3054/368/3027
f 3073/396/3046 3072/31/3045 3070/32/3043 3071/81/3044
f 3074/33/3032 3072/31/3045 3073/396/3046 3076/82/3048
f 3077/35/3049 3075/36/3047 3076/82/3048 3079/83/3051
f 3079/399/3051 3076/400/3048 3073/78/3046 3071/401/3044 3068/402/3041
f 3084/28/3056 3082/29/3054 3083/85/3055 3087/86/3059
f 3067/347/3040 3069/368/3042 3070/397/3043 3072/350/3045 3074/351/3032 3075/352/3047 3077/398/3049 3078/367/3050 3080/345/3052 3066/346/3039
f 3088/33/3060 3086/31/3058 3087/86/3059 3091/87/3063
f 3092/39/3064 3090/35/3062 3091/87/3063 3094/88/3066
f 3087/403/3059 3083/404/3055 3094/405/3066 3091/406/3063
f 3083/144/3055 3081/40/3053 3093/38/3065 3094/88/3066
f 3093/345/3065 3081/346/3053 3082/347/3054 3084/348/3056 3085/349/3057 3086/350/3058 3088/351/3060 3089/352/3061 3090/353/3062 3092/354/3064
f 3098/28/3070 3096/29/3068 3097/89/3069 3100/90/3072
f 3101/31/3073 3099/32/3071 3100/90/3072 3104/91/3076
f 3105/35/3077 3103/36/3075 3104/91/3076 3108/92/3080
f 3108/407/3080 3104/408/3076 3100/409/3072 3097/410/3069
f 3097/144/3069 3095/40/3067 3107/38/3079 3108/92/3080
f 3112/28/3084 3110/29/3082 3111/93/3083 3114/94/3086
f 3102/351/3074 3103/352/3075 3105/353/3077 3106/354/3078 3107/345/3079 3095/346/3067 3096/347/3068 3098/348/3070 3099/349/3071 3101/350/3073
f 3115/31/3087 3113/32/3085 3114/94/3086 3118/95/3090
f 3120/411/3092 3119/35/3091 3117/36/3089 3118/95/3090
f 3121/39/3093 3119/35/3091 3120/411/3092 3123/96/3095
f 3118/412/3090 3114/413/3086 3111/414/3083 3123/415/3095 3120/416/3092
f 3109/40/3081 3122/38/3094 3123/96/3095 3111/144/3083
f 3126/29/3098 3124/51/3096 3125/340/3097 3128/45/3100
f 3113/364/3085 3115/350/3087 3116/351/3088 3117/352/3089 3119/366/3091 3121/367/3093 3122/345/3094 3109/346/3081 3110/347/3082 3112/368/3084
f 3131/97/3103 3129/32/3101 3127/28/3099 3128/45/3100
f 3134/98/3106 3132/33/3104 3130/31/3102 3131/97/3103
f 3136/411/3108 3135/35/3107 3133/36/3105 3134/98/3106
f 3137/39/3109 3135/35/3107 3136/411/3108 3125/99/3097
f 3131/417/3103 3128/418/3100 3125/419/3097 3136/416/3108 3134/420/3106
f 3141/29/3113 3139/51/3111 3140/340/3112 3143/100/3115
f 3129/364/3101 3130/350/3102 3132/351/3104 3133/352/3105 3135/366/3107 3137/367/3109 3138/345/3110 3124/346/3096 3126/347/3098 3127/368/3099
f 3144/32/3116 3142/28/3114 3143/100/3115 3146/101/3118
f 3147/33/3119 3145/31/3117 3146/101/3118 3149/102/3121
f 3150/35/3122 3148/36/3120 3149/102/3121 3152/103/3124
f 3143/421/3115 3140/422/3112 3152/423/3124 3149/424/3121 3146/425/3118
f 3158/106/3130 3157/28/3129 3155/29/3127 3156/105/3128
f 3150/366/3122 3151/367/3123 3153/378/3125 3139/346/3111 3141/379/3113 3142/368/3114 3144/364/3116 3145/380/3117 3147/351/3119 3148/377/3120
f 3163/107/3135 3161/33/3133 3160/31/3132 3158/106/3130
f 3164/35/3136 3162/36/3134 3163/107/3135 3166/108/3138
f 3166/426/3138 3163/427/3135 3158/428/3130 3156/429/3128
f 3167/38/3139 3165/39/3137 3166/108/3138 3156/109/3128
f 3170/29/3142 3168/51/3140 3169/340/3141 3173/110/3145
f 3161/351/3133 3162/377/3134 3164/366/3136 3165/367/3137 3167/378/3139 3154/346/3126 3155/379/3127 3157/368/3129 3159/364/3131 3160/380/3132
f 3174/31/3146 3172/32/3144 3173/110/3145 3177/111/3149
f 3178/35/3150 3176/36/3148 3177/111/3149 3180/112/3152
f 3169/430/3141 3180/431/3152 3177/432/3149 3173/433/3145
f 3181/38/3153 3179/39/3151 3180/112/3152 3169/113/3141
f 3186/114/3158 3184/29/3156 3182/51/3154 3183/340/3155
f 3172/349/3144 3174/380/3146 3175/351/3147 3176/377/3148 3178/353/3150 3179/354/3151 3181/378/3153 3168/346/3140 3170/379/3142 3171/348/3143
f 3190/115/3162 3187/32/3159 3185/28/3157 3186/114/3158
f 3192/434/3164 3191/36/3163 3189/33/3161 3190/115/3162
f 3193/35/3165 3191/36/3163 3192/434/3164 3195/73/3167
f 3183/435/3155 3195/76/3167 3192/436/3164 3190/437/3162 3186/438/3158
f 3196/38/3168 3194/39/3166 3195/73/3167 3183/116/3155
f 3201/1/3173 3202/1/3174 3198/1/3170 3206/1/3178
f 3187/349/3159 3188/380/3160 3189/351/3161 3191/377/3163 3193/353/3165 3194/354/3166 3196/378/3168 3182/346/3154 3184/379/3156 3185/348/3157
f 3202/1/3174 3203/1/3175 3199/1/3171 3198/1/3170
f 3204/1/3176 3207/1/3179 3199/1/3171 3203/1/3175
f 3214/1/3186 3215/1/3187 3219/1/3191 3218/1/3190
f 3211/1/3183 3213/1/3185 3210/1/3182
f 3221/1/3193 3218/1/3190 3226/1/3198 3225/1/3197
f 3219/1/3191 3215/1/3187 3217/1/3189
f 3218/1/3190 3221/1/3193 3216/1/3188
f 3222/1/3194 3217/1/3189 3220/1/3192
f 3218/1/3190 3219/1/3191 3227/1/3199 3226/1/3198
f 3219/1/3191 3222/1/3194 3228/1/3200 3227/1/3199
f 3230/1/3202 3215/1/3187 3237/1/3209 3233/1/3205
f 3228/1/3200 3222/1/3194 3223/1/3195
f 3230/1/3202 3233/1/3205 3229/1/3201
f 3235/1/3207 3239/1/3211 3238/1/3210 3234/1/3206
f 3234/1/3206 3215/1/3187 3230/1/3202
f 3237/1/3209 3216/1/3188 3232/1/3204
f 3237/1/3209 3214/1/3186 3216/1/3188
f 3236/1/3208 3216/1/3188 3242/1/3214 3241/1/3213
f 3238/1/3210 3239/1/3211 3220/1/3192 3217/1/3189
f 3240/1/3212 3245/1/3217 3244/1/3216 3239/1/3211
f 3242/1/3214 3243/1/3215 3241/1/3213
f 3220/1/3192 3244/1/3216 3247/1/3219 3223/1/3195
f 3246/1/3218 3242/1/3214 3221/1/3193
f 3198/1/3170 3199/1/3171 3230/1/3202 3229/1/3201
f 3245/1/3217 3247/1/3219 3244/1/3216
f 3246/1/3218 3224/1/3196 3243/1/3215
f 3246/1/3218 3225/1/3197 3224/1/3196
f 3200/1/3172 3231/1/3203 3230/1/3202 3199/1/3171
f 3197/1/3169 3229/1/3201 3233/1/3205 3249/1/3221
f 3209/1/3181 3241/1/3213 3251/1/3223 3210/1/3182
f 3235/1/3207 3234/1/3206 3231/1/3203
f 3249/1/3221 3232/1/3204 3236/1/3208
f 3250/1/3222 3239/1/3211 3235/1/3207
f 3240/1/3212 3239/1/3211 3250/1/3222
f 3251/1/3223 3253/1/3225 3211/1/3183 3210/1/3182
f 3243/1/3215 3224/1/3196 3253/1/3225 3251/1/3223
f 3245/1/3217 3252/1/3224 3254/1/3226 3248/1/3220
f 3207/1/3179 3208/1/3180 3235/1/3207 3231/1/3203
f 3205/1/3177 3206/1/3178 3197/1/3169
f 3207/1/3179 3231/1/3203 3200/1/3172
f 3236/1/3208 3256/1/3228 3205/1/3177 3249/1/3221
f 3201/1/3173 3267/1/3239 3268/1/3240 3202/1/3174
f 3250/1/3222 3235/1/3207 3255/1/3227
f 3212/1/3184 3256/1/3228 3236/1/3208
f 3212/1/3184 3241/1/3213 3209/1/3181
f 3257/1/3229 3240/1/3212 3250/1/3222
f 3259/1/3231 3257/1/3229 3258/1/3230
f 3259/1/3231 3252/1/3224 3240/1/3212
f 3260/1/3232 3254/1/3226 3252/1/3224
f 3264/1/3236 3266/1/3238 3265/1/3237
f 3270/1/3242 3272/1/3244 3203/1/3175 3269/1/3241
f 3272/1/3244 3273/1/3245 3208/1/3180 3207/1/3179
f 3206/1/3178 3267/1/3239 3201/1/3173
f 3272/1/3244 3207/1/3179 3204/1/3176
f 3268/1/3240 3275/1/3247 3276/1/3248 3269/1/3241
f 3275/1/3247 3268/1/3240 3267/1/3239
f 3276/1/3248 3278/1/3250 3270/1/3242 3269/1/3241
f 3278/1/3250 3281/1/3253 3273/1/3245 3272/1/3244
f 3280/1/3252 3267/1/3239 3271/1/3243
f 3278/1/3250 3272/1/3244 3270/1/3242
f 3281/1/3253 3282/1/3254 3274/1/3246 3273/1/3245
f 3275/1/3247 3285/1/3257 3286/1/3258 3276/1/3248
f 3267/1/3239 3288/1/3260 3285/1/3257 3275/1/3247
f 3277/1/3249 3276/1/3248 3286/1/3258
f 3285/1/3257 3288/1/3260 3284/1/3256
f 3287/1/3259 3288/1/3260 3280/1/3252 3290/1/3262
f 3289/1/3261 3278/1/3250 3277/1/3249
f 3279/1/3251 3278/1/3250 3289/1/3261
f 3296/1/3268 3298/1/3270 3289/1/3261 3295/1/3267
f 3280/1/3252 3288/1/3260 3267/1/3239
f 3291/1/3263 3281/1/3253 3279/1/3251
f 3282/1/3254 3281/1/3253 3291/1/3263
f 3290/1/3262 3283/1/3255 3261/1/3233
f 3294/1/3266 3285/1/3257 3284/1/3256
f 3286/1/3258 3285/1/3257 3294/1/3266
f 3297/1/3269 3288/1/3260 3287/1/3259
f 3304/1/3276 3300/1/3272 3291/1/3263 3298/1/3270
f 3261/1/3233 3263/1/3235 3299/1/3271 3290/1/3262
f 3299/1/3271 3263/1/3235 3262/1/3234
f 3305/1/3277 3306/1/3278 3293/1/3265 3300/1/3272
f 3300/1/3272 3292/1/3264 3291/1/3263
f 3293/1/3265 3292/1/3264 3300/1/3272
f 3302/1/3274 3286/1/3258 3294/1/3266
f 3297/1/3269 3301/1/3273 3284/1/3256
f 3304/1/3276 3298/1/3270 3296/1/3268
f 3303/1/3275 3299/1/3271 3262/1/3234
f 3305/1/3277 3300/1/3272 3304/1/3276
f 3294/1/3266 3307/1/3279 3308/1/3280 3302/1/3274
f 3307/1/3279 3294/1/3266 3301/1/3273
f 3302/1/3274 3308/1/3280 3309/1/3281 3295/1/3267
f 3309/1/3281 3310/1/3282 3296/1/3268 3295/1/3267
f 3311/1/3283 3312/1/3284 3297/1/3269 3303/1/3275
f 3296/1/3268 3310/1/3282 3313/1/3285 3304/1/3276
f 3262/1/3234 3264/1/3236 3311/1/3283 3303/1/3275
f 3304/1/3276 3313/1/3285 3314/1/3286 3305/1/3277
f 3315/1/3287 3316/1/3288 3307/1/3279 3301/1/3273
f 3265/1/3237 3317/1/3289 3311/1/3283 3264/1/3236
f 3312/1/3284 3311/1/3283 3317/1/3289
f 3319/1/3291 3320/1/3292 3314/1/3286 3313/1/3285
f 3322/1/3294 3323/1/3295 3309/1/3281 3308/1/3280
f 3321/1/3293 3306/1/3278 3314/1/3286
f 3322/1/3294 3308/1/3280 3316/1/3288
f 3309/1/3281 3323/1/3295 3324/1/3296 3310/1/3282
f 3325/1/3297 3326/1/3298 3312/1/3284 3317/1/3289
f 3315/1/3287 3326/1/3298 3327/1/3299 3316/1/3288
f 3312/1/3284 3326/1/3298 3315/1/3287
f 3319/1/3291 3318/1/3290 3329/1/3301 3320/1/3292
f 3318/1/3290 3310/1/3282 3324/1/3296
f 3317/1/3289 3328/1/3300 3325/1/3297
f 3261/1/3233 3338/1/3310 3341/1/3313 3263/1/3235
f 3332/1/3304 3331/1/3303 3212/1/3184
f 3333/1/3305 3332/1/3304 3209/1/3181
f 3334/1/3306 3333/1/3305 3210/1/3182
f 3335/1/3307 3332/1/3304 3333/1/3305
f 3336/1/3308 3335/1/3307 3333/1/3305
f 3337/1/3309 3336/1/3308 3334/1/3306
f 3331/1/3303 3338/1/3310 3261/1/3233
f 3336/1/3308 3338/1/3310 3335/1/3307
f 3340/1/3312 3339/1/3311 3337/1/3309
f 3351/1/3323 3348/1/3320 3354/1/3326 3353/1/3325
f 3342/1/3314 3341/1/3313 3338/1/3310
f 3343/1/3315 3342/1/3314 3336/1/3308
f 3339/1/3311 3344/1/3316 3343/1/3315
f 3263/1/3235 3345/1/3317 3262/1/3234
f 3342/1/3314 3346/1/3318 3341/1/3313
f 3347/1/3319 3346/1/3318 3342/1/3314
f 3343/1/3315 3348/1/3320 3347/1/3319
f 3344/1/3316 3349/1/3321 3348/1/3320
f 3350/1/3322 3345/1/3317 3346/1/3318
f 3345/1/3317 3350/1/3322 3266/1/3238
f 3346/1/3318 3351/1/3323 3350/1/3322
f 3348/1/3320 3351/1/3323 3347/1/3319
f 3266/1/3238 3352/1/3324 3265/1/3237
f 3351/1/3323 3353/1/3325 3350/1/3322
f 3212/1/3184 3331/1/3303 3356/1/3328 3256/1/3228
f 3355/1/3327 3354/1/3326 3348/1/3320
f 3356/1/3328 3271/1/3243 3205/1/3177
f 3255/1/3227 3208/1/3180 3274/1/3246
f 3258/1/3230 3358/1/3330 3359/1/3331 3259/1/3231
f 3357/1/3329 3257/1/3229 3255/1/3227
f 3258/1/3230 3257/1/3229 3357/1/3329
f 3372/1/3344 3373/1/3345 3327/1/3299 3326/1/3298
f 3260/1/3232 3259/1/3231 3359/1/3331
f 3283/1/3255 3331/1/3303 3261/1/3233
f 3283/1/3255 3356/1/3328 3331/1/3303
f 3360/1/3332 3357/1/3329 3274/1/3246
f 3258/1/3230 3357/1/3329 3360/1/3332
f 3292/1/3264 3360/1/3332 3282/1/3254
f 3361/1/3333 3358/1/3330 3360/1/3332
f 3362/1/3334 3359/1/3331 3358/1/3330
f 3363/1/3335 3361/1/3333 3293/1/3265
f 3364/1/3336 3362/1/3334 3361/1/3333
f 3306/1/3278 3363/1/3335 3293/1/3265
f 3365/1/3337 3364/1/3336 3363/1/3335
f 3366/1/3338 3365/1/3337 3306/1/3278
f 3367/1/3339 3366/1/3338 3306/1/3278
f 3367/1/3339 3321/1/3293 3330/1/3302
f 3368/1/3340 3367/1/3339 3369/1/3341
f 3316/1/3288 4314/1/4286 4313/1/4285
f 3316/1/3288 4313/1/4285 3322/1/3294
f 3371/1/3343 3323/1/3295 4315/1/4287
f 3323/1/3295 3322/1/3294 4315/1/4287
f 3327/1/3299 3373/1/3345 4314/1/4286 3316/1/3288
f 3371/1/3343 3374/1/3346 3324/1/3296 3323/1/3295
f 3374/1/3346 3371/1/3343 4316/1/4288
f 3324/1/3296 3374/1/3346 3375/1/3347 3318/1/3290
f 3370/1/3342 3377/1/3349 3328/1/3300 3265/1/3237
f 3329/1/3301 3318/1/3290 3375/1/3347
f 3376/1/3348 3320/1/3292 3329/1/3301
f 4317/1/4289 3373/1/3345 3372/1/3344 3378/1/3350
f 3328/1/3300 3377/1/3349 3325/1/3297
f 3330/1/3302 3320/1/3292 3376/1/3348
f 3379/1/3351 3380/1/3352 3372/1/3344 3325/1/3297
f 3374/1/3346 4318/1/4290 3375/1/3347
f 3381/1/3353 4317/1/4289 3378/1/3350 3380/1/3352
f 3372/1/3344 3380/1/3352 3378/1/3350
f 3384/1/3356 3382/1/3354 3375/1/3347 4318/1/4290
f 3380/1/3352 3383/1/3355 4319/1/4291 3381/1/3353
f 3385/1/3357 3386/1/3358 3380/1/3352 3379/1/3351
f 3386/1/3358 4321/1/4293 4319/1/4291 3383/1/3355
f 3380/1/3352 3386/1/3358 3383/1/3355
f 3387/1/3359 3388/1/3360 3384/1/3356 4320/1/4292
f 3382/1/3354 3388/1/3360 3389/1/3361 3376/1/3348
f 3392/1/3364 3350/1/3322 3353/1/3325 3394/1/3366
f 3386/1/3358 3390/1/3362 4321/1/4293
f 3391/1/3363 3388/1/3360 3387/1/3359
f 3352/1/3324 3350/1/3322 3392/1/3364
f 3352/1/3324 3392/1/3364 3370/1/3342
f 3404/1/3376 3400/1/3372 3402/1/3374 3405/1/3377
f 3353/1/3325 3354/1/3326 3394/1/3366
f 3392/1/3364 3395/1/3367 3393/1/3365
f 3354/1/3326 3396/1/3368 3394/1/3366
f 3397/1/3369 3396/1/3368 3354/1/3326
f 3355/1/3327 3401/1/3373 3397/1/3369
f 3395/1/3367 3398/1/3370 3393/1/3365
f 3395/1/3367 3399/1/3371 3398/1/3370
f 3400/1/3372 3399/1/3371 3396/1/3368
f 3397/1/3369 3401/1/3373 3396/1/3368
f 3401/1/3373 3402/1/3374 3400/1/3372
f 3399/1/3371 3403/1/3375 3398/1/3370
f 3400/1/3372 3404/1/3376 3403/1/3375
f 3409/1/3381 3414/1/3386 3415/1/3387 3410/1/3382
f 3369/1/3341 3330/1/3302 3406/1/3378
f 3377/1/3349 3370/1/3342 3393/1/3365
f 3369/1/3341 3406/1/3378 3408/1/3380
f 3407/1/3379 3369/1/3341 3409/1/3381
f 3408/1/3380 3376/1/3348 3389/1/3361
f 3412/1/3384 3385/1/3357 3393/1/3365
f 3409/1/3381 3408/1/3380 3413/1/3385
f 3415/1/3387 3416/1/3388 3411/1/3383 3410/1/3382
f 3418/1/3390 3419/1/3391 3386/1/3358 3385/1/3357
f 3388/1/3360 3391/1/3363 3420/1/3392 3389/1/3361
f 3386/1/3358 3419/1/3391 3390/1/3362
f 3390/1/3362 3419/1/3391 4322/1/4294
f 3426/1/3398 3428/1/3400 3422/1/3394 3391/1/3363
f 3421/1/3393 3419/1/3391 3418/1/3390
f 3413/1/3385 3389/1/3361 3420/1/3392
f 3422/1/3394 3423/1/3395 3420/1/3392
f 3414/1/3386 3413/1/3385 3423/1/3395
f 3431/1/3403 3416/1/3388 3415/1/3387
f 3419/1/3391 3425/1/3397 4322/1/4294
f 3421/1/3393 3418/1/3390 3427/1/3399
f 3427/1/3399 3418/1/3390 3412/1/3384 3429/1/3401
f 3430/1/3402 3431/1/3403 3415/1/3387 3414/1/3386
f 3427/1/3399 3434/1/3406 4324/1/4296 3421/1/3393
f 3433/1/3405 3428/1/3400 4323/1/4295
f 3433/1/3405 3435/1/3407 3422/1/3394 3428/1/3400
f 3435/1/3407 3433/1/3405 4325/1/4297
f 3434/1/3406 3427/1/3399 3429/1/3401 3437/1/3409
f 3435/1/3407 3438/1/3410 3423/1/3395 3422/1/3394
f 3436/1/3408 3424/1/3396 3403/1/3375 3440/1/3412
f 3430/1/3402 3423/1/3395 3438/1/3410
f 3440/1/3412 3404/1/3376 3405/1/3377 3442/1/3414
f 3431/1/3403 3430/1/3402 3439/1/3411
f 3441/1/3413 3443/1/3415 3432/1/3404 3431/1/3403
f 4326/1/4298 4324/1/4296 3434/1/3406 3444/1/3416
f 3445/1/3417 3435/1/3407 4325/1/4297 4327/1/4299
f 3444/1/3416 3434/1/3406 3437/1/3409 3447/1/3419
f 3445/1/3417 3448/1/3420 3438/1/3410 3435/1/3407
f 3437/1/3409 3436/1/3408 3446/1/3418 3447/1/3419
f 3449/1/3421 3436/1/3408 3440/1/3412 3451/1/3423
f 3439/1/3411 3452/1/3424 3454/1/3426 3441/1/3413
f 3450/1/3422 3439/1/3411 3438/1/3410
f 3440/1/3412 3453/1/3425 3451/1/3423
f 3453/1/3425 3440/1/3412 3442/1/3414 3455/1/3427
f 3441/1/3413 3454/1/3426 3456/1/3428 3443/1/3415
f 3459/1/3431 3445/1/3417 4327/1/4299 3458/1/3430
f 3457/1/3429 3459/1/3431 3458/1/3430
f 3475/1/3447 3476/1/3448 3447/1/3419 3446/1/3418
f 3460/1/3432 3450/1/3422 3448/1/3420
f 3455/1/3427 3461/1/3433 3453/1/3425
f 3462/1/3434 3456/1/3428 3454/1/3426
f 3466/1/3438 3464/1/3436 3463/1/3435
f 3465/1/3437 3464/1/3436 3466/1/3438
f 3471/1/3443 3473/1/3445 3469/1/3441
f 3473/1/3445 3474/1/3446 3470/1/3442
f 3458/1/3430 3483/1/3455 3457/1/3429
f 3444/1/3416 3476/1/3448 4328/1/4300
f 3449/1/3421 3451/1/3423 3479/1/3451 3478/1/3450
f 3447/1/3419 3476/1/3448 3444/1/3416
f 3479/1/3451 3451/1/3423 3453/1/3425 3469/1/3441
f 3486/1/3458 3452/1/3424 3460/1/3432
f 3452/1/3424 3486/1/3458 3480/1/3452 3454/1/3426
f 3454/1/3426 3480/1/3452 3481/1/3453 3462/1/3434
f 3488/1/3460 3482/1/3454 3487/1/3459 4329/1/4301
f 4328/1/4300 3482/1/3454 3488/1/3460
f 3484/1/3456 3457/1/3429 3483/1/3455
f 3476/1/3448 3482/1/3454 4328/1/4300
f 3486/1/3458 3460/1/3432 3477/1/3449
f 3461/1/3433 3468/1/3440 3469/1/3441
f 3487/1/3459 3491/1/3463 4331/1/4303 4329/1/4301
f 3489/1/3461 3483/1/3455 4330/1/4302
f 3484/1/3456 3483/1/3455 3489/1/3461
f 3490/1/3462 3459/1/3431 3484/1/3456
f 3491/1/3463 4332/1/4304 4331/1/4303
f 3492/1/3464 4330/1/4302 4333/1/4305
f 4333/1/4305 4334/1/4306 3492/1/3464
f 3492/1/3464 3489/1/3461 4330/1/4302
f 3477/1/3449 3490/1/3462 3494/1/3466
f 3480/1/3452 3486/1/3458 3495/1/3467
f 4335/1/4307 4332/1/4304 3491/1/3463 3496/1/3468 4334/1/4306
f 3497/1/3469 3492/1/3464 4334/1/4306 3496/1/3468
f 3498/1/3470 3500/1/3472 3489/1/3461 3497/1/3469
f 3499/1/3471 3493/1/3465 3476/1/3448 3475/1/3447
f 3502/1/3474 3503/1/3475 3481/1/3453 3480/1/3452
f 3501/1/3473 3477/1/3449 3494/1/3466
f 3486/1/3458 3477/1/3449 3501/1/3473
f 3495/1/3467 3486/1/3458 3501/1/3473
f 3463/1/3435 3464/1/3436 3496/1/3468 3491/1/3463
f 3491/1/3463 3487/1/3459 3504/1/3476
f 3465/1/3437 3497/1/3469 3496/1/3468 3464/1/3436
f 3472/1/3444 3478/1/3450 3479/1/3451 3470/1/3442
f 3493/1/3465 3504/1/3476 3487/1/3459
f 3494/1/3466 3490/1/3462 3506/1/3478
f 3494/1/3466 3509/1/3481 3511/1/3483 3501/1/3473
f 3507/1/3479 3491/1/3463 3504/1/3476
f 3508/1/3480 3497/1/3469 3465/1/3437
f 3498/1/3470 3497/1/3469 3508/1/3480
f 3509/1/3481 3494/1/3466 3506/1/3478
f 3485/1/3457 3478/1/3450 3472/1/3444 3510/1/3482
f 1/1/1 2/1/2 5/1/5 4/1/4
f 3512/1/3484 3504/1/3476 3493/1/3465 3514/1/3486
f 3507/1/3479 3467/1/3439 3463/1/3435
f 3498/1/3470 3513/1/3485 3515/1/3487 3500/1/3472
f 3516/1/3488 3517/1/3489 3495/1/3467 3501/1/3473
f 3516/1/3488 3501/1/3473 3511/1/3483
f 3520/1/3492 3522/1/3494 3523/1/3495 3519/1/3491
f 3502/1/3474 3495/1/3467 3517/1/3489
f 3520/1/3492 3466/1/3438 3467/1/3439
f 3519/1/3491 3466/1/3438 3520/1/3492
f 3520/1/3492 3467/1/3439 3521/1/3493
f 3527/1/3499 3526/1/3498 3525/1/3497 3528/1/3500
f 3474/1/3446 3524/1/3496 3472/1/3444
f 3474/1/3446 3526/1/3498 3524/1/3496
f 3525/1/3497 3526/1/3498 3474/1/3446
f 3465/1/3437 3519/1/3491 3530/1/3502 3508/1/3480
f 3525/1/3497 3529/1/3501 3528/1/3500
f 3541/1/3513 3510/1/3482 3472/1/3444 3524/1/3496
f 3513/1/3485 3508/1/3480 3530/1/3502
f 3514/1/3486 3499/1/3471 3531/1/3503
f 3505/1/3477 3531/1/3503 3499/1/3471
f 3532/1/3504 3506/1/3478 3515/1/3487
f 3533/1/3505 3507/1/3479 3512/1/3484
f 3507/1/3479 3533/1/3505 3467/1/3439
f 3510/1/3482 3535/1/3507 3505/1/3477
f 3518/1/3490 3502/1/3474 3536/1/3508
f 3537/1/3509 3530/1/3502 3519/1/3491
f 3532/1/3504 3515/1/3487 3539/1/3511
f 3510/1/3482 3541/1/3513 3535/1/3507
f 3511/1/3483 3509/1/3481 3540/1/3512
f 3540/1/3512 3542/1/3514 3516/1/3488 3511/1/3483
f 3543/1/3515 3544/1/3516 3533/1/3505 3512/1/3484
f 3467/1/3439 3533/1/3505 3544/1/3516 3521/1/3493
f 3543/1/3515 3512/1/3484 3514/1/3486 3545/1/3517
f 3545/1/3517 3514/1/3486 3538/1/3510
f 3549/1/3521 3550/1/3522 3540/1/3512 3532/1/3504
f 3546/1/3518 3517/1/3489 3542/1/3514
f 3547/1/3519 3518/1/3490 3536/1/3508
f 3537/1/3509 3519/1/3491 3523/1/3495
f 3548/1/3520 3534/1/3506 3537/1/3509
f 3539/1/3511 3534/1/3506 3548/1/3520
f 3521/1/3493 3551/1/3523 3552/1/3524 3522/1/3494
f 3544/1/3516 3551/1/3523 3521/1/3493
f 3523/1/3495 3522/1/3494 3552/1/3524 3553/1/3525
f 3538/1/3510 3554/1/3526 3555/1/3527 3545/1/3517
f 3535/1/3507 3554/1/3526 3538/1/3510
f 3535/1/3507 3541/1/3513 3556/1/3528 3554/1/3526
f 3541/1/3513 3524/1/3496 3558/1/3530 3556/1/3528
f 3536/1/3508 3559/1/3531 3560/1/3532 3547/1/3519
f 3542/1/3514 3540/1/3512 3557/1/3529
f 3559/1/3531 3536/1/3508 3546/1/3518
f 3548/1/3520 3553/1/3525 3562/1/3534 3563/1/3535
f 3569/1/3541 3571/1/3543 3572/1/3544 3570/1/3542
f 3551/1/3523 3543/1/3515 3565/1/3537
f 3566/1/3538 3553/1/3525 3552/1/3524
f 3562/1/3534 3553/1/3525 3566/1/3538
f 3567/1/3539 3557/1/3529 3550/1/3522
f 3526/1/3498 3527/1/3499 3558/1/3530
f 3568/1/3540 3260/1/3232 3359/1/3331
f 3569/1/3541 3359/1/3331 3362/1/3334
f 3570/1/3542 3568/1/3540 3569/1/3541
f 3571/1/3543 3569/1/3541 3362/1/3334
f 3211/1/3183 3580/1/3552 3582/1/3554 3213/1/3185
f 3573/1/3545 3364/1/3336 3365/1/3337
f 3571/1/3543 3364/1/3336 3573/1/3545
f 3574/1/3546 3573/1/3545 3365/1/3337
f 3572/1/3544 3571/1/3543 3575/1/3547
f 3368/1/3340 3574/1/3546 3366/1/3338
f 3576/1/3548 3575/1/3547 3573/1/3545
f 3576/1/3548 3574/1/3546 3578/1/3550
f 3578/1/3550 3368/1/3340 3407/1/3379
f 3578/1/3550 3407/1/3379 3410/1/3382
f 3579/1/3551 3578/1/3550 3411/1/3383
f 3228/1/3200 3587/1/3559 3586/1/3558 3227/1/3199
f 3585/1/3557 3225/1/3197 3226/1/3198
f 3586/1/3558 3593/1/3565 3592/1/3564 3588/1/3560
f 3584/1/3556 3587/1/3559 3228/1/3200
f 3588/1/3560 3226/1/3198 3586/1/3558
f 3590/1/3562 3585/1/3557 3588/1/3560
f 3589/1/3561 3591/1/3563 3587/1/3559
f 3247/1/3219 3595/1/3567 3584/1/3556 3223/1/3195
f 3591/1/3563 3593/1/3565 3586/1/3558
f 3595/1/3567 3599/1/3571 3589/1/3561 3584/1/3556
f 3595/1/3567 3247/1/3219 3248/1/3220
f 3596/1/3568 3224/1/3196 3594/1/3566
f 3585/1/3557 3598/1/3570 3594/1/3566
f 3601/1/3573 3591/1/3563 3589/1/3561 3602/1/3574
f 3599/1/3571 3595/1/3567 3597/1/3569
f 3600/1/3572 3596/1/3568 3598/1/3570
f 3599/1/3571 3597/1/3569 3603/1/3575 3602/1/3574
f 3590/1/3562 3592/1/3564 3605/1/3577 3604/1/3576
f 3590/1/3562 3604/1/3576 3598/1/3570
f 3606/1/3578 3593/1/3565 3591/1/3563 3601/1/3573
f 3592/1/3564 3593/1/3565 3606/1/3578 3605/1/3577
f 3601/1/3573 3602/1/3574 3608/1/3580 3607/1/3579
f 3605/1/3577 3610/1/3582 3609/1/3581 3604/1/3576
f 3605/1/3577 3606/1/3578 3611/1/3583 3610/1/3582
f 3253/1/3225 3224/1/3196 3596/1/3568 3580/1/3552
f 3611/1/3583 3606/1/3578 3607/1/3579
f 3600/1/3572 3604/1/3576 3619/1/3591 3618/1/3590
f 3597/1/3569 3248/1/3220 3613/1/3585
f 3596/1/3568 3614/1/3586 3580/1/3552
f 3581/1/3553 3580/1/3552 3614/1/3586
f 3615/1/3587 3603/1/3575 3597/1/3569
f 3600/1/3572 3616/1/3588 3614/1/3586
f 3600/1/3572 3618/1/3590 3616/1/3588
f 3620/1/3592 3607/1/3579 3608/1/3580 3621/1/3593
f 3608/1/3580 3602/1/3574 3617/1/3589
f 3609/1/3581 3610/1/3582 3622/1/3594 3619/1/3591
f 3624/1/3596 3625/1/3597 3603/1/3575 3615/1/3587
f 3612/1/3584 3620/1/3592 3611/1/3583
f 3612/1/3584 3607/1/3579 3620/1/3592
f 3613/1/3585 3254/1/3226 3623/1/3595
f 3618/1/3590 3619/1/3591 3627/1/3599 3583/1/3555
f 3626/1/3598 3625/1/3597 3624/1/3596
f 3583/1/3555 3581/1/3553 3616/1/3588
f 3617/1/3589 3603/1/3575 3625/1/3597
f 3618/1/3590 3583/1/3555 3616/1/3588
f 3628/1/3600 3621/1/3593 3617/1/3589 3629/1/3601
f 3630/1/3602 3620/1/3592 3621/1/3593 3628/1/3600
f 3611/1/3583 3632/1/3604 3631/1/3603 3610/1/3582
f 3611/1/3583 3620/1/3592 3633/1/3605 3632/1/3604
f 3632/1/3604 3636/1/3608 3635/1/3607 3631/1/3603
f 3622/1/3594 3634/1/3606 3627/1/3599
f 3631/1/3603 3634/1/3606 3622/1/3594
f 3633/1/3605 3630/1/3602 3632/1/3604
f 3633/1/3605 3620/1/3592 3630/1/3602
f 3632/1/3604 3630/1/3602 3637/1/3609 3636/1/3608
f 3337/1/3309 3213/1/3185 3638/1/3610 3642/1/3614
f 3582/1/3554 3639/1/3611 3638/1/3610
f 3581/1/3553 3640/1/3612 3639/1/3611
f 3583/1/3555 3641/1/3613 3640/1/3612
f 3642/1/3614 3638/1/3610 3639/1/3611 3643/1/3615
f 3648/1/3620 3643/1/3615 3645/1/3617 3649/1/3621
f 3639/1/3611 3644/1/3616 3643/1/3615
f 3644/1/3616 3645/1/3617 3643/1/3615
f 3646/1/3618 3645/1/3617 3641/1/3613
f 3647/1/3619 3344/1/3316 3340/1/3312
f 3648/1/3620 3647/1/3619 3642/1/3614
f 3655/1/3627 3649/1/3621 3650/1/3622 3656/1/3628
f 3650/1/3622 3649/1/3621 3645/1/3617
f 3652/1/3624 3651/1/3623 3648/1/3620
f 3653/1/3625 3349/1/3321 3647/1/3619
f 3654/1/3626 3653/1/3625 3651/1/3623
f 3652/1/3624 3655/1/3627 3654/1/3626
f 3667/1/3639 3668/1/3640 3626/1/3598 3663/1/3635
f 3653/1/3625 3658/1/3630 3657/1/3629
f 3654/1/3626 3659/1/3631 3658/1/3630
f 3660/1/3632 3659/1/3631 3655/1/3627
f 3656/1/3628 3660/1/3632 3655/1/3627
f 3657/1/3629 3355/1/3327 3349/1/3321
f 3658/1/3630 3661/1/3633 3657/1/3629
f 3659/1/3631 3661/1/3633 3658/1/3630
f 3663/1/3635 3624/1/3596 3623/1/3595
f 3626/1/3598 3624/1/3596 3663/1/3635
f 3665/1/3637 3641/1/3613 3583/1/3555
f 3629/1/3601 3625/1/3597 3664/1/3636
f 3663/1/3635 3623/1/3595 3667/1/3639
f 3656/1/3628 3685/1/3657 3686/1/3658 3662/1/3634
f 3664/1/3636 3626/1/3598 3668/1/3640
f 3666/1/3638 3664/1/3636 3669/1/3641
f 3668/1/3640 3667/1/3639 3671/1/3643
f 3669/1/3641 3668/1/3640 3672/1/3644
f 3672/1/3644 3671/1/3643 3674/1/3646
f 3673/1/3645 3672/1/3644 3675/1/3647
f 3676/1/3648 3674/1/3646 3677/1/3649
f 3679/1/3651 3678/1/3650 3681/1/3653
f 3646/1/3618 3683/1/3655 3650/1/3622
f 3684/1/3656 3656/1/3628 3650/1/3622
f 3627/1/3599 3634/1/3606 3688/1/3660 3687/1/3659
f 3627/1/3599 3687/1/3659 3665/1/3637
f 3666/1/3638 3690/1/3662 3689/1/3661 3628/1/3600
f 3634/1/3606 3635/1/3607 3691/1/3663 3688/1/3660
f 3636/1/3608 3637/1/3609 3694/1/3666 3693/1/3665
f 3636/1/3608 3691/1/3663 3635/1/3607
f 3637/1/3609 3630/1/3602 3689/1/3661
f 3690/1/3662 3637/1/3609 3689/1/3661
f 3692/1/3664 3688/1/3660 3691/1/3663
f 3695/1/3667 3690/1/3662 3666/1/3638 3696/1/3668
f 3687/1/3659 3688/1/3660 3698/1/3670 3697/1/3669
f 3687/1/3659 3697/1/3669 3670/1/3642
f 3699/1/3671 3637/1/3609 3690/1/3662 3695/1/3667
f 3691/1/3663 3693/1/3665 3701/1/3673 3700/1/3672
f 3701/1/3673 3693/1/3665 3694/1/3666 3699/1/3671
f 3705/1/3677 3695/1/3667 3696/1/3668 3706/1/3678
f 3694/1/3666 3637/1/3609 3699/1/3671
f 3704/1/3676 3646/1/3618 3670/1/3642
f 3696/1/3668 3669/1/3641 3673/1/3645
f 3692/1/3664 3700/1/3672 3708/1/3680 3698/1/3670
f 3707/1/3679 3697/1/3669 3698/1/3670
f 3705/1/3677 3706/1/3678 3714/1/3686 3713/1/3685
f 3702/1/3674 3695/1/3667 3705/1/3677
f 3703/1/3675 3699/1/3671 3709/1/3681
f 3704/1/3676 3683/1/3655 3646/1/3618
f 3697/1/3669 3683/1/3655 3704/1/3676
f 3706/1/3678 3673/1/3645 3711/1/3683
f 3702/1/3674 3713/1/3685 3709/1/3681
f 3712/1/3684 3698/1/3670 3708/1/3680 3715/1/3687
f 3708/1/3680 3700/1/3672 3716/1/3688 3715/1/3687
f 3709/1/3681 3713/1/3685 3718/1/3690 3717/1/3689
f 3703/1/3675 3717/1/3689 3710/1/3682
f 3724/1/3696 3720/1/3692 3712/1/3684 3726/1/3698
f 3711/1/3683 3676/1/3648 3719/1/3691
f 3711/1/3683 3675/1/3647 3676/1/3648
f 3720/1/3692 3684/1/3656 3683/1/3655
f 3719/1/3691 3706/1/3678 3711/1/3683
f 3712/1/3684 3720/1/3692 3707/1/3679
f 3714/1/3686 3706/1/3678 3719/1/3691
f 3717/1/3689 3722/1/3694 3710/1/3682
f 3718/1/3690 3713/1/3685 3721/1/3693
f 3726/1/3698 3712/1/3684 3715/1/3687 3727/1/3699
f 3714/1/3686 3725/1/3697 3721/1/3693
f 3714/1/3686 3719/1/3691 3725/1/3697
f 3715/1/3687 3716/1/3688 3728/1/3700 3727/1/3699
f 3716/1/3688 3722/1/3694 3729/1/3701 3728/1/3700
f 3722/1/3694 3717/1/3689 3730/1/3702 3729/1/3701
f 3730/1/3702 3717/1/3689 3718/1/3690 3731/1/3703
f 3685/1/3657 3684/1/3656 3724/1/3696 3733/1/3705
f 3679/1/3651 3732/1/3704 3723/1/3695
f 3679/1/3651 3723/1/3695 3677/1/3649
f 3735/1/3707 3727/1/3699 3728/1/3700 3736/1/3708
f 3732/1/3704 3725/1/3697 3723/1/3695
f 3721/1/3693 3734/1/3706 3737/1/3709 3731/1/3703
f 3729/1/3701 3736/1/3708 3728/1/3700
f 3808/1/3780 3733/1/3705 3726/1/3698 3741/1/3713
f 3679/1/3651 3681/1/3653 3682/1/3654
f 3679/1/3651 3682/1/3654 3732/1/3704
f 3733/1/3705 3738/1/3710 3685/1/3657
f 3808/1/3780 3738/1/3710 3733/1/3705
f 3739/1/3711 3743/1/3715 3734/1/3706 3740/1/3712
f 4343/1/4315 3729/1/3701 3730/1/3702 3742/1/3714
f 3735/1/3707 3741/1/3713 3726/1/3698
f 3735/1/3707 3736/1/3708 3741/1/3713
f 3401/1/3373 3355/1/3327 3744/1/3716 3747/1/3719
f 3737/1/3709 3743/1/3715 3742/1/3714
f 3737/1/3709 3742/1/3714 3730/1/3702
f 3657/1/3629 3744/1/3716 3355/1/3327
f 3746/1/3718 3745/1/3717 3659/1/3631
f 3686/1/3658 3746/1/3718 3662/1/3634
f 3744/1/3716 3661/1/3633 3748/1/3720 3747/1/3719
f 3746/1/3718 3686/1/3658 3751/1/3723 3750/1/3722
f 3745/1/3717 3748/1/3720 3661/1/3633
f 3745/1/3717 3750/1/3722 3749/1/3721
f 3746/1/3718 3750/1/3722 3745/1/3717
f 3402/1/3374 3752/1/3724 3755/1/3727 3405/1/3377
f 3752/1/3724 3402/1/3374 3747/1/3719
f 3748/1/3720 3749/1/3721 3752/1/3724
f 3751/1/3723 3753/1/3725 3750/1/3722
f 3753/1/3725 3754/1/3726 3749/1/3721
f 3760/1/3732 3764/1/3736 3765/1/3737 3761/1/3733
f 3754/1/3726 3755/1/3727 3752/1/3724
f 3757/1/3729 3681/1/3653 3680/1/3652
f 3762/1/3734 3757/1/3729 3756/1/3728
f 3759/1/3731 3763/1/3735 3682/1/3654
f 3760/1/3732 3411/1/3383 3417/1/3389
f 3765/1/3737 3766/1/3738 3762/1/3734 3761/1/3733
f 3767/1/3739 3769/1/3741 3780/1/3752 3779/1/3751
f 3768/1/3740 3759/1/3731 3762/1/3734
f 3751/1/3723 3769/1/3741 3767/1/3739
f 3765/1/3737 3764/1/3736 3773/1/3745
f 3778/1/3750 3768/1/3740 3766/1/3738
f 3772/1/3744 3778/1/3750 3774/1/3746
f 3769/1/3741 3770/1/3742 3775/1/3747
f 3772/1/3744 3776/1/3748 3771/1/3743
f 3777/1/3749 3765/1/3737 3773/1/3745
f 3777/1/3749 3766/1/3738 3765/1/3737
f 3405/1/3377 3755/1/3727 3782/1/3754 3442/1/3414
f 3776/1/3748 3781/1/3753 4339/1/4311
f 3432/1/3404 3443/1/3415 3783/1/3755 3773/1/3745
f 3783/1/3755 3784/1/3756 3777/1/3749 3773/1/3745
f 3755/1/3727 3754/1/3726 3785/1/3757 3782/1/3754
f 3754/1/3726 3779/1/3751 3787/1/3759 3785/1/3757
f 3779/1/3751 3780/1/3752 3788/1/3760 3787/1/3759
f 3778/1/3750 3786/1/3758 3789/1/3761 3774/1/3746
f 3780/1/3752 3775/1/3747 4338/1/4310 3788/1/3760
f 3774/1/3746 3789/1/3761 3790/1/3762 3781/1/3753
f 3781/1/3753 3790/1/3762 4339/1/4311
f 3442/1/3414 3782/1/3754 3791/1/3763 3455/1/3427
f 3456/1/3428 3792/1/3764 3783/1/3755 3443/1/3415
f 3792/1/3764 3795/1/3767 3784/1/3756 3783/1/3755
f 3793/1/3765 3791/1/3763 3782/1/3754
f 3795/1/3767 3794/1/3766 3784/1/3756
f 3782/1/3754 3785/1/3757 3796/1/3768 3793/1/3765
f 3797/1/3769 3785/1/3757 3787/1/3759 3798/1/3770
f 3785/1/3757 3797/1/3769 3796/1/3768
f 3786/1/3758 3784/1/3756 3794/1/3766
f 3787/1/3759 3788/1/3760 3800/1/3772 3798/1/3770
f 3788/1/3760 4338/1/4310 4341/1/4313 3800/1/3772
f 3790/1/3762 3789/1/3761 3801/1/3773 4340/1/4312
f 3786/1/3758 3799/1/3771 3801/1/3773 3789/1/3761
f 3805/1/3777 4340/1/4312 3801/1/3773 3806/1/3778
f 3791/1/3763 3461/1/3433 3455/1/3427
f 3792/1/3764 3456/1/3428 3462/1/3434
f 3797/1/3769 3803/1/3775 3796/1/3768
f 3798/1/3770 3803/1/3775 3797/1/3769
f 3799/1/3771 3794/1/3766 3802/1/3774
f 3800/1/3772 3804/1/3776 3798/1/3770
f 3742/1/3714 3743/1/3715 3813/1/3785 3812/1/3784
f 3804/1/3776 3800/1/3772 4341/1/4313
f 3805/1/3777 3806/1/3778 3807/1/3779
f 3738/1/3710 3758/1/3730 3686/1/3658
f 3808/1/3780 3758/1/3730 3738/1/3710
f 3808/1/3780 3810/1/3782 3809/1/3781
f 3741/1/3713 3810/1/3782 3808/1/3780
f 3741/1/3713 3811/1/3783 3810/1/3782
f 3741/1/3713 3736/1/3708 4342/1/4314 3811/1/3783
f 3813/1/3785 3743/1/3715 3739/1/3711
f 4344/1/4316 4342/1/4314 3736/1/3708
f 4345/1/4317 4347/1/4319 4343/1/4315 3742/1/3714 3812/1/3784
f 3739/1/3711 3740/1/3712 3817/1/3789 3816/1/3788
f 3814/1/3786 3751/1/3723 3758/1/3730
f 3814/1/3786 3809/1/3781 3815/1/3787
f 4348/1/4320 3818/1/3790 3809/1/3781 3810/1/3782
f 3817/1/3789 3740/1/3712 3682/1/3654
f 4350/1/4322 4349/1/4321 3813/1/3785 3816/1/3788
f 3811/1/3783 4348/1/4320 3810/1/3782
f 3812/1/3784 4349/1/4321 4346/1/4318
f 3816/1/3788 3817/1/3789 3772/1/3744 3771/1/3743
f 3769/1/3741 3815/1/3787 3770/1/3742
f 3819/1/3791 4350/1/4322 3820/1/3792 3771/1/3743
f 3772/1/3744 3817/1/3789 3763/1/3735
f 3815/1/3787 3809/1/3781 3818/1/3790
f 4337/1/4309 4351/1/4323 3822/1/3794 3776/1/3748
f 4350/1/4322 3816/1/3788 3820/1/3792
f 3822/1/3794 4351/1/4323 3819/1/3791 3771/1/3743
f 3791/1/3763 3793/1/3765 3830/1/3802 3823/1/3795
f 3823/1/3795 3826/1/3798 3825/1/3797
f 3825/1/3797 3473/1/3445 3471/1/3443
f 3824/1/3796 3828/1/3800 3826/1/3798
f 3792/1/3764 3462/1/3434 3829/1/3801
f 3829/1/3801 3831/1/3803 3795/1/3767 3792/1/3764
f 3830/1/3802 3793/1/3765 3796/1/3768 3832/1/3804
f 3798/1/3770 3835/1/3807 3834/1/3806 3803/1/3775
f 3802/1/3774 3795/1/3767 3831/1/3803
f 3804/1/3776 3835/1/3807 3798/1/3770
f 3837/1/3809 3839/1/3811 3807/1/3779 3806/1/3778
f 3804/1/3776 4341/1/4313 4352/1/4324 3836/1/3808 3835/1/3807
f 3823/1/3795 3468/1/3440 3461/1/3433
f 3833/1/3805 3802/1/3774 3831/1/3803
f 3841/1/3813 3836/1/3808 4353/1/4325
f 3807/1/3779 3839/1/3811 3838/1/3810
f 3841/1/3813 4354/1/4326 3843/1/3815 3840/1/3812
f 3836/1/3808 3840/1/3812 3835/1/3807
f 3841/1/3813 3840/1/3812 3836/1/3808
f 3853/1/3825 3855/1/3827 3839/1/3811 3837/1/3809
f 3838/1/3810 3842/1/3814 4355/1/4327
f 3845/1/3817 3831/1/3803 3829/1/3801
f 3803/1/3775 3846/1/3818 3832/1/3804
f 3848/1/3820 3837/1/3809 3833/1/3805
f 3840/1/3812 3847/1/3819 3835/1/3807
f 4354/1/4326 3849/1/3821 3843/1/3815
f 3849/1/3821 4354/1/4326 4356/1/4328
f 3851/1/3823 3829/1/3801 3844/1/3816
f 3852/1/3824 3831/1/3803 3845/1/3817
f 3852/1/3824 3833/1/3805 3831/1/3803
f 3848/1/3820 3833/1/3805 3852/1/3824
f 3840/1/3812 3854/1/3826 3847/1/3819
f 3839/1/3811 3855/1/3827 3842/1/3814
f 3840/1/3812 3843/1/3815 3856/1/3828 3854/1/3826
f 3842/1/3814 3855/1/3827 3858/1/3830 3850/1/3822
f 3849/1/3821 3856/1/3828 3843/1/3815
f 3849/1/3821 4356/1/4328 4359/1/4331
f 4357/1/4329 3850/1/3822 4358/1/4330
f 3850/1/3822 3857/1/3829 4358/1/4330
f 3849/1/3821 3857/1/3829 3861/1/3833 3860/1/3832
f 3827/1/3799 3824/1/3796 3830/1/3802
f 3832/1/3804 3827/1/3799 3830/1/3802
f 3846/1/3818 3827/1/3799 3832/1/3804
f 3849/1/3821 3860/1/3832 3856/1/3828
f 3856/1/3828 3860/1/3832 3866/1/3838 3865/1/3837
f 3846/1/3818 3862/1/3834 3827/1/3799
f 3848/1/3820 3852/1/3824 3863/1/3835
f 3847/1/3819 3864/1/3836 3859/1/3831
f 3854/1/3826 3864/1/3836 3847/1/3819
f 3845/1/3817 3868/1/3840 3869/1/3841 3852/1/3824
f 3844/1/3816 3503/1/3475 3518/1/3490
f 3868/1/3840 3845/1/3817 3851/1/3823
f 3853/1/3825 3848/1/3820 3863/1/3835 3870/1/3842
f 3863/1/3835 3852/1/3824 3869/1/3841
f 3870/1/3842 3871/1/3843 3855/1/3827 3853/1/3825
f 3861/1/3833 3874/1/3846 3873/1/3845 3860/1/3832
f 3858/1/3830 3855/1/3827 3871/1/3843
f 3861/1/3833 3850/1/3822 3875/1/3847 3874/1/3846
f 3873/1/3845 3874/1/3846 3877/1/3849 3876/1/3848
f 3875/1/3847 3850/1/3822 3867/1/3839
f 3873/1/3845 3876/1/3848 3866/1/3838
f 3884/1/3856 3859/1/3831 3864/1/3836 3886/1/3858
f 3875/1/3847 3867/1/3839 3872/1/3844
f 3825/1/3797 3878/1/3850 3473/1/3445
f 3827/1/3799 3879/1/3851 3828/1/3800
f 3826/1/3798 3880/1/3852 3878/1/3850
f 3879/1/3851 3880/1/3852 3828/1/3800
f 3881/1/3853 3529/1/3501 3878/1/3850
f 3858/1/3830 3882/1/3854 3872/1/3844
f 3883/1/3855 3851/1/3823 3518/1/3490
f 3859/1/3831 3884/1/3856 3862/1/3834
f 3886/1/3858 3864/1/3836 3854/1/3826 3887/1/3859
f 3887/1/3859 3854/1/3826 3865/1/3837 3888/1/3860
f 3865/1/3837 3866/1/3838 3889/1/3861 3888/1/3860
f 3869/1/3841 3890/1/3862 3892/1/3864 3863/1/3835
f 3897/1/3869 3888/1/3860 3889/1/3861 3898/1/3870
f 3884/1/3856 3891/1/3863 3862/1/3834
f 3893/1/3865 3871/1/3843 3870/1/3842
f 3882/1/3854 3894/1/3866 3872/1/3844
f 3883/1/3855 3518/1/3490 3547/1/3519
f 3890/1/3862 3868/1/3840 3895/1/3867
f 3560/1/3532 3901/1/3873 3883/1/3855 3547/1/3519
f 3891/1/3863 3899/1/3871 3879/1/3851
f 3900/1/3872 3882/1/3854 3893/1/3865
f 3902/1/3874 3891/1/3863 3884/1/3856 3904/1/3876
f 3895/1/3867 3883/1/3855 3901/1/3873
f 3891/1/3863 3902/1/3874 3899/1/3871
f 3903/1/3875 3892/1/3864 3890/1/3862
f 3905/1/3877 3904/1/3876 3886/1/3858 3887/1/3859
f 3885/1/3857 3903/1/3875 3896/1/3868
f 3903/1/3875 3885/1/3857 3892/1/3864
f 3886/1/3858 3904/1/3876 3884/1/3856
f 3910/1/3882 3887/1/3859 3897/1/3869 3913/1/3885
f 3898/1/3870 3906/1/3878 3897/1/3869
f 3900/1/3872 3908/1/3880 3894/1/3866
f 3911/1/3883 3908/1/3880 3900/1/3872 3912/1/3884
f 3906/1/3878 3913/1/3885 3897/1/3869
f 3906/1/3878 3907/1/3879 3918/1/3890 3917/1/3889
f 3899/1/3871 3914/1/3886 3881/1/3853
f 3902/1/3874 3914/1/3886 3899/1/3871
f 3903/1/3875 3916/1/3888 3896/1/3868
f 3906/1/3878 3917/1/3889 3913/1/3885
f 3907/1/3879 3908/1/3880 3919/1/3891 3918/1/3890
f 3898/1/3870 3889/1/3861 3876/1/3848 3922/1/3894
f 3919/1/3891 3908/1/3880 3911/1/3883
f 3875/1/3847 3920/1/3892 3877/1/3849
f 3876/1/3848 3889/1/3861 3866/1/3838
f 3877/1/3849 3921/1/3893 3876/1/3848
f 3920/1/3892 3921/1/3893 3877/1/3849
f 3920/1/3892 3872/1/3844 3894/1/3866
f 3907/1/3879 3906/1/3878 3922/1/3894 3924/1/3896
f 3923/1/3895 3920/1/3892 3894/1/3866
f 3922/1/3894 3906/1/3878 3898/1/3870
f 3907/1/3879 3924/1/3896 3923/1/3895 3908/1/3880
f 3921/1/3893 3924/1/3896 3922/1/3894
f 3260/1/3232 3568/1/3540 3925/1/3897 3623/1/3595
f 3923/1/3895 3924/1/3896 3921/1/3893
f 3930/1/3902 3678/1/3650 3674/1/3646 3928/1/3900
f 3925/1/3897 3568/1/3540 3570/1/3542
f 3926/1/3898 3925/1/3897 3570/1/3542
f 3667/1/3639 3925/1/3897 3926/1/3898
f 3926/1/3898 3570/1/3542 3927/1/3899
f 3928/1/3900 3674/1/3646 3926/1/3898
f 3575/1/3547 3927/1/3899 3572/1/3544
f 3929/1/3901 3928/1/3900 3927/1/3899
f 3674/1/3646 3678/1/3650 3677/1/3649
f 3551/1/3523 3932/1/3904 3933/1/3905 3552/1/3524
f 3929/1/3901 3575/1/3547 3577/1/3549
f 3579/1/3551 3929/1/3901 3577/1/3549
f 3931/1/3903 3930/1/3902 3929/1/3901
f 3680/1/3652 3678/1/3650 3930/1/3902
f 3756/1/3728 3680/1/3652 3931/1/3903
f 3760/1/3732 3931/1/3903 3579/1/3551
f 3761/1/3733 3756/1/3728 3931/1/3903
f 3565/1/3537 3561/1/3533 3934/1/3906 3932/1/3904
f 3563/1/3535 3935/1/3907 3937/1/3909 3567/1/3539
f 3935/1/3907 3563/1/3535 3562/1/3534
f 3555/1/3527 3554/1/3526 3936/1/3908
f 3559/1/3531 3939/1/3911 3940/1/3912 3560/1/3532
f 3556/1/3528 3558/1/3530 3945/1/3917 3943/1/3915
f 3562/1/3534 3566/1/3538 3941/1/3913
f 3555/1/3527 3942/1/3914 3561/1/3533
f 3556/1/3528 3943/1/3915 3936/1/3908
f 3947/1/3919 3528/1/3500 3529/1/3501 3948/1/3920
f 3938/1/3910 3945/1/3917 3558/1/3530
f 3546/1/3518 3564/1/3536 3946/1/3918
f 3528/1/3500 3947/1/3919 3938/1/3910
f 3939/1/3911 3546/1/3518 3946/1/3918
f 3950/1/3922 3951/1/3923 3934/1/3906 3561/1/3533
f 3933/1/3905 3932/1/3904 3949/1/3921
f 3949/1/3921 3932/1/3904 3934/1/3906 3951/1/3923
f 3949/1/3921 3951/1/3923 3952/1/3924 3933/1/3905
f 3941/1/3913 3933/1/3905 3952/1/3924 3953/1/3925
f 3935/1/3907 3953/1/3925 3954/1/3926 3955/1/3927
f 3950/1/3922 3958/1/3930 3959/1/3931 3951/1/3923
f 3944/1/3916 3937/1/3909 3955/1/3927
f 3946/1/3918 3557/1/3529 3944/1/3916
f 3942/1/3914 3958/1/3930 3950/1/3922
f 3958/1/3930 3942/1/3914 3936/1/3908 3960/1/3932
f 3963/1/3935 3964/1/3936 3939/1/3911 3946/1/3918
f 3962/1/3934 3946/1/3918 3944/1/3916
f 3971/1/3943 3972/1/3944 3959/1/3931 3958/1/3930
f 3956/1/3928 3939/1/3911 3964/1/3936
f 3957/1/3929 3951/1/3923 3965/1/3937
f 3966/1/3938 3953/1/3925 3957/1/3929
f 3954/1/3926 3953/1/3925 3966/1/3938
f 3960/1/3932 3943/1/3915 3967/1/3939
f 3968/1/3940 3960/1/3932 3967/1/3939
f 3963/1/3935 3962/1/3934 3969/1/3941
f 3970/1/3942 3956/1/3928 3964/1/3936
f 3965/1/3937 3972/1/3944 3973/1/3945 3957/1/3929
f 3959/1/3931 3972/1/3944 3965/1/3937
f 3966/1/3938 3957/1/3929 3973/1/3945 3974/1/3946
f 3954/1/3926 3974/1/3946 3975/1/3947 3955/1/3927
f 3975/1/3947 3976/1/3948 3961/1/3933 3955/1/3927
f 3963/1/3935 3978/1/3950 3979/1/3951 3964/1/3936
f 3976/1/3948 3962/1/3934 3961/1/3933
f 3969/1/3941 3962/1/3934 3976/1/3948
f 3938/1/3910 3977/1/3949 3967/1/3939
f 3977/1/3949 3968/1/3940 3967/1/3939
f 3978/1/3950 3963/1/3935 3969/1/3941
f 3988/1/3960 3989/1/3961 3973/1/3945 3972/1/3944
f 3948/1/3920 3980/1/3952 3947/1/3919
f 3981/1/3953 3974/1/3946 3973/1/3945
f 3975/1/3947 3974/1/3946 3981/1/3953
f 3960/1/3932 3982/1/3954 3971/1/3943
f 3983/1/3955 3976/1/3948 3975/1/3947
f 3984/1/3956 3969/1/3941 3976/1/3948
f 3978/1/3950 3969/1/3941 3984/1/3956
f 3947/1/3919 3986/1/3958 3977/1/3949
f 3979/1/3951 3978/1/3950 3985/1/3957
f 3987/1/3959 3970/1/3942 3979/1/3951
f 3991/1/3963 3992/1/3964 3971/1/3943 3982/1/3954
f 3981/1/3953 3973/1/3945 3989/1/3961
f 3988/1/3960 3972/1/3944 3971/1/3943 3992/1/3964
f 3991/1/3963 3982/1/3954 3968/1/3940 3994/1/3966
f 3983/1/3955 3975/1/3947 3990/1/3962
f 3997/1/3969 3998/1/3970 3981/1/3953 3989/1/3961
f 3995/1/3967 3978/1/3950 3984/1/3956
f 3985/1/3957 3978/1/3950 3995/1/3967
f 3996/1/3968 3979/1/3951 3985/1/3957
f 3997/1/3969 3989/1/3961 3988/1/3960 3999/1/3971
f 3990/1/3962 3981/1/3953 3998/1/3970
f 3977/1/3949 3986/1/3958 4002/1/3974 4001/1/3973
f 3993/1/3965 3983/1/3955 4000/1/3972
f 3977/1/3949 4001/1/3973 3994/1/3966
f 4002/1/3974 3986/1/3958 3980/1/3952 4003/1/3975
f 4006/1/3978 4007/1/3979 3999/1/3971 3992/1/3964
f 3998/1/3970 3997/1/3969 4004/1/3976
f 4004/1/3976 3997/1/3969 3999/1/3971 4007/1/3979
f 4006/1/3978 3992/1/3964 3991/1/3963 4008/1/3980
f 4008/1/3980 3991/1/3963 3994/1/3966 4001/1/3973
f 4011/1/3983 4013/1/3985 4000/1/3972 4005/1/3977
f 3995/1/3967 3984/1/3956 4009/1/3981
f 4005/1/3977 3998/1/3970 4010/1/3982
f 4007/1/3979 4006/1/3978 4012/1/3984
f 4012/1/3984 4006/1/3978 4008/1/3980 4014/1/3986
f 3993/1/3965 4013/1/3985 4015/1/3987 3984/1/3956
f 4014/1/3986 4008/1/3980 4001/1/3973 4016/1/3988
f 4009/1/3981 3984/1/3956 4015/1/3987
f 4002/1/3974 4018/1/3990 4016/1/3988 4001/1/3973
f 4017/1/3989 3985/1/3957 4009/1/3981
f 4017/1/3989 4019/1/3991 3996/1/3968 3985/1/3957
f 4018/1/3990 4002/1/3974 4003/1/3975 4020/1/3992
f 4019/1/3991 4021/1/3993 3987/1/3959 3996/1/3968
f 4014/1/3986 4016/1/3988 4027/1/3999 4024/1/3996
f 4022/1/3994 4023/1/3995 4004/1/3976
f 4025/1/3997 4009/1/3981 4015/1/3987
f 4016/1/3988 4018/1/3990 4028/1/4000 4026/1/3998
f 4010/1/3982 4029/1/4001 4030/1/4002 4005/1/3977
f 4029/1/4001 4010/1/3982 4023/1/3995
f 4005/1/3977 4030/1/4002 4031/1/4003 4011/1/3983
f 4011/1/3983 4031/1/4003 4033/1/4005 4013/1/3985
f 4022/1/3994 4012/1/3984 4032/1/4004
f 4017/1/3989 4034/1/4006 4035/1/4007 4019/1/3991
f 4024/1/3996 4032/1/4004 4012/1/3984
f 4034/1/4006 4017/1/3989 4025/1/3997
f 4037/1/4009 4023/1/3995 4022/1/3994 4038/1/4010
f 4021/1/3993 4019/1/3991 4035/1/4007
f 4029/1/4001 4023/1/3995 4037/1/4009
f 4038/1/4010 4022/1/3994 4032/1/4004
f 4024/1/3996 4027/1/3999 4041/1/4013 4039/1/4011
f 4040/1/4012 4015/1/3987 4033/1/4005
f 4025/1/3997 4015/1/3987 4040/1/4012
f 4047/1/4019 4048/1/4020 4030/1/4002 4029/1/4001
f 4043/1/4015 4042/1/4014 4028/1/4000
f 4034/1/4006 4025/1/3997 4044/1/4016
f 4048/1/4020 4049/1/4021 4031/1/4003 4030/1/4002
f 4032/1/4004 4050/1/4022 4051/1/4023 4038/1/4010
f 4049/1/4021 4052/1/4024 4033/1/4005 4031/1/4003
f 4038/1/4010 4051/1/4023 4037/1/4009
f 4055/1/4027 4056/1/4028 4047/1/4019 4037/1/4009
f 4040/1/4012 4033/1/4005 4052/1/4024
f 4046/1/4018 4034/1/4006 4053/1/4025
f 4054/1/4026 4036/1/4008 4046/1/4018
f 4049/1/4021 4048/1/4020 4057/1/4029 4052/1/4024
f 4048/1/4020 4047/1/4019 4056/1/4028
f 4058/1/4030 4039/1/4011 4041/1/4013 4059/1/4031
f 4039/1/4011 4058/1/4030 4050/1/4022
f 4042/1/4014 4043/1/4015 4061/1/4033 4060/1/4032
f 4042/1/4014 4060/1/4032 4045/1/4017
f 4060/1/4032 4059/1/4031 4045/1/4017
f 4064/1/4036 4065/1/4037 4040/1/4012 4052/1/4024
f 4062/1/4034 4048/1/4020 4056/1/4028
f 4063/1/4035 4051/1/4023 4050/1/4022
f 4051/1/4023 4063/1/4035 4055/1/4027
f 4057/1/4029 4048/1/4020 4062/1/4034
f 4064/1/4036 4052/1/4024 4057/1/4029
f 4044/1/4016 4065/1/4037 4066/1/4038 4053/1/4025
f 4075/1/4047 4068/1/4040 4054/1/4026 4046/1/4018
f 4063/1/4035 4050/1/4022 4067/1/4039
f 4058/1/4030 4059/1/4031 4074/1/4046 4073/1/4045
f 4063/1/4035 4070/1/4042 4055/1/4027
f 4071/1/4043 4069/1/4041 4055/1/4027
f 4072/1/4044 4064/1/4036 4057/1/4029
f 4058/1/4030 4073/1/4045 4067/1/4039
f 4065/1/4037 4064/1/4036 4072/1/4044
f 4076/1/4048 4069/1/4041 4077/1/4049 4078/1/4050
f 4075/1/4047 4053/1/4025 4066/1/4038
f 4060/1/4032 4074/1/4046 4059/1/4031
f 4071/1/4043 4077/1/4049 4069/1/4041
f 4076/1/4048 4078/1/4050 4057/1/4029 4062/1/4034
f 4060/1/4032 4061/1/4033 4080/1/4052 4079/1/4051
f 4060/1/4032 4079/1/4051 4074/1/4046
f 4072/1/4044 4078/1/4050 4083/1/4055 4084/1/4056
f 4068/1/4040 4075/1/4047 4086/1/4058
f 4081/1/4053 4077/1/4049 4070/1/4042
f 4078/1/4050 4077/1/4049 4081/1/4053
f 4067/1/4039 4082/1/4054 4070/1/4042
f 4065/1/4037 4084/1/4056 4085/1/4057 4066/1/4038
f 4085/1/4057 4086/1/4058 4075/1/4047 4066/1/4038
f 4073/1/4045 4089/1/4061 4090/1/4062 4082/1/4054
f 4088/1/4060 4078/1/4050 4081/1/4053
f 4083/1/4055 4078/1/4050 4088/1/4060
f 4074/1/4046 4089/1/4061 4073/1/4045
f 4087/1/4059 4093/1/4065 4094/1/4066 4092/1/4064
f 4079/1/4051 4089/1/4061 4074/1/4046
f 4082/1/4054 4093/1/4065 4087/1/4059
f 4088/1/4060 4092/1/4064 4094/1/4066 4095/1/4067
f 4084/1/4056 4095/1/4067 4096/1/4068 4097/1/4069
f 4085/1/4057 4097/1/4069 4098/1/4070 4086/1/4058
f 4089/1/4061 4101/1/4073 4102/1/4074 4090/1/4062
f 4091/1/4063 4086/1/4058 4098/1/4070
f 4094/1/4066 4093/1/4065 4099/1/4071
f 4100/1/4072 4095/1/4067 4094/1/4066
f 4096/1/4068 4095/1/4067 4100/1/4072
f 4079/1/4051 4101/1/4073 4089/1/4061
f 4101/1/4073 4079/1/4051 4080/1/4052 4103/1/4075
f 4099/1/4071 4105/1/4077 4106/1/4078 4104/1/4076
f 4090/1/4062 4105/1/4077 4099/1/4071
f 4100/1/4072 4104/1/4076 4106/1/4078 4107/1/4079
f 4097/1/4069 4107/1/4079 4108/1/4080 4098/1/4070
f 4101/1/4073 4103/1/4075 4109/1/4081 4102/1/4074
f 4098/1/4070 4108/1/4080 4110/1/4082 4111/1/4083
f 4112/1/4084 4113/1/4085 4106/1/4078 4105/1/4077
f 4106/1/4078 4113/1/4085 4114/1/4086 4107/1/4079
f 4112/1/4084 4105/1/4077 4102/1/4074 4115/1/4087
f 4112/1/4084 4115/1/4087 4116/1/4088 4113/1/4085
f 4114/1/4086 4113/1/4085 4116/1/4088 4117/1/4089
f 4114/1/4086 4117/1/4089 4108/1/4080 4107/1/4079
f 4118/1/4090 4119/1/4091 4116/1/4088 4115/1/4087
f 4110/1/4082 4108/1/4080 4117/1/4089
f 4116/1/4088 4119/1/4091 4120/1/4092 4117/1/4089
f 4118/1/4090 4115/1/4087 4109/1/4081 4121/1/4093
f 4118/1/4090 4121/1/4093 4122/1/4094 4119/1/4091
f 4120/1/4092 4119/1/4091 4122/1/4094 4123/1/4095
f 4120/1/4092 4123/1/4095 4110/1/4082 4117/1/4089
f 3940/1/3912 4124/1/4096 3901/1/3873 3560/1/3532
f 4126/1/4098 4125/1/4097 3913/1/3885 3917/1/3889
f 3910/1/3882 4125/1/4097 3905/1/3877
f 3913/1/3885 4125/1/4097 3910/1/3882
f 3529/1/3501 3881/1/3853 4129/1/4101 4128/1/4100
f 4128/1/4100 3948/1/3920 3529/1/3501
f 3895/1/3867 4130/1/4102 4132/1/4104 3909/1/3881
f 3914/1/3886 4129/1/4101 3881/1/3853
f 4130/1/4102 3895/1/3867 4124/1/4096
f 4131/1/4103 3914/1/3886 3902/1/3874 4133/1/4105
f 4140/1/4112 4125/1/4097 4126/1/4098 4141/1/4113
f 4132/1/4104 3903/1/3875 3909/1/3881
f 3905/1/3877 4134/1/4106 4133/1/4105
f 4135/1/4107 3916/1/3888 3915/1/3887
f 4125/1/4097 4134/1/4106 3905/1/3877
f 4131/1/4103 4138/1/4110 3914/1/3886
f 4139/1/4111 4143/1/4115 4127/1/4099 4135/1/4107
f 4142/1/4114 4141/1/4113 4136/1/4108 4144/1/4116
f 4127/1/4099 4143/1/4115 3911/1/3883
f 4136/1/4108 4141/1/4113 4126/1/4098
f 4142/1/4114 4144/1/4116 4145/1/4117 4143/1/4115
f 3918/1/3890 4144/1/4116 4136/1/4108
f 3918/1/3890 3919/1/3891 4145/1/4117 4144/1/4116
f 3911/1/3883 4143/1/4115 4145/1/4117 3919/1/3891
f 4124/1/4096 4146/1/4118 4147/1/4119 4130/1/4102
f 4146/1/4118 4124/1/4096 4137/1/4109
f 4130/1/4102 4147/1/4119 4148/1/4120 4132/1/4104
f 4132/1/4104 4148/1/4120 4150/1/4122 3915/1/3887
f 4133/1/4105 4149/1/4121 4154/1/4126
f 4133/1/4105 4134/1/4106 4151/1/4123 4149/1/4121
f 4152/1/4124 4151/1/4123 4140/1/4112 4141/1/4113
f 4140/1/4112 4151/1/4123 4134/1/4106
f 3970/1/3942 4153/1/4125 4137/1/4109 3956/1/3928
f 4158/1/4130 4141/1/4113 4142/1/4114 4159/1/4131
f 4146/1/4118 4137/1/4109 4153/1/4125
f 4156/1/4128 4148/1/4120 4147/1/4119
f 4154/1/4126 4149/1/4121 4155/1/4127
f 4150/1/4122 4148/1/4120 4156/1/4128
f 4157/1/4129 4135/1/4107 4150/1/4122
f 4142/1/4114 4143/1/4115 4160/1/4132 4159/1/4131
f 3980/1/3952 3948/1/3920 4128/1/4100 4161/1/4133
f 4160/1/4132 4143/1/4115 4139/1/4111
f 4162/1/4134 4173/1/4145 4147/1/4119 4146/1/4118
f 4129/1/4101 4161/1/4133 4128/1/4100
f 4173/1/4145 4164/1/4136 4156/1/4128 4147/1/4119
f 4154/1/4126 4163/1/4135 4138/1/4110
f 4154/1/4126 4155/1/4127 4163/1/4135
f 4166/1/4138 4151/1/4123 4152/1/4124 4167/1/4139
f 4139/1/4111 4157/1/4129 4170/1/4142 4169/1/4141
f 4150/1/4122 4165/1/4137 4170/1/4142 4157/1/4129
f 4168/1/4140 4167/1/4139 4158/1/4130 4159/1/4131
f 4158/1/4130 4167/1/4139 4152/1/4124
f 4168/1/4140 4159/1/4131 4160/1/4132 4169/1/4141
f 3970/1/3942 3987/1/3959 4171/1/4143 4153/1/4125
f 4176/1/4148 4167/1/4139 4168/1/4140 4177/1/4149
f 4162/1/4134 4153/1/4125 4171/1/4143
f 4163/1/4135 4172/1/4144 4129/1/4101
f 4166/1/4138 4174/1/4146 4149/1/4121
f 4167/1/4139 4176/1/4148 4166/1/4138
f 4168/1/4140 4169/1/4141 4178/1/4150 4177/1/4149
f 4178/1/4150 4169/1/4141 4170/1/4142 4179/1/4151
f 4175/1/4147 4179/1/4151 4170/1/4142 4165/1/4137
f 4180/1/4152 4182/1/4154 4173/1/4145 4162/1/4134
f 4173/1/4145 4182/1/4154 4181/1/4153
f 4185/1/4157 4184/1/4156 4176/1/4148 4186/1/4158
f 4164/1/4136 4173/1/4145 4181/1/4153
f 4174/1/4146 4183/1/4155 4155/1/4127
f 4174/1/4146 4184/1/4156 4183/1/4155
f 4166/1/4138 4184/1/4156 4174/1/4146
f 4176/1/4148 4184/1/4156 4166/1/4138
f 4186/1/4158 4177/1/4149 4178/1/4150 4187/1/4159
f 4177/1/4149 4186/1/4158 4176/1/4148
f 3980/1/3952 4161/1/4133 4188/1/4160 4003/1/3975
f 4161/1/4133 4172/1/4144 4189/1/4161 4188/1/4160
f 4189/1/4161 4172/1/4144 4163/1/4135 4190/1/4162
f 4192/1/4164 4175/1/4147 4165/1/4137 4193/1/4165
f 4183/1/4155 4190/1/4162 4163/1/4135
f 4191/1/4163 4193/1/4165 4165/1/4137 4164/1/4136
f 4194/1/4166 4187/1/4159 4179/1/4151 4195/1/4167
f 4187/1/4159 4194/1/4166 4186/1/4158
f 4175/1/4147 4192/1/4164 4195/1/4167 4179/1/4151
f 4181/1/4153 4182/1/4154 4198/1/4170 4191/1/4163
f 4180/1/4152 4171/1/4143 4196/1/4168
f 4183/1/4155 4184/1/4156 4199/1/4171 4197/1/4169
f 4199/1/4171 4184/1/4156 4185/1/4157 4200/1/4172
f 4185/1/4157 4186/1/4158 4201/1/4173 4200/1/4172
f 4003/1/3975 4188/1/4160 4202/1/4174 4020/1/3992
f 4188/1/4160 4189/1/4161 4203/1/4175 4202/1/4174
f 4196/1/4168 3987/1/3959 4021/1/3993
f 4190/1/4162 4197/1/4169 4206/1/4178 4205/1/4177
f 4204/1/4176 4180/1/4152 4196/1/4168
f 4205/1/4177 4203/1/4175 4190/1/4162
f 4197/1/4169 4199/1/4171 4208/1/4180 4206/1/4178
f 4201/1/4173 4194/1/4166 4211/1/4183 4210/1/4182
f 4193/1/4165 4191/1/4163 4207/1/4179
f 4209/1/4181 4193/1/4165 4207/1/4179
f 4201/1/4173 4210/1/4182 4200/1/4172
f 4212/1/4184 4203/1/4175 4205/1/4177 4213/1/4185
f 4195/1/4167 4211/1/4183 4194/1/4166
f 4192/1/4164 4193/1/4165 4209/1/4181
f 4203/1/4175 4212/1/4184 4202/1/4174
f 4213/1/4185 4205/1/4177 4206/1/4178 4215/1/4187
f 4195/1/4167 4192/1/4164 4221/1/4193 4220/1/4192
f 4198/1/4170 4182/1/4154 4214/1/4186
f 4200/1/4172 4216/1/4188 4208/1/4180
f 4208/1/4180 4218/1/4190 4215/1/4187
f 4219/1/4191 4221/1/4193 4192/1/4164 4209/1/4181
f 4021/1/3993 4036/1/4008 4222/1/4194 4196/1/4168
f 4196/1/4168 4222/1/4194 4223/1/4195 4204/1/4176
f 4207/1/4179 4198/1/4170 4225/1/4197 4224/1/4196
f 4214/1/4186 4204/1/4176 4223/1/4195
f 4228/1/4200 4212/1/4184 4213/1/4185 4229/1/4201
f 4216/1/4188 4226/1/4198 4218/1/4190
f 4219/1/4191 4207/1/4179 4224/1/4196
f 4217/1/4189 4043/1/4015 4028/1/4000
f 4212/1/4184 4227/1/4199 4217/1/4189
f 4212/1/4184 4228/1/4200 4227/1/4199
f 4229/1/4201 4213/1/4185 4215/1/4187 4230/1/4202
f 4231/1/4203 4210/1/4182 4211/1/4183 4232/1/4204
f 4218/1/4190 4226/1/4198 4236/1/4208 4235/1/4207
f 4233/1/4205 4214/1/4186 4223/1/4195
f 4217/1/4189 4234/1/4206 4043/1/4015
f 4227/1/4199 4234/1/4206 4217/1/4189
f 4226/1/4198 4231/1/4203 4238/1/4210 4236/1/4208
f 4237/1/4209 4219/1/4191 4224/1/4196
f 4238/1/4210 4231/1/4203 4232/1/4204 4239/1/4211
f 4239/1/4211 4232/1/4204 4220/1/4192 4240/1/4212
f 4240/1/4212 4220/1/4192 4221/1/4193 4248/1/4220
f 4219/1/4191 4237/1/4209 4248/1/4220 4221/1/4193
f 4054/1/4026 4241/1/4213 4222/1/4194 4036/1/4008
f 4241/1/4213 4242/1/4214 4223/1/4195 4222/1/4194
f 4243/1/4215 4224/1/4196 4225/1/4197 4244/1/4216
f 4229/1/4201 4230/1/4202 4247/1/4219 4246/1/4218
f 4244/1/4216 4225/1/4197 4233/1/4205
f 4237/1/4209 4224/1/4196 4243/1/4215
f 4234/1/4206 4061/1/4033 4043/1/4015
f 4227/1/4199 4245/1/4217 4234/1/4206
f 4228/1/4200 4245/1/4217 4227/1/4199
f 4228/1/4200 4246/1/4218 4245/1/4217
f 4229/1/4201 4246/1/4218 4228/1/4200
f 4249/1/4221 4251/1/4223 4244/1/4216 4250/1/4222
f 4235/1/4207 4247/1/4219 4230/1/4202
f 4235/1/4207 4236/1/4208 4253/1/4225 4252/1/4224
f 4244/1/4216 4251/1/4223 4243/1/4215
f 4239/1/4211 4240/1/4212 4255/1/4227 4254/1/4226
f 4238/1/4210 4253/1/4225 4236/1/4208
f 4239/1/4211 4254/1/4226 4238/1/4210
f 4248/1/4220 4237/1/4209 4258/1/4230 4257/1/4229
f 4255/1/4227 4240/1/4212 4248/1/4220
f 4241/1/4213 4054/1/4026 4068/1/4040
f 4245/1/4217 4256/1/4228 4234/1/4206
f 4260/1/4232 4246/1/4218 4247/1/4219 4261/1/4233
f 4246/1/4218 4260/1/4232 4245/1/4217
f 4247/1/4219 4252/1/4224 4262/1/4234 4261/1/4233
f 4262/1/4234 4252/1/4224 4253/1/4225 4263/1/4235
f 4254/1/4226 4255/1/4227 4265/1/4237 4264/1/4236
f 4259/1/4231 4263/1/4235 4253/1/4225
f 4254/1/4226 4264/1/4236 4259/1/4231
f 4061/1/4033 4256/1/4228 4266/1/4238 4080/1/4052
f 4265/1/4237 4255/1/4227 4257/1/4229
f 4266/1/4238 4256/1/4228 4245/1/4217 4267/1/4239
f 4241/1/4213 4271/1/4243 4272/1/4244 4242/1/4214
f 4269/1/4241 4264/1/4236 4265/1/4237 4270/1/4242
f 4260/1/4232 4267/1/4239 4245/1/4217
f 4262/1/4234 4268/1/4240 4261/1/4233
f 4263/1/4235 4268/1/4240 4262/1/4234
f 4264/1/4236 4269/1/4241 4263/1/4235
f 4258/1/4230 4270/1/4242 4257/1/4229
f 4250/1/4222 4272/1/4244 4273/1/4245 4249/1/4221
f 4273/1/4245 4275/1/4247 4251/1/4223 4249/1/4221
f 4274/1/4246 4270/1/4242 4258/1/4230 4275/1/4247
f 4269/1/4241 4276/1/4248 4263/1/4235
f 4068/1/4040 4091/1/4063 4277/1/4249 4271/1/4243
f 4279/1/4251 4278/1/4250 4261/1/4233 4268/1/4240
f 4260/1/4232 4278/1/4250 4267/1/4239
f 4261/1/4233 4278/1/4250 4260/1/4232
f 4269/1/4241 4270/1/4242 4281/1/4253 4280/1/4252
f 4282/1/4254 4284/1/4256 4273/1/4245 4272/1/4244
f 4281/1/4253 4270/1/4242 4274/1/4246
f 4282/1/4254 4272/1/4244 4277/1/4249
f 4283/1/4255 4287/1/4259 4275/1/4247 4284/1/4256
f 4286/1/4258 4285/1/4257 4276/1/4248 4280/1/4252
f 4275/1/4247 4287/1/4259 4274/1/4246
f 4276/1/4248 4285/1/4257 4268/1/4240
f 4286/1/4258 4280/1/4252 4281/1/4253 4287/1/4259
f 4080/1/4052 4266/1/4238 4288/1/4260 4103/1/4075
f 4266/1/4238 4267/1/4239 4289/1/4261 4288/1/4260
f 4290/1/4262 4289/1/4261 4278/1/4250 4279/1/4251
f 4278/1/4250 4289/1/4261 4267/1/4239
f 4291/1/4263 4285/1/4257 4286/1/4258 4292/1/4264
f 4286/1/4258 4287/1/4259 4293/1/4265 4292/1/4264
f 4109/1/4081 4103/1/4075 4288/1/4260 4294/1/4266
f 4293/1/4265 4287/1/4259 4283/1/4255
f 4091/1/4063 4111/1/4083 4296/1/4268 4277/1/4249
f 4294/1/4266 4288/1/4260 4289/1/4261 4290/1/4262
f 4295/1/4267 4297/1/4269 4282/1/4254 4296/1/4268
f 4297/1/4269 4300/1/4272 4284/1/4256 4282/1/4254
f 4299/1/4271 4298/1/4270 4291/1/4263 4292/1/4264
f 4284/1/4256 4300/1/4272 4283/1/4255
f 4291/1/4263 4298/1/4270 4279/1/4251
f 4299/1/4271 4292/1/4264 4293/1/4265 4300/1/4272
f 4110/1/4082 4295/1/4267 4296/1/4268 4111/1/4083
f 4290/1/4262 4298/1/4270 4304/1/4276 4301/1/4273
f 4303/1/4275 4297/1/4269 4295/1/4267
f 4302/1/4274 4301/1/4273 4304/1/4276 4305/1/4277
f 4304/1/4276 4298/1/4270 4299/1/4271 4305/1/4277
f 4302/1/4274 4305/1/4277 4306/1/4278 4303/1/4275
f 4299/1/4271 4300/1/4272 4306/1/4278 4305/1/4277
f 4297/1/4269 4303/1/4275 4306/1/4278 4300/1/4272
f 4109/1/4081 4294/1/4266 4307/1/4279 4121/1/4093
f 4121/1/4093 4307/1/4279 4308/1/4280 4122/1/4094
f 4123/1/4095 4122/1/4094 4308/1/4280 4309/1/4281
f 4123/1/4095 4309/1/4281 4295/1/4267 4110/1/4082
f 4294/1/4266 4301/1/4273 4310/1/4282 4307/1/4279
f 4308/1/4280 4307/1/4279 4310/1/4282 4311/1/4283
f 4310/1/4282 4301/1/4273 4302/1/4274 4311/1/4283
f 4308/1/4280 4311/1/4283 4312/1/4284 4309/1/4281
f 4302/1/4274 4303/1/4275 4312/1/4284 4311/1/4283
f 4295/1/4267 4309/1/4281 4312/1/4284 4303/1/4275
f 3838/439/3810 3483/440/3455 3458/441/3430 3805/442/3777
f 4340/443/4312 3805/442/3777 4327/444/4299 4325/445/4297 3790/446/3762
f 4327/444/4299 3805/442/3777 3458/441/3430
f 3483/440/3455 3838/439/3810 4355/447/4327 4330/448/4302
f 4355/447/4327 4357/449/4329 4333/450/4305 4330/448/4302
f 4333/450/4305 4357/449/4329 4358/451/4330 4334/452/4306
f 4334/452/4306 4358/451/4330 3857/453/3829 4335/454/4307
f 4359/455/4331 4332/456/4304 4335/454/4307 3857/453/3829
f 4331/117/4303 4332/456/4304 4359/455/4331 4356/118/4328
f 3841/121/3813 4329/120/4301 4331/117/4303 4354/119/4326
f 4328/457/4300 3488/123/3460 4353/122/4325 4352/458/4324
f 4341/459/4313 4326/460/4298 4328/457/4300 4352/458/4324
f 4338/461/4310 4324/462/4296 4326/460/4298 4341/459/4313
f 4336/463/4308 3425/464/3397 4324/462/4296 4338/461/4310
f 3821/465/3793 4322/466/4294 3425/464/3397 4336/463/4308
f 3821/465/3793 3818/467/3790 4319/468/4291 4321/469/4293 4322/466/4294
f 3381/470/3353 4319/468/4291 3818/467/3790 4348/471/4320 4317/472/4289
f 3811/473/3783 3373/474/3345 4317/472/4289 4348/471/4320
f 3811/473/3783 4342/475/4314 4314/476/4286 3373/474/3345
f 4314/476/4286 4342/475/4314 4344/477/4316 4313/478/4285
f 4313/478/4285 4344/477/4316 4343/479/4315 3322/480/3294
f 4347/481/4319 4315/482/4287 3322/480/3294 4343/479/4315
f 4345/483/4317 3371/484/3343 4315/482/4287 4347/481/4319
f 4345/483/4317 4346/485/4318 4316/486/4288 3371/484/3343
f 4318/487/4290 4316/486/4288 4346/485/4318 4349/488/4321
f 4318/487/4290 4349/488/4321 4350/489/4322 4320/490/4292
f 3819/491/3791 4351/492/4323 3387/493/3359 4320/490/4292 4350/489/4322
f 3426/494/3398 3387/493/3359 4351/492/4323 4337/495/4309 4339/127/4311 4323/126/4295
f 4363/28/4335 4361/29/4333 4362/128/4334 4365/129/4337
f 4366/31/4338 4364/32/4336 4365/129/4337 4369/130/4341
f 4370/35/4342 4368/36/4340 4369/130/4341 4373/131/4345
f 4362/496/4334 4373/497/4345 4369/498/4341 4365/499/4337
f 4360/40/4332 4372/38/4344 4373/131/4345 4362/144/4334
f 4367/351/4339 4368/352/4340 4370/353/4342 4371/354/4343 4372/345/4344 4360/346/4332 4361/347/4333 4363/348/4335 4364/349/4336 4366/350/4338
f 4377/132/4349 4375/29/4347 4374/51/4346 4386/340/4358
f 4378/32/4350 4376/28/4348 4377/132/4349 4381/133/4353
f 4382/36/4354 4380/33/4352 4381/133/4353 4384/134/4356
f 4385/39/4357 4383/35/4355 4384/134/4356 4386/135/4358
f 4377/500/4349 4386/501/4358 4384/502/4356 4381/503/4353
f 4380/351/4352 4382/352/4354 4383/353/4355 4385/354/4357 4387/345/4359 4374/346/4346 4375/347/4347 4376/348/4348 4378/349/4350 4379/350/4351
f 4391/28/4363 4389/29/4361 4390/136/4362 4392/137/4364
f 4397/138/4369 4395/33/4367 4394/31/4366 4392/137/4364
f 4400/139/4372 4398/35/4370 4396/36/4368 4397/138/4369
f 4400/504/4372 4397/505/4369 4392/506/4364 4390/507/4362 4402/508/4374
f 4402/509/4374 4401/38/4373 4399/39/4371 4400/139/4372
f 4388/40/4360 4401/38/4373 4402/509/4374 4390/144/4362
f 4395/351/4367 4396/377/4368 4398/510/4370 4399/511/4371 4401/378/4373 4388/346/4360 4389/379/4361 4391/512/4363 4393/513/4365 4394/380/4366
f 4405/29/4377 4403/51/4375 4404/340/4376 4407/140/4379
f 4408/32/4380 4406/28/4378 4407/140/4379 4410/141/4382
f 4413/142/4385 4411/33/4383 4409/31/4381 4410/141/4382
f 4417/143/4389 4414/35/4386 4412/36/4384 4413/142/4385
f 4404/383/4376 4417/514/4389 4413/515/4385 4410/516/4382 4407/517/4379
f 4423/145/4395 4420/29/4392 4418/51/4390 4419/340/4391
f 4408/513/4380 4409/380/4381 4411/351/4383 4412/377/4384 4414/510/4386 4415/511/4387 4416/378/4388 4403/346/4375 4405/379/4377 4406/512/4378
f 4425/396/4397 4424/31/4396 4422/32/4394 4423/145/4395
f 4426/33/4398 4424/31/4396 4425/396/4397 4428/146/4400
f 4429/35/4401 4427/36/4399 4428/146/4400 4431/147/4403
f 4419/518/4391 4431/519/4403 4428/520/4400 4425/78/4397 4423/521/4395
f 4435/29/4407 4433/51/4405 4434/340/4406 4437/149/4409
f 4429/353/4401 4430/354/4402 4432/378/4404 4418/346/4390 4420/379/4392 4421/348/4393 4422/349/4394 4424/380/4396 4426/351/4398 4427/377/4399
f 4438/32/4410 4436/28/4408 4437/149/4409 4440/150/4412
f 4443/151/4415 4441/33/4413 4439/31/4411 4440/150/4412
f 4444/35/4416 4442/36/4414 4443/151/4415 4446/48/4418
f 4434/522/4406 4446/360/4418 4443/523/4415 4440/524/4412 4437/525/4409
f 4434/152/4406 4447/38/4419 4445/39/4417 4446/48/4418
f 4450/29/4422 4448/51/4420 4449/340/4421 4453/153/4425
f 4441/351/4413 4442/377/4414 4444/353/4416 4445/354/4417 4447/378/4419 4433/346/4405 4435/379/4407 4436/348/4408 4438/349/4410 4439/380/4411
f 4454/31/4426 4452/32/4424 4453/153/4425 4456/154/4428
f 4457/36/4429 4455/33/4427 4456/154/4428 4459/155/4431
f 4460/39/4432 4458/35/4430 4459/155/4431 4449/156/4421
f 4456/526/4428 4453/527/4425 4449/528/4421 4459/529/4431
f 4455/351/4427 4457/352/4429 4458/398/4430 4460/367/4432 4461/345/4433 4448/346/4420 4450/347/4422 4451/368/4423 4452/397/4424 4454/350/4426
f 4467/158/4439 4465/28/4437 4463/29/4435 4464/157/4436
f 4468/31/4440 4466/32/4438 4467/158/4439 4470/159/4442
f 4472/160/4444 4471/36/4443 4469/33/4441 4470/159/4442
f 4464/530/4436 4472/531/4444 4470/532/4442 4467/533/4439
f 4464/161/4436 4475/38/4447 4474/39/4446 4472/160/4444
f 4469/351/4441 4471/352/4443 4473/398/4445 4474/367/4446 4475/345/4447 4462/346/4434 4463/347/4435 4465/368/4437 4466/397/4438 4468/350/4440
f 4478/29/4450 4476/51/4448 4477/340/4449 4480/162/4452
f 4481/32/4453 4479/28/4451 4480/162/4452 4484/163/4456
f 4485/36/4457 4483/33/4455 4484/163/4456 4487/164/4459
f 4488/39/4460 4486/35/4458 4487/164/4459 4477/165/4449
f 4487/534/4459 4484/535/4456 4480/536/4452 4477/537/4449
f 4483/365/4455 4485/352/4457 4486/398/4458 4488/367/4460 4489/345/4461 4476/346/4448 4478/347/4450 4479/368/4451 4481/397/4453 4482/350/4454
f 4494/32/4466 4492/28/4464 4493/166/4465 4497/167/4467
f 4498/36/4457 4496/33/4455 4497/167/4467 4500/168/4469
f 4501/39/4470 4499/35/4468 4500/168/4469 4503/169/4472
f 4493/538/4465 4503/539/4472 4500/540/4469 4497/541/4467
f 4490/40/4462 4502/38/4471 4503/169/4472 4493/144/4465
f 4508/170/4477 4506/29/4475 4504/51/4473 4505/340/4474
f 4499/398/4468 4501/367/4470 4502/345/4471 4490/346/4462 4491/347/4463 4492/368/4464 4494/397/4466 4495/350/4454 4496/365/4455 4498/352/4457
f 4509/32/4478 4507/28/4476 4508/170/4477 4511/171/4480
f 4512/33/4481 4510/31/4479 4511/171/4480 4515/172/4484
f 4516/39/4485 4514/35/4483 4515/172/4484 4505/173/4474
f 4511/542/4480 4508/543/4477 4505/544/4474 4515/545/4484
f 4517/345/4486 4504/346/4473 4506/347/4475 4507/348/4476 4509/349/4478 4510/350/4479 4512/351/4481 4513/352/4482 4514/353/4483 4516/354/4485
f 4521/28/4490 4519/29/4488 4520/174/4489 4523/158/4492
f 4525/175/4494 4524/31/4493 4522/32/4491 4523/158/4492
f 4530/48/4499 4528/35/4497 4527/36/4496 4525/175/4494
f 4530/360/4499 4525/546/4494 4523/547/4492 4520/548/4489
f 4531/38/4500 4529/39/4498 4530/48/4499 4520/176/4489
f 4526/351/4495 4527/352/4496 4528/353/4497 4529/354/4498 4531/345/4500 4518/346/4487 4519/347/4488 4521/348/4490 4522/349/4491 4524/350/4493
f 4534/29/4503 4532/51/4501 4533/340/4502 4536/177/4505
f 4537/32/4506 4535/28/4504 4536/177/4505 4539/178/4508
f 4542/179/4511 4540/33/4509 4538/31/4507 4539/178/4508
f 4546/180/4515 4543/35/4512 4541/36/4510 4542/179/4511
f 4546/549/4515 4542/550/4511 4539/551/4508 4536/552/4505 4533/383/4502
f 4545/378/4514 4532/346/4501 4534/379/4503 4535/348/4504 4537/349/4506 4538/380/4507 4540/351/4509 4541/377/4510 4543/353/4512 4544/354/4513
f 4549/29/4518 4547/51/4516 4548/340/4517 4551/162/4520
f 4552/32/4521 4550/28/4519 4551/162/4520 4555/181/4524
f 4556/36/4525 4554/33/4523 4555/181/4524 4558/182/4527
f 4559/39/4528 4557/35/4526 4558/182/4527 4548/183/4517
f 4555/553/4524 4551/536/4520 4548/554/4517 4558/555/4527
f 4554/351/4523 4556/377/4525 4557/353/4526 4559/354/4528 4560/378/4529 4547/346/4516 4549/379/4518 4550/348/4519 4552/349/4521 4553/380/4522
